time,temperature_max,temperature_min,precipitation,wind_speed,wind_direction,cloud_cover,dew_point,humidity,temperature_mean,sunrise,sunset,pressure
2015-01-01,21.3,12.0,0.0,8.9,66,83,10.0,68,16.3,2015-01-01 07:13:00,2015-01-01 17:35:00,991.6
2015-01-02,17.2,14.2,4.2,11.2,73,98,12.4,83,15.3,2015-01-02 07:14:00,2015-01-02 17:35:00,992.5
2015-01-03,17.9,14.0,0.1,9.0,312,97,12.8,84,15.6,2015-01-03 07:14:00,2015-01-03 17:36:00,992.0
2015-01-04,19.1,10.9,0.0,13.5,317,35,10.3,78,14.4,2015-01-04 07:14:00,2015-01-04 17:37:00,993.7
2015-01-05,20.7,9.6,0.0,27.0,302,0,9.2,74,14.3,2015-01-05 07:14:00,2015-01-05 17:38:00,990.8
2015-01-06,20.6,10.5,0.0,21.7,303,45,10.3,75,15.1,2015-01-06 07:14:00,2015-01-06 17:38:00,989.8
2015-01-07,18.1,10.0,0.0,11.3,342,46,9.8,79,13.8,2015-01-07 07:14:00,2015-01-07 17:39:00,990.0
2015-01-08,19.6,6.9,0.0,9.4,322,6,9.4,80,13.0,2015-01-08 07:14:00,2015-01-08 17:40:00,992.1
2015-01-09,18.7,6.3,0.0,9.4,335,34,9.2,83,12.4,2015-01-09 07:15:00,2015-01-09 17:41:00,993.6
2015-01-10,18.1,7.4,0.0,13.8,302,34,8.5,81,11.9,2015-01-10 07:15:00,2015-01-10 17:41:00,992.8
2015-01-11,18.1,6.9,0.0,11.8,331,57,8.9,84,11.7,2015-01-11 07:15:00,2015-01-11 17:42:00,992.9
2015-01-12,17.7,6.0,0.0,9.7,84,78,8.9,87,11.3,2015-01-12 07:15:00,2015-01-12 17:43:00,993.1
2015-01-13,17.6,6.6,0.0,12.2,130,50,9.0,87,11.2,2015-01-13 07:15:00,2015-01-13 17:44:00,991.6
2015-01-14,16.8,10.1,4.1,19.7,120,40,10.3,85,12.9,2015-01-14 07:15:00,2015-01-14 17:45:00,990.9
2015-01-15,18.3,7.7,0.0,8.3,329,49,9.0,84,12.0,2015-01-15 07:14:00,2015-01-15 17:45:00,993.4
2015-01-16,19.5,7.7,0.0,9.3,314,9,9.1,78,13.3,2015-01-16 07:14:00,2015-01-16 17:46:00,993.3
2015-01-17,20.3,8.1,0.0,9.9,310,12,9.8,79,13.8,2015-01-17 07:14:00,2015-01-17 17:47:00,993.4
2015-01-18,20.4,7.7,0.0,8.7,317,0,8.9,76,13.7,2015-01-18 07:14:00,2015-01-18 17:48:00,992.9
2015-01-19,19.7,6.2,0.0,8.3,339,9,8.1,75,13.1,2015-01-19 07:14:00,2015-01-19 17:49:00,992.8
2015-01-20,19.2,6.3,0.0,12.4,120,33,8.8,79,12.7,2015-01-20 07:14:00,2015-01-20 17:50:00,993.7
2015-01-21,16.3,9.9,3.8,17.0,104,58,9.2,81,12.6,2015-01-21 07:13:00,2015-01-21 17:50:00,995.2
2015-01-22,15.6,11.2,17.0,14.1,101,86,10.7,87,12.8,2015-01-22 07:13:00,2015-01-22 17:51:00,994.4
2015-01-23,17.9,11.1,0.0,9.6,353,92,11.1,83,14.1,2015-01-23 07:13:00,2015-01-23 17:52:00,994.0
2015-01-24,17.4,10.9,0.0,11.8,297,78,10.7,80,14.4,2015-01-24 07:12:00,2015-01-24 17:53:00,994.2
2015-01-25,17.5,9.2,0.0,9.2,308,70,9.1,75,13.7,2015-01-25 07:12:00,2015-01-25 17:54:00,994.5
2015-01-26,18.1,8.1,0.0,9.0,348,64,8.5,74,13.3,2015-01-26 07:12:00,2015-01-26 17:54:00,994.0
2015-01-27,17.7,8.9,0.0,15.1,319,26,6.9,69,12.9,2015-01-27 07:11:00,2015-01-27 17:55:00,993.6
2015-01-28,17.2,6.9,0.0,15.1,305,7,6.5,74,11.4,2015-01-28 07:11:00,2015-01-28 17:56:00,992.1
2015-01-29,17.8,4.8,0.0,16.8,305,0,4.6,68,11.0,2015-01-29 07:10:00,2015-01-29 17:57:00,993.0
2015-01-30,18.7,5.4,0.0,18.7,302,0,5.1,66,11.8,2015-01-30 07:10:00,2015-01-30 17:58:00,994.6
2015-01-31,19.9,7.7,0.0,16.0,298,12,6.1,65,13.1,2015-01-31 07:09:00,2015-01-31 17:59:00,992.1
2015-02-01,20.7,7.0,0.0,9.9,106,58,8.8,74,13.9,2015-02-01 07:09:00,2015-02-01 17:59:00,991.9
2015-02-02,21.7,11.0,1.2,21.0,111,32,11.2,75,15.8,2015-02-02 07:08:00,2015-02-02 18:00:00,992.0
2015-02-03,21.9,13.3,13.2,19.5,97,32,12.9,78,17.0,2015-02-03 07:08:00,2015-02-03 18:01:00,994.3
2015-02-04,19.9,10.0,0.0,14.6,304,48,11.3,86,13.9,2015-02-04 07:07:00,2015-02-04 18:02:00,996.6
2015-02-05,20.5,9.2,0.0,13.5,302,8,9.4,76,14.1,2015-02-05 07:07:00,2015-02-05 18:03:00,993.7
2015-02-06,20.7,7.1,0.0,9.2,349,23,7.9,72,13.5,2015-02-06 07:06:00,2015-02-06 18:04:00,993.0
2015-02-07,22.1,7.8,0.0,8.7,41,11,8.5,69,14.8,2015-02-07 07:05:00,2015-02-07 18:04:00,991.7
2015-02-08,22.3,9.8,2.1,9.0,344,24,10.0,73,15.3,2015-02-08 07:05:00,2015-02-08 18:05:00,991.5
2015-02-09,23.1,10.0,0.0,14.1,324,0,10.0,71,15.8,2015-02-09 07:04:00,2015-02-09 18:06:00,994.0
2015-02-10,22.1,9.5,0.0,14.5,314,15,8.2,67,15.1,2015-02-10 07:03:00,2015-02-10 18:07:00,994.3
2015-02-11,22.0,7.9,0.0,9.4,311,17,7.6,64,14.8,2015-02-11 07:02:00,2015-02-11 18:07:00,991.6
2015-02-12,22.1,8.6,0.0,13.3,317,1,9.0,69,15.2,2015-02-12 07:02:00,2015-02-12 18:08:00,990.6
2015-02-13,24.3,9.7,0.0,16.6,296,0,8.6,63,16.7,2015-02-13 07:01:00,2015-02-13 18:09:00,987.8
2015-02-14,26.5,11.4,0.0,9.4,9,0,11.1,63,18.8,2015-02-14 07:00:00,2015-02-14 18:10:00,985.0
2015-02-15,25.4,11.2,0.0,7.9,23,28,12.4,71,18.4,2015-02-15 06:59:00,2015-02-15 18:10:00,987.1
2015-02-16,26.2,13.9,0.0,21.9,121,21,13.8,70,19.8,2015-02-16 06:58:00,2015-02-16 18:11:00,988.8
2015-02-17,26.5,15.8,1.6,15.7,101,21,15.2,74,20.4,2015-02-17 06:58:00,2015-02-17 18:12:00,987.3
2015-02-18,26.1,15.6,12.0,21.3,91,30,15.1,77,19.7,2015-02-18 06:57:00,2015-02-18 18:13:00,986.9
2015-02-19,26.7,14.4,1.6,25.1,104,37,15.8,78,20.1,2015-02-19 06:56:00,2015-02-19 18:13:00,987.4
2015-02-20,27.0,17.0,0.0,18.7,100,34,16.2,74,21.2,2015-02-20 06:55:00,2015-02-20 18:14:00,988.6
2015-02-21,26.5,15.0,0.0,17.8,319,1,15.7,75,20.7,2015-02-21 06:54:00,2015-02-21 18:15:00,989.4
2015-02-22,27.1,15.4,0.0,21.5,303,22,14.2,69,20.6,2015-02-22 06:53:00,2015-02-22 18:15:00,988.6
2015-02-23,26.4,13.5,0.0,9.5,341,77,15.6,77,20.2,2015-02-23 06:52:00,2015-02-23 18:16:00,989.7
2015-02-24,27.2,14.3,0.1,12.2,116,98,16.8,79,21.0,2015-02-24 06:51:00,2015-02-24 18:17:00,986.6
2015-02-25,27.2,16.8,5.2,14.3,102,64,17.4,79,21.5,2015-02-25 06:50:00,2015-02-25 18:17:00,984.2
2015-02-26,24.5,13.7,0.0,11.3,328,21,11.7,69,18.7,2015-02-26 06:49:00,2015-02-26 18:18:00,984.8
2015-02-27,23.6,12.1,0.0,12.6,356,23,10.0,68,17.0,2015-02-27 06:48:00,2015-02-27 18:19:00,987.5
2015-02-28,25.4,11.4,0.2,13.5,25,41,8.5,56,18.2,2015-02-28 06:47:00,2015-02-28 18:19:00,988.3
2015-03-01,19.3,16.1,22.9,30.8,119,97,14.1,83,17.1,2015-03-01 06:46:00,2015-03-01 18:20:00,985.8
2015-03-02,19.5,14.4,22.8,28.8,133,82,15.1,93,16.3,2015-03-02 06:45:00,2015-03-02 18:21:00,987.1
2015-03-03,19.6,12.6,1.0,9.4,326,55,13.1,86,15.7,2015-03-03 06:44:00,2015-03-03 18:21:00,988.6
2015-03-04,21.6,9.7,0.0,15.9,311,1,9.4,72,15.2,2015-03-04 06:43:00,2015-03-04 18:22:00,988.4
2015-03-05,23.7,9.0,0.0,9.4,7,5,10.4,70,16.5,2015-03-05 06:42:00,2015-03-05 18:23:00,990.2
2015-03-06,24.9,12.6,0.0,10.8,346,9,12.0,70,18.2,2015-03-06 06:41:00,2015-03-06 18:23:00,991.3
2015-03-07,25.5,11.7,10.5,11.3,48,35,13.5,76,18.3,2015-03-07 06:40:00,2015-03-07 18:24:00,989.4
2015-03-08,24.0,14.2,0.9,18.8,112,24,14.4,79,18.3,2015-03-08 06:39:00,2015-03-08 18:25:00,989.6
2015-03-09,22.4,11.8,3.9,16.1,338,10,10.2,70,16.6,2015-03-09 06:38:00,2015-03-09 18:25:00,994.9
2015-03-10,23.1,9.6,0.0,13.8,313,17,10.0,69,16.1,2015-03-10 06:37:00,2015-03-10 18:26:00,994.4
2015-03-11,24.7,10.6,0.0,11.5,312,30,11.1,70,17.4,2015-03-11 06:35:00,2015-03-11 18:26:00,992.7
2015-03-12,26.5,10.1,0.0,10.0,330,55,11.5,67,18.5,2015-03-12 06:34:00,2015-03-12 18:27:00,992.3
2015-03-13,25.9,13.9,2.9,10.2,22,68,14.3,76,19.0,2015-03-13 06:33:00,2015-03-13 18:28:00,989.7
2015-03-14,26.1,14.3,4.1,13.0,168,85,15.7,79,20.0,2015-03-14 06:32:00,2015-03-14 18:28:00,990.5
2015-03-15,22.5,16.0,20.6,19.0,131,95,16.1,88,18.2,2015-03-15 06:31:00,2015-03-15 18:29:00,989.9
2015-03-16,22.7,15.2,6.7,19.6,121,59,15.8,87,18.2,2015-03-16 06:30:00,2015-03-16 18:29:00,991.6
2015-03-17,25.1,14.2,0.0,17.7,315,32,14.5,76,19.3,2015-03-17 06:29:00,2015-03-17 18:30:00,991.3
2015-03-18,24.7,13.6,0.0,18.6,298,9,12.9,70,18.9,2015-03-18 06:27:00,2015-03-18 18:30:00,988.5
2015-03-19,26.3,12.2,0.0,11.2,311,15,12.5,69,19.2,2015-03-19 06:26:00,2015-03-19 18:31:00,989.7
2015-03-20,27.8,12.4,0.0,11.0,322,20,13.0,67,20.3,2015-03-20 06:25:00,2015-03-20 18:32:00,990.0
2015-03-21,29.2,14.8,0.0,10.3,331,9,15.3,69,22.0,2015-03-21 06:24:00,2015-03-21 18:32:00,990.4
2015-03-22,30.2,16.8,0.0,18.3,306,45,14.9,63,23.2,2015-03-22 06:23:00,2015-03-22 18:33:00,988.2
2015-03-23,31.1,17.6,0.0,14.9,314,13,15.6,62,24.0,2015-03-23 06:22:00,2015-03-23 18:33:00,985.8
2015-03-24,32.2,15.6,0.0,10.9,341,10,15.9,64,24.2,2015-03-24 06:21:00,2015-03-24 18:34:00,985.8
2015-03-25,32.5,17.2,0.0,10.0,66,45,16.3,61,25.2,2015-03-25 06:19:00,2015-03-25 18:34:00,987.7
2015-03-26,33.6,20.2,0.0,8.9,351,60,16.7,58,26.8,2015-03-26 06:18:00,2015-03-26 18:35:00,988.8
2015-03-27,33.8,21.8,0.0,11.6,338,26,17.0,56,27.3,2015-03-27 06:17:00,2015-03-27 18:36:00,988.5
2015-03-28,34.1,16.4,0.0,8.9,3,34,13.5,52,25.6,2015-03-28 06:16:00,2015-03-28 18:36:00,985.9
2015-03-29,32.2,20.7,0.4,20.1,119,89,14.6,52,25.7,2015-03-29 06:15:00,2015-03-29 18:37:00,983.7
2015-03-30,27.1,19.5,5.1,24.5,110,70,17.4,75,22.2,2015-03-30 06:14:00,2015-03-30 18:37:00,985.5
2015-03-31,28.0,17.4,0.1,14.2,99,28,16.6,70,23.0,2015-03-31 06:12:00,2015-03-31 18:38:00,986.2
2015-04-01,30.8,17.9,0.6,15.4,80,55,16.6,66,24.3,2015-04-01 06:11:00,2015-04-01 18:38:00,983.8
2015-04-02,33.3,19.2,0.0,14.9,124,30,16.0,56,26.6,2015-04-02 06:10:00,2015-04-02 18:39:00,981.0
2015-04-03,30.1,19.1,10.8,15.2,150,78,18.0,72,23.5,2015-04-03 06:09:00,2015-04-03 18:39:00,979.8
2015-04-04,25.1,18.6,17.8,13.0,120,64,17.7,83,20.9,2015-04-04 06:08:00,2015-04-04 18:40:00,980.5
2015-04-05,28.5,15.5,0.0,8.9,30,12,15.5,68,22.4,2015-04-05 06:07:00,2015-04-05 18:40:00,982.8
2015-04-06,30.0,16.2,0.0,9.9,337,14,14.1,58,23.8,2015-04-06 06:05:00,2015-04-06 18:41:00,983.4
2015-04-07,27.7,16.9,5.5,10.9,36,29,15.3,67,22.3,2015-04-07 06:04:00,2015-04-07 18:42:00,985.5
2015-04-08,30.0,16.6,0.3,9.7,345,7,14.9,62,23.5,2015-04-08 06:03:00,2015-04-08 18:42:00,987.3
2015-04-09,31.0,17.0,0.0,14.9,311,0,13.8,57,24.0,2015-04-09 06:02:00,2015-04-09 18:43:00,986.1
2015-04-10,33.0,17.7,0.0,14.1,313,7,13.4,51,25.4,2015-04-10 06:01:00,2015-04-10 18:43:00,984.7
2015-04-11,34.1,18.2,0.1,9.4,333,54,13.3,49,26.1,2015-04-11 06:00:00,2015-04-11 18:44:00,984.5
2015-04-12,29.2,20.2,0.0,15.8,136,84,14.9,56,24.4,2015-04-12 05:59:00,2015-04-12 18:44:00,987.7
2015-04-13,29.2,18.9,7.1,17.1,95,44,17.2,70,23.6,2015-04-13 05:58:00,2015-04-13 18:45:00,989.2
2015-04-14,29.7,19.1,0.6,13.7,98,23,17.8,70,24.2,2015-04-14 05:57:00,2015-04-14 18:46:00,988.8
2015-04-15,31.6,19.3,0.0,16.5,107,13,17.3,63,25.6,2015-04-15 05:56:00,2015-04-15 18:46:00,988.6
2015-04-16,31.4,20.5,0.0,11.9,57,18,17.6,62,26.1,2015-04-16 05:55:00,2015-04-16 18:47:00,989.9
2015-04-17,34.9,19.7,0.0,18.5,310,3,16.4,56,27.4,2015-04-17 05:54:00,2015-04-17 18:47:00,984.5
2015-04-18,37.1,21.0,0.0,12.4,311,26,15.3,46,29.6,2015-04-18 05:53:00,2015-04-18 18:48:00,979.1
2015-04-19,39.4,21.2,0.0,12.1,184,20,14.0,39,31.3,2015-04-19 05:52:00,2015-04-19 18:48:00,980.1
2015-04-20,38.7,24.6,0.1,16.1,116,6,14.9,38,31.5,2015-04-20 05:51:00,2015-04-20 18:49:00,982.4
2015-04-21,38.6,22.4,0.0,19.3,317,2,11.8,36,31.0,2015-04-21 05:50:00,2015-04-21 18:50:00,981.9
2015-04-22,38.2,22.1,0.0,18.1,304,0,7.2,27,30.3,2015-04-22 05:49:00,2015-04-22 18:50:00,980.0
2015-04-23,38.7,21.6,0.0,10.7,344,5,6.4,24,30.7,2015-04-23 05:48:00,2015-04-23 18:51:00,980.4
2015-04-24,39.3,22.4,0.0,10.2,57,4,7.8,27,31.4,2015-04-24 05:47:00,2015-04-24 18:51:00,980.9
2015-04-25,37.0,23.5,0.3,25.6,112,10,12.6,36,29.8,2015-04-25 05:46:00,2015-04-25 18:52:00,981.8
2015-04-26,34.4,23.2,0.0,24.4,108,2,16.3,49,28.6,2015-04-26 05:45:00,2015-04-26 18:52:00,984.5
2015-04-27,36.5,23.8,0.9,21.1,115,28,17.4,50,29.6,2015-04-27 05:44:00,2015-04-27 18:53:00,983.8
2015-04-28,37.2,24.1,3.9,18.8,98,18,17.3,50,29.9,2015-04-28 05:43:00,2015-04-28 18:54:00,981.4
2015-04-29,36.6,23.2,0.0,14.9,100,10,15.7,46,29.9,2015-04-29 05:42:00,2015-04-29 18:54:00,981.7
2015-04-30,38.1,22.8,1.1,27.3,116,4,16.7,46,30.6,2015-04-30 05:41:00,2015-04-30 18:55:00,981.0
2015-05-01,36.5,24.1,0.0,21.4,43,15,14.2,40,30.4,2015-05-01 05:40:00,2015-05-01 18:55:00,982.3
2015-05-02,37.3,22.0,0.0,18.0,337,7,8.6,29,30.2,2015-05-02 05:40:00,2015-05-02 18:56:00,982.7
2015-05-03,38.0,21.0,0.0,11.3,352,5,6.6,25,30.3,2015-05-03 05:39:00,2015-05-03 18:57:00,983.2
2015-05-04,38.9,20.9,0.0,11.1,301,2,8.2,28,30.6,2015-05-04 05:38:00,2015-05-04 18:57:00,983.3
2015-05-05,40.0,20.9,0.0,16.3,317,20,9.3,28,31.7,2015-05-05 05:37:00,2015-05-05 18:58:00,981.4
2015-05-06,42.5,22.4,0.0,17.4,292,20,8.8,27,32.7,2015-05-06 05:36:00,2015-05-06 18:58:00,979.1
2015-05-07,42.7,24.1,0.0,21.6,291,13,8.6,25,33.7,2015-05-07 05:36:00,2015-05-07 18:59:00,980.1
2015-05-08,42.1,26.7,0.0,14.4,292,69,6.0,18,34.7,2015-05-08 05:35:00,2015-05-08 19:00:00,980.2
2015-05-09,40.8,26.8,0.0,11.6,275,27,9.3,23,34.1,2015-05-09 05:34:00,2015-05-09 19:00:00,979.1
2015-05-10,41.7,25.1,0.0,14.7,250,14,9.5,25,33.6,2015-05-10 05:33:00,2015-05-10 19:01:00,978.5
2015-05-11,39.6,25.4,0.8,13.7,336,39,14.3,34,32.9,2015-05-11 05:33:00,2015-05-11 19:02:00,980.2
2015-05-12,36.3,25.8,1.3,24.4,352,51,18.5,48,31.2,2015-05-12 05:32:00,2015-05-12 19:02:00,981.8
2015-05-13,35.7,26.1,5.8,11.0,40,24,21.0,60,30.1,2015-05-13 05:31:00,2015-05-13 19:03:00,982.1
2015-05-14,35.8,24.3,1.3,10.2,312,19,19.6,58,29.6,2015-05-14 05:31:00,2015-05-14 19:03:00,983.6
2015-05-15,36.6,24.4,3.5,16.6,327,23,17.5,50,29.8,2015-05-15 05:30:00,2015-05-15 19:04:00,983.1
2015-05-16,35.9,23.3,0.0,7.4,45,0,18.9,55,30.1,2015-05-16 05:30:00,2015-05-16 19:05:00,980.5
2015-05-17,37.9,24.7,0.0,9.5,126,1,17.9,47,31.6,2015-05-17 05:29:00,2015-05-17 19:05:00,978.3
2015-05-18,41.2,27.6,0.3,11.3,114,22,17.6,39,34.6,2015-05-18 05:29:00,2015-05-18 19:06:00,977.5
2015-05-19,41.5,26.8,1.4,23.7,327,19,13.4,31,34.1,2015-05-19 05:28:00,2015-05-19 19:06:00,978.3
2015-05-20,40.3,26.3,0.0,16.4,301,9,13.4,31,33.5,2015-05-20 05:28:00,2015-05-20 19:07:00,979.0
2015-05-21,41.7,24.6,0.0,18.4,301,1,10.5,27,33.6,2015-05-21 05:27:00,2015-05-21 19:07:00,977.6
2015-05-22,42.6,26.2,0.0,16.4,304,1,8.8,23,34.5,2015-05-22 05:27:00,2015-05-22 19:08:00,975.8
2015-05-23,43.2,25.5,0.0,15.1,264,10,8.5,22,34.6,2015-05-23 05:26:00,2015-05-23 19:09:00,974.0
2015-05-24,42.8,27.1,0.0,15.2,248,12,10.2,23,35.1,2015-05-24 05:26:00,2015-05-24 19:09:00,974.5
2015-05-25,44.1,26.2,0.0,13.6,248,5,7.7,21,35.3,2015-05-25 05:25:00,2015-05-25 19:10:00,974.2
2015-05-26,44.0,27.7,0.0,15.1,276,6,6.3,18,35.4,2015-05-26 05:25:00,2015-05-26 19:10:00,976.3
2015-05-27,41.8,26.1,0.0,16.0,322,0,4.2,17,34.0,2015-05-27 05:25:00,2015-05-27 19:11:00,978.5
2015-05-28,41.2,25.1,0.0,10.5,314,21,7.6,21,34.1,2015-05-28 05:24:00,2015-05-28 19:11:00,977.7
2015-05-29,41.7,27.0,0.0,12.6,320,23,12.1,26,35.1,2015-05-29 05:24:00,2015-05-29 19:12:00,978.2
2015-05-30,41.5,27.7,0.0,14.6,304,8,12.3,27,35.0,2015-05-30 05:24:00,2015-05-30 19:13:00,979.2
2015-05-31,41.5,26.9,0.1,20.5,316,12,11.1,25,34.8,2015-05-31 05:24:00,2015-05-31 19:13:00,978.1
2015-06-01,39.8,25.9,0.2,11.3,136,54,12.4,30,33.3,2015-06-01 05:23:00,2015-06-01 19:14:00,977.6
2015-06-02,37.8,27.2,0.3,11.2,98,62,14.1,35,32.1,2015-06-02 05:23:00,2015-06-02 19:14:00,979.5
2015-06-03,37.9,25.4,0.5,16.2,10,51,16.0,42,31.2,2015-06-03 05:23:00,2015-06-03 19:15:00,980.7
2015-06-04,37.5,24.4,0.0,15.3,328,14,18.0,48,30.8,2015-06-04 05:23:00,2015-06-04 19:15:00,981.1
2015-06-05,37.9,27.2,0.1,13.0,319,19,17.0,40,32.8,2015-06-05 05:23:00,2015-06-05 19:16:00,980.7
2015-06-06,39.0,26.6,0.0,17.1,308,4,14.9,35,33.1,2015-06-06 05:23:00,2015-06-06 19:16:00,978.5
2015-06-07,40.4,26.2,0.0,14.5,306,10,13.8,31,34.3,2015-06-07 05:23:00,2015-06-07 19:17:00,977.0
2015-06-08,42.5,27.0,0.0,15.5,325,18,12.7,28,35.5,2015-06-08 05:22:00,2015-06-08 19:17:00,976.3
2015-06-09,42.6,29.5,0.0,29.3,287,57,12.6,25,36.3,2015-06-09 05:22:00,2015-06-09 19:17:00,976.4
2015-06-10,41.4,30.8,0.5,24.9,290,19,17.3,33,36.3,2015-06-10 05:22:00,2015-06-10 19:18:00,976.8
2015-06-11,40.2,30.8,0.1,21.3,283,31,17.3,34,35.8,2015-06-11 05:22:00,2015-06-11 19:18:00,977.5
2015-06-12,40.6,29.9,0.0,17.9,284,12,17.8,37,35.4,2015-06-12 05:22:00,2015-06-12 19:18:00,975.9
2015-06-13,40.1,30.2,2.4,15.9,223,31,17.5,38,34.1,2015-06-13 05:22:00,2015-06-13 19:19:00,975.8
2015-06-14,32.9,25.6,3.7,9.9,102,38,22.5,69,29.0,2015-06-14 05:23:00,2015-06-14 19:19:00,976.1
2015-06-15,33.9,23.8,5.6,12.4,173,40,22.9,69,29.4,2015-06-15 05:23:00,2015-06-15 19:20:00,976.1
2015-06-16,36.5,27.1,0.0,10.4,290,17,22.6,60,31.9,2015-06-16 05:23:00,2015-06-16 19:20:00,976.4
2015-06-17,37.6,27.8,0.4,8.4,340,12,22.7,58,32.7,2015-06-17 05:23:00,2015-06-17 19:20:00,975.3
2015-06-18,39.1,28.6,0.0,8.4,166,9,20.4,46,34.1,2015-06-18 05:23:00,2015-06-18 19:21:00,974.8
2015-06-19,39.2,29.4,0.1,15.0,130,20,21.5,48,34.5,2015-06-19 05:23:00,2015-06-19 19:21:00,973.7
2015-06-20,37.2,28.8,1.1,22.3,97,23,23.2,58,32.8,2015-06-20 05:23:00,2015-06-20 19:21:00,974.6
2015-06-21,36.4,28.9,1.7,16.6,81,31,23.7,62,32.1,2015-06-21 05:24:00,2015-06-21 19:21:00,974.8
2015-06-22,36.9,26.7,0.6,20.5,79,15,23.2,62,32.0,2015-06-22 05:24:00,2015-06-22 19:22:00,972.9
2015-06-23,38.2,28.6,0.0,15.7,86,14,22.7,56,33.1,2015-06-23 05:24:00,2015-06-23 19:22:00,972.2
2015-06-24,36.4,26.6,16.8,13.9,96,60,24.6,70,31.1,2015-06-24 05:24:00,2015-06-24 19:22:00,972.4
2015-06-25,27.2,25.2,32.6,13.5,20,74,24.6,92,26.1,2015-06-25 05:25:00,2015-06-25 19:22:00,971.2
2015-06-26,34.7,24.6,0.0,16.4,275,10,23.3,70,29.8,2015-06-26 05:25:00,2015-06-26 19:22:00,971.8
2015-06-27,35.9,27.6,0.0,17.4,288,8,24.1,66,31.5,2015-06-27 05:25:00,2015-06-27 19:22:00,973.7
2015-06-28,37.2,28.1,0.4,15.2,280,9,24.2,64,32.4,2015-06-28 05:25:00,2015-06-28 19:22:00,976.6
2015-06-29,33.8,27.0,0.0,19.0,123,24,23.5,67,30.5,2015-06-29 05:26:00,2015-06-29 19:22:00,980.1
2015-06-30,32.9,25.8,0.4,13.1,114,32,22.2,68,28.8,2015-06-30 05:26:00,2015-06-30 19:23:00,979.6
2015-07-01,34.8,25.6,0.8,8.3,206,26,23.7,70,30.1,2015-07-01 05:26:00,2015-07-01 19:23:00,978.6
2015-07-02,36.0,26.7,0.6,11.9,274,15,23.7,68,30.8,2015-07-02 05:27:00,2015-07-02 19:23:00,978.3
2015-07-03,37.2,28.1,0.3,18.9,277,12,24.0,64,32.1,2015-07-03 05:27:00,2015-07-03 19:22:00,977.0
2015-07-04,35.8,27.1,0.6,18.6,278,24,23.7,64,31.8,2015-07-04 05:28:00,2015-07-04 19:22:00,975.2
2015-07-05,37.3,27.5,12.3,23.8,255,45,24.3,68,31.5,2015-07-05 05:28:00,2015-07-05 19:22:00,972.7
2015-07-06,32.6,25.9,6.3,13.1,131,86,25.0,77,29.7,2015-07-06 05:28:00,2015-07-06 19:22:00,973.9
2015-07-07,31.5,24.9,14.6,10.6,92,86,24.6,84,27.6,2015-07-07 05:29:00,2015-07-07 19:22:00,974.5
2015-07-08,31.9,25.4,16.5,9.7,141,96,25.1,84,28.2,2015-07-08 05:29:00,2015-07-08 19:22:00,975.3
2015-07-09,31.8,25.7,18.7,7.8,221,92,25.3,87,27.8,2015-07-09 05:30:00,2015-07-09 19:22:00,975.4
2015-07-10,28.2,25.6,61.6,13.7,99,100,25.3,93,26.5,2015-07-10 05:30:00,2015-07-10 19:22:00,974.8
2015-07-11,28.0,23.9,44.1,15.8,37,100,23.2,91,24.9,2015-07-11 05:31:00,2015-07-11 19:22:00,975.6
2015-07-12,26.9,24.1,6.4,20.0,82,95,23.4,89,25.4,2015-07-12 05:31:00,2015-07-12 19:21:00,974.5
2015-07-13,32.0,24.0,1.6,11.4,236,57,23.9,80,27.9,2015-07-13 05:32:00,2015-07-13 19:21:00,977.3
2015-07-14,32.9,26.2,0.8,19.1,280,36,24.9,77,29.5,2015-07-14 05:32:00,2015-07-14 19:21:00,975.6
2015-07-15,34.8,27.4,0.0,23.6,273,44,24.5,70,30.9,2015-07-15 05:33:00,2015-07-15 19:21:00,971.5
2015-07-16,34.3,26.5,2.3,15.9,244,99,23.7,69,30.3,2015-07-16 05:33:00,2015-07-16 19:20:00,970.8
2015-07-17,31.3,26.2,35.2,14.2,116,95,25.4,86,28.1,2015-07-17 05:34:00,2015-07-17 19:20:00,973.4
2015-07-18,32.7,26.4,5.3,9.3,112,83,25.7,83,29.0,2015-07-18 05:34:00,2015-07-18 19:20:00,974.4
2015-07-19,32.3,26.3,12.5,8.8,85,92,25.6,84,28.7,2015-07-19 05:35:00,2015-07-19 19:19:00,974.2
2015-07-20,30.8,25.5,17.4,9.8,84,99,25.2,88,27.5,2015-07-20 05:35:00,2015-07-20 19:19:00,974.9
2015-07-21,32.1,26.0,3.4,15.6,104,97,25.1,81,28.8,2015-07-21 05:36:00,2015-07-21 19:18:00,976.4
2015-07-22,31.9,26.9,1.8,12.9,102,83,25.6,82,29.0,2015-07-22 05:36:00,2015-07-22 19:18:00,977.5
2015-07-23,32.1,27.2,0.3,18.0,102,68,24.6,76,29.4,2015-07-23 05:37:00,2015-07-23 19:17:00,978.2
2015-07-24,31.5,26.8,5.6,15.5,122,61,24.9,80,28.8,2015-07-24 05:38:00,2015-07-24 19:17:00,977.9
2015-07-25,32.1,26.1,3.2,16.2,102,38,24.9,81,28.7,2015-07-25 05:38:00,2015-07-25 19:16:00,975.8
2015-07-26,31.0,26.4,1.6,30.8,113,69,23.7,77,28.2,2015-07-26 05:39:00,2015-07-26 19:16:00,975.1
2015-07-27,30.7,24.3,0.0,19.9,144,44,22.7,75,27.6,2015-07-27 05:39:00,2015-07-27 19:15:00,976.6
2015-07-28,31.1,24.7,0.2,16.9,158,32,22.7,75,27.7,2015-07-28 05:40:00,2015-07-28 19:15:00,976.9
2015-07-29,29.6,24.9,0.0,23.4,145,47,22.2,74,27.4,2015-07-29 05:40:00,2015-07-29 19:14:00,974.6
2015-07-30,30.2,25.2,2.1,16.3,184,59,23.6,79,27.6,2015-07-30 05:41:00,2015-07-30 19:13:00,975.2
2015-07-31,30.4,25.7,0.5,17.3,216,85,23.2,76,27.8,2015-07-31 05:42:00,2015-07-31 19:13:00,976.0
2015-08-01,29.4,25.4,5.5,10.8,198,94,23.8,84,26.8,2015-08-01 05:42:00,2015-08-01 19:12:00,978.6
2015-08-02,31.2,25.5,2.3,6.2,171,83,24.3,83,27.7,2015-08-02 05:43:00,2015-08-02 19:11:00,980.1
2015-08-03,33.0,25.7,0.7,11.1,295,77,25.1,81,28.8,2015-08-03 05:43:00,2015-08-03 19:11:00,978.7
2015-08-04,33.0,25.7,1.3,10.2,318,47,25.1,80,29.1,2015-08-04 05:44:00,2015-08-04 19:10:00,977.0
2015-08-05,32.3,25.7,7.2,9.4,95,82,26.0,87,28.5,2015-08-05 05:44:00,2015-08-05 19:09:00,975.4
2015-08-06,32.0,26.1,10.8,8.6,161,99,25.6,87,28.0,2015-08-06 05:45:00,2015-08-06 19:08:00,974.8
2015-08-07,32.2,25.9,8.4,8.4,183,100,25.6,89,27.7,2015-08-07 05:45:00,2015-08-07 19:08:00,976.5
2015-08-08,27.5,24.7,29.1,12.8,96,100,24.7,94,25.7,2015-08-08 05:46:00,2015-08-08 19:07:00,978.2
2015-08-09,28.4,24.4,53.0,13.1,293,98,24.8,93,26.0,2015-08-09 05:47:00,2015-08-09 19:06:00,976.6
2015-08-10,31.2,25.5,6.8,7.9,306,98,25.3,88,27.5,2015-08-10 05:47:00,2015-08-10 19:05:00,976.4
2015-08-11,29.4,25.6,11.1,14.9,100,99,25.6,91,27.2,2015-08-11 05:48:00,2015-08-11 19:04:00,978.8
2015-08-12,31.7,25.8,0.5,13.1,123,88,25.0,83,28.3,2015-08-12 05:48:00,2015-08-12 19:04:00,979.9
2015-08-13,33.1,26.2,0.5,8.7,117,84,25.7,83,29.1,2015-08-13 05:49:00,2015-08-13 19:03:00,978.8
2015-08-14,32.0,26.0,6.4,9.7,126,81,25.9,85,28.7,2015-08-14 05:49:00,2015-08-14 19:02:00,978.3
2015-08-15,30.4,26.3,11.1,11.8,95,100,25.7,88,27.9,2015-08-15 05:50:00,2015-08-15 19:01:00,979.1
2015-08-16,29.9,25.4,6.5,5.6,129,89,25.2,89,27.3,2015-08-16 05:50:00,2015-08-16 19:00:00,979.5
2015-08-17,32.7,25.1,0.3,6.6,277,65,25.4,83,28.7,2015-08-17 05:51:00,2015-08-17 18:59:00,978.1
2015-08-18,33.6,26.0,3.2,13.6,276,50,25.8,84,28.9,2015-08-18 05:51:00,2015-08-18 18:58:00,978.5
2015-08-19,33.0,25.8,1.8,19.1,276,25,24.7,78,29.0,2015-08-19 05:52:00,2015-08-19 18:57:00,979.3
2015-08-20,32.0,26.7,0.0,20.9,266,22,23.3,71,29.2,2015-08-20 05:53:00,2015-08-20 18:56:00,978.3
2015-08-21,31.8,25.7,0.3,16.4,265,25,23.1,73,28.6,2015-08-21 05:53:00,2015-08-21 18:55:00,978.3
2015-08-22,31.3,25.2,2.6,12.1,280,39,23.2,76,27.9,2015-08-22 05:54:00,2015-08-22 18:54:00,977.6
2015-08-23,32.5,24.5,5.1,10.5,276,37,24.6,82,28.2,2015-08-23 05:54:00,2015-08-23 18:53:00,977.8
2015-08-24,32.9,25.4,0.4,15.0,286,18,23.8,76,28.7,2015-08-24 05:55:00,2015-08-24 18:52:00,978.7
2015-08-25,33.7,26.4,0.0,19.2,286,7,23.6,71,29.6,2015-08-25 05:55:00,2015-08-25 18:51:00,977.8
2015-08-26,33.9,26.6,0.0,15.4,289,12,24.4,72,30.0,2015-08-26 05:56:00,2015-08-26 18:50:00,977.9
2015-08-27,33.3,26.3,1.6,8.7,298,21,25.4,79,29.6,2015-08-27 05:56:00,2015-08-27 18:49:00,978.4
2015-08-28,33.4,25.1,0.7,13.1,67,27,25.7,82,29.3,2015-08-28 05:57:00,2015-08-28 18:48:00,979.2
2015-08-29,33.9,26.5,0.0,12.2,310,25,25.6,78,30.1,2015-08-29 05:57:00,2015-08-29 18:47:00,978.1
2015-08-30,34.3,26.1,0.2,13.9,293,12,24.9,75,30.1,2015-08-30 05:58:00,2015-08-30 18:45:00,977.9
2015-08-31,34.3,26.4,0.0,18.3,292,5,23.2,68,30.1,2015-08-31 05:58:00,2015-08-31 18:44:00,978.6
2015-09-01,34.5,25.6,0.0,19.3,286,3,21.4,63,29.5,2015-09-01 05:59:00,2015-09-01 18:43:00,977.5
2015-09-02,33.8,25.5,0.0,19.2,276,7,19.9,59,29.0,2015-09-02 05:59:00,2015-09-02 18:42:00,978.0
2015-09-03,34.4,25.2,0.0,16.6,293,2,19.4,57,29.1,2015-09-03 06:00:00,2015-09-03 18:41:00,981.0
2015-09-04,34.8,24.0,0.0,14.6,299,6,20.9,61,29.7,2015-09-04 06:00:00,2015-09-04 18:40:00,984.1
2015-09-05,34.8,23.2,0.0,19.4,293,6,19.5,60,28.8,2015-09-05 06:01:00,2015-09-05 18:39:00,983.6
2015-09-06,34.8,23.3,0.0,16.6,286,8,18.8,57,28.7,2015-09-06 06:01:00,2015-09-06 18:37:00,982.5
2015-09-07,34.7,24.2,0.0,16.1,295,6,18.7,55,29.1,2015-09-07 06:02:00,2015-09-07 18:36:00,982.1
2015-09-08,35.1,23.0,0.0,19.5,294,6,19.4,58,29.2,2015-09-08 06:02:00,2015-09-08 18:35:00,981.9
2015-09-09,35.4,23.8,0.0,19.1,311,4,19.2,56,29.4,2015-09-09 06:03:00,2015-09-09 18:34:00,981.9
2015-09-10,35.9,22.1,0.0,15.9,318,2,19.4,60,29.1,2015-09-10 06:03:00,2015-09-10 18:33:00,983.1
2015-09-11,35.4,21.9,0.0,15.2,343,1,19.9,61,29.0,2015-09-11 06:04:00,2015-09-11 18:31:00,982.9
2015-09-12,34.9,22.6,0.3,8.4,88,13,22.2,69,28.9,2015-09-12 06:04:00,2015-09-12 18:30:00,982.6
2015-09-13,35.4,25.1,0.0,8.1,87,62,22.8,69,29.9,2015-09-13 06:05:00,2015-09-13 18:29:00,982.7
2015-09-14,36.3,24.1,0.0,12.4,24,31,21.6,62,30.5,2015-09-14 06:05:00,2015-09-14 18:28:00,980.5
2015-09-15,35.5,24.5,0.0,9.4,93,7,21.7,63,30.2,2015-09-15 06:06:00,2015-09-15 18:27:00,980.1
2015-09-16,35.0,25.7,0.0,10.7,97,11,22.7,66,30.2,2015-09-16 06:06:00,2015-09-16 18:26:00,980.4
2015-09-17,34.4,24.7,0.4,9.5,88,14,23.6,72,29.7,2015-09-17 06:06:00,2015-09-17 18:24:00,981.0
2015-09-18,33.4,26.7,1.6,17.4,85,89,23.5,72,29.3,2015-09-18 06:07:00,2015-09-18 18:23:00,981.5
2015-09-19,32.5,24.6,24.3,10.4,76,62,25.0,84,28.0,2015-09-19 06:07:00,2015-09-19 18:22:00,980.5
2015-09-20,33.7,26.1,5.0,10.0,97,28,25.4,83,28.8,2015-09-20 06:08:00,2015-09-20 18:21:00,979.5
2015-09-21,32.0,25.3,9.5,10.4,120,27,25.1,85,28.1,2015-09-21 06:08:00,2015-09-21 18:20:00,979.2
2015-09-22,32.1,25.2,2.0,18.9,140,32,24.3,79,28.5,2015-09-22 06:09:00,2015-09-22 18:18:00,978.6
2015-09-23,30.5,24.0,0.3,18.6,302,32,21.9,75,27.0,2015-09-23 06:09:00,2015-09-23 18:17:00,982.4
2015-09-24,31.2,23.9,0.0,20.9,287,9,19.8,67,26.9,2015-09-24 06:10:00,2015-09-24 18:16:00,981.3
2015-09-25,31.3,22.4,0.0,16.0,288,7,19.5,67,26.5,2015-09-25 06:10:00,2015-09-25 18:15:00,980.2
2015-09-26,32.5,22.3,0.0,10.5,286,6,19.8,66,27.0,2015-09-26 06:11:00,2015-09-26 18:14:00,981.3
2015-09-27,33.2,22.4,0.0,11.4,311,10,20.0,64,27.8,2015-09-27 06:11:00,2015-09-27 18:12:00,983.1
2015-09-28,32.5,21.5,0.0,10.8,329,0,19.2,66,26.8,2015-09-28 06:12:00,2015-09-28 18:11:00,984.6
2015-09-29,33.0,19.9,0.0,14.7,332,0,18.1,63,26.5,2015-09-29 06:12:00,2015-09-29 18:10:00,986.3
2015-09-30,33.2,20.4,0.0,13.1,325,0,16.6,57,26.5,2015-09-30 06:13:00,2015-09-30 18:09:00,987.4
2015-10-01,33.2,19.6,0.0,9.5,326,0,17.2,60,26.2,2015-10-01 06:13:00,2015-10-01 18:08:00,987.8
2015-10-02,34.1,18.4,0.0,13.8,318,0,16.2,57,26.5,2015-10-02 06:14:00,2015-10-02 18:06:00,986.9
2015-10-03,35.0,19.7,0.0,12.2,311,0,17.2,57,27.4,2015-10-03 06:15:00,2015-10-03 18:05:00,984.6
2015-10-04,35.5,20.2,0.0,8.3,129,1,17.7,57,28.0,2015-10-04 06:15:00,2015-10-04 18:04:00,985.2
2015-10-05,35.3,20.5,0.0,8.9,215,3,17.4,55,28.3,2015-10-05 06:16:00,2015-10-05 18:03:00,985.5
2015-10-06,34.9,20.6,0.0,12.2,321,4,17.2,53,28.3,2015-10-06 06:16:00,2015-10-06 18:02:00,984.8
2015-10-07,34.5,22.1,0.0,12.2,345,3,18.1,56,28.3,2015-10-07 06:17:00,2015-10-07 18:01:00,985.1
2015-10-08,34.9,22.3,0.0,15.2,327,3,17.5,54,28.4,2015-10-08 06:17:00,2015-10-08 18:00:00,983.9
2015-10-09,35.6,21.0,0.0,19.4,295,2,15.7,50,28.3,2015-10-09 06:18:00,2015-10-09 17:59:00,980.8
2015-10-10,36.3,21.3,0.0,17.9,277,0,12.9,40,28.4,2015-10-10 06:18:00,2015-10-10 17:57:00,980.8
2015-10-11,35.5,22.1,0.0,12.7,301,1,14.9,46,28.2,2015-10-11 06:19:00,2015-10-11 17:56:00,984.0
2015-10-12,34.0,21.2,0.0,14.3,121,9,16.5,52,27.8,2015-10-12 06:20:00,2015-10-12 17:55:00,986.2
2015-10-13,32.7,23.6,0.4,16.3,106,19,21.0,69,27.4,2015-10-13 06:20:00,2015-10-13 17:54:00,987.1
2015-10-14,32.9,22.3,7.3,14.5,94,10,21.1,74,26.5,2015-10-14 06:21:00,2015-10-14 17:53:00,989.0
2015-10-15,32.1,21.3,0.0,11.3,91,9,20.2,70,26.6,2015-10-15 06:21:00,2015-10-15 17:52:00,989.8
2015-10-16,32.9,21.8,0.0,9.5,97,7,19.9,68,27.1,2015-10-16 06:22:00,2015-10-16 17:51:00,989.7
2015-10-17,33.4,21.5,0.0,10.0,297,4,19.5,66,27.4,2015-10-17 06:23:00,2015-10-17 17:50:00,988.4
2015-10-18,33.1,22.4,0.0,7.9,121,7,19.6,63,27.9,2015-10-18 06:23:00,2015-10-18 17:49:00,988.9
2015-10-19,34.1,21.9,1.1,8.6,269,17,19.5,64,27.7,2015-10-19 06:24:00,2015-10-19 17:48:00,988.2
2015-10-20,34.0,21.3,0.3,13.8,320,19,16.5,55,27.4,2015-10-20 06:24:00,2015-10-20 17:47:00,986.0
2015-10-21,32.6,20.3,0.0,10.3,333,31,15.1,53,26.2,2015-10-21 06:25:00,2015-10-21 17:46:00,986.8
2015-10-22,31.8,18.3,0.0,14.1,323,0,12.1,48,24.9,2015-10-22 06:26:00,2015-10-22 17:45:00,987.9
2015-10-23,31.6,17.0,0.0,12.6,308,26,12.0,49,24.2,2015-10-23 06:26:00,2015-10-23 17:44:00,987.6
2015-10-24,31.5,18.8,0.0,8.0,12,35,13.7,51,25.0,2015-10-24 06:27:00,2015-10-24 17:43:00,987.0
2015-10-25,32.0,19.9,0.0,15.8,117,9,14.6,52,25.6,2015-10-25 06:28:00,2015-10-25 17:42:00,988.5
2015-10-26,30.8,19.4,1.5,14.4,74,13,15.3,57,25.0,2015-10-26 06:28:00,2015-10-26 17:41:00,990.3
2015-10-27,29.9,18.2,0.0,8.2,337,13,13.7,54,24.0,2015-10-27 06:29:00,2015-10-27 17:40:00,989.8
2015-10-28,27.4,17.0,5.5,17.7,357,52,14.8,72,20.5,2015-10-28 06:30:00,2015-10-28 17:40:00,990.2
2015-10-29,26.5,14.9,0.0,10.2,59,15,13.6,65,20.9,2015-10-29 06:30:00,2015-10-29 17:39:00,991.8
2015-10-30,27.6,15.5,0.0,9.2,75,23,15.1,71,21.4,2015-10-30 06:31:00,2015-10-30 17:38:00,992.3
2015-10-31,28.2,16.2,0.0,7.8,98,2,15.0,66,22.2,2015-10-31 06:32:00,2015-10-31 17:37:00,991.5
2015-11-01,29.2,18.1,0.0,9.2,82,0,15.6,64,23.5,2015-11-01 06:32:00,2015-11-01 17:36:00,991.6
2015-11-02,29.2,17.0,0.0,7.6,34,7,15.9,65,23.5,2015-11-02 06:33:00,2015-11-02 17:36:00,991.3
2015-11-03,28.4,17.9,0.0,10.0,345,15,16.2,67,23.2,2015-11-03 06:34:00,2015-11-03 17:35:00,990.2
2015-11-04,28.8,17.6,0.0,7.4,80,11,15.8,65,23.4,2015-11-04 06:35:00,2015-11-04 17:34:00,988.4
2015-11-05,27.7,19.6,0.2,16.2,105,37,16.3,67,23.0,2015-11-05 06:35:00,2015-11-05 17:33:00,987.8
2015-11-06,27.7,19.3,0.0,8.0,116,47,16.6,68,23.1,2015-11-06 06:36:00,2015-11-06 17:33:00,988.2
2015-11-07,27.9,17.3,0.0,7.2,64,36,16.8,73,22.4,2015-11-07 06:37:00,2015-11-07 17:32:00,989.6
2015-11-08,28.4,18.3,0.0,10.0,71,16,17.3,73,22.9,2015-11-08 06:38:00,2015-11-08 17:31:00,991.1
2015-11-09,28.5,17.6,0.0,8.2,46,20,16.4,69,23.0,2015-11-09 06:38:00,2015-11-09 17:31:00,990.5
2015-11-10,28.9,17.6,0.6,10.8,2,10,15.6,66,22.7,2015-11-10 06:39:00,2015-11-10 17:30:00,989.1
2015-11-11,28.5,17.0,0.0,16.3,317,0,11.8,54,22.2,2015-11-11 06:40:00,2015-11-11 17:30:00,989.7
2015-11-12,28.7,16.9,0.0,13.6,305,4,11.2,52,22.1,2015-11-12 06:41:00,2015-11-12 17:29:00,990.5
2015-11-13,29.6,16.4,0.0,14.3,301,1,13.5,59,22.6,2015-11-13 06:41:00,2015-11-13 17:28:00,990.2
2015-11-14,29.7,17.9,0.0,13.2,301,0,13.8,58,23.2,2015-11-14 06:42:00,2015-11-14 17:28:00,987.9
2015-11-15,29.5,16.1,0.0,7.7,326,7,13.2,56,23.1,2015-11-15 06:43:00,2015-11-15 17:28:00,987.3
2015-11-16,28.7,18.2,1.0,12.8,328,23,12.3,53,22.9,2015-11-16 06:44:00,2015-11-16 17:27:00,987.7
2015-11-17,27.5,14.6,0.0,14.7,311,0,6.6,44,20.4,2015-11-17 06:45:00,2015-11-17 17:27:00,988.4
2015-11-18,26.9,11.3,0.0,10.9,307,0,6.3,47,19.0,2015-11-18 06:45:00,2015-11-18 17:26:00,990.9
2015-11-19,26.7,12.1,0.0,9.9,339,9,9.0,53,19.6,2015-11-19 06:46:00,2015-11-19 17:26:00,992.7
2015-11-20,26.6,12.2,0.0,8.6,342,0,11.0,62,19.3,2015-11-20 06:47:00,2015-11-20 17:26:00,991.3
2015-11-21,26.5,12.2,0.0,8.2,320,2,10.7,60,19.5,2015-11-21 06:48:00,2015-11-21 17:25:00,990.4
2015-11-22,26.5,12.2,0.0,8.7,320,42,10.7,62,19.1,2015-11-22 06:49:00,2015-11-22 17:25:00,990.0
2015-11-23,26.6,11.4,0.0,8.4,333,16,10.3,62,18.8,2015-11-23 06:49:00,2015-11-23 17:25:00,990.6
2015-11-24,27.3,12.5,0.0,12.5,323,19,9.5,56,19.4,2015-11-24 06:50:00,2015-11-24 17:25:00,991.0
2015-11-25,27.6,14.2,0.0,16.7,307,95,7.8,50,19.6,2015-11-25 06:51:00,2015-11-25 17:24:00,990.1
2015-11-26,27.1,12.6,0.0,9.0,156,79,8.5,50,19.9,2015-11-26 06:52:00,2015-11-26 17:24:00,988.5
2015-11-27,24.6,13.7,0.0,11.4,358,84,13.2,69,19.3,2015-11-27 06:53:00,2015-11-27 17:24:00,986.2
2015-11-28,24.8,16.4,0.0,15.2,82,58,13.5,68,19.9,2015-11-28 06:53:00,2015-11-28 17:24:00,989.8
2015-11-29,26.1,13.5,0.0,7.3,90,12,12.7,67,19.6,2015-11-29 06:54:00,2015-11-29 17:24:00,992.7
2015-11-30,27.0,16.1,0.0,7.9,1,15,15.3,72,20.9,2015-11-30 06:55:00,2015-11-30 17:24:00,992.4
2015-12-01,26.8,15.5,0.0,8.8,355,10,14.2,69,20.7,2015-12-01 06:56:00,2015-12-01 17:24:00,990.2
2015-12-02,25.1,15.7,0.0,9.5,331,14,12.1,64,19.6,2015-12-02 06:56:00,2015-12-02 17:24:00,990.7
2015-12-03,24.6,12.4,0.0,14.1,306,1,11.1,65,18.2,2015-12-03 06:57:00,2015-12-03 17:24:00,991.4
2015-12-04,25.5,13.1,0.0,12.1,292,9,10.7,63,18.5,2015-12-04 06:58:00,2015-12-04 17:24:00,989.9
2015-12-05,25.2,11.0,0.0,8.5,329,1,10.8,67,17.8,2015-12-05 06:59:00,2015-12-05 17:24:00,990.7
2015-12-06,25.1,12.3,0.0,10.3,94,11,11.4,67,18.3,2015-12-06 06:59:00,2015-12-06 17:24:00,991.1
2015-12-07,24.7,12.0,0.0,10.0,126,62,12.5,71,18.5,2015-12-07 07:00:00,2015-12-07 17:24:00,992.1
2015-12-08,25.3,13.9,0.0,9.5,274,74,12.4,70,18.6,2015-12-08 07:01:00,2015-12-08 17:24:00,990.8
2015-12-09,23.9,12.8,0.0,16.4,123,85,12.8,72,18.3,2015-12-09 07:01:00,2015-12-09 17:24:00,990.3
2015-12-10,25.4,14.2,0.2,11.6,116,45,13.9,73,19.3,2015-12-10 07:02:00,2015-12-10 17:24:00,987.7
2015-12-11,23.1,13.2,0.0,11.7,290,16,10.6,65,17.7,2015-12-11 07:03:00,2015-12-11 17:25:00,985.7
2015-12-12,19.8,10.0,0.0,12.5,302,17,8.0,65,14.7,2015-12-12 07:04:00,2015-12-12 17:25:00,988.4
2015-12-13,19.8,9.2,0.0,9.9,299,5,6.6,63,14.2,2015-12-13 07:04:00,2015-12-13 17:25:00,990.2
2015-12-14,20.2,8.4,0.0,14.5,304,1,3.7,53,13.7,2015-12-14 07:05:00,2015-12-14 17:25:00,991.7
2015-12-15,21.0,8.1,0.0,14.8,296,0,3.4,52,13.6,2015-12-15 07:05:00,2015-12-15 17:26:00,990.6
2015-12-16,20.2,5.4,0.0,10.5,223,27,3.5,57,12.9,2015-12-16 07:06:00,2015-12-16 17:26:00,990.6
2015-12-17,20.0,6.3,0.0,9.4,90,0,5.4,63,13.2,2015-12-17 07:07:00,2015-12-17 17:27:00,990.8
2015-12-18,20.5,7.3,0.0,14.4,306,0,5.3,62,13.3,2015-12-18 07:07:00,2015-12-18 17:27:00,992.7
2015-12-19,20.5,7.5,0.0,10.6,299,1,5.1,60,13.6,2015-12-19 07:08:00,2015-12-19 17:27:00,993.3
2015-12-20,20.0,7.4,0.0,9.8,338,7,5.3,62,13.2,2015-12-20 07:08:00,2015-12-20 17:28:00,992.9
2015-12-21,19.6,6.3,0.0,7.6,335,19,5.6,63,13.2,2015-12-21 07:09:00,2015-12-21 17:28:00,992.8
2015-12-22,19.8,7.3,0.0,7.2,62,58,6.9,68,13.4,2015-12-22 07:09:00,2015-12-22 17:29:00,994.8
2015-12-23,19.5,6.2,0.0,11.0,319,11,6.3,67,13.0,2015-12-23 07:10:00,2015-12-23 17:29:00,994.7
2015-12-24,19.0,8.1,0.0,16.6,310,0,4.5,59,12.9,2015-12-24 07:10:00,2015-12-24 17:30:00,995.4
2015-12-25,19.3,6.1,0.0,14.4,297,9,2.1,53,12.1,2015-12-25 07:11:00,2015-12-25 17:30:00,996.2
2015-12-26,21.1,7.8,0.0,15.7,295,2,2.6,49,13.7,2015-12-26 07:11:00,2015-12-26 17:31:00,994.9
2015-12-27,22.2,9.3,0.0,16.5,297,68,6.0,55,15.5,2015-12-27 07:12:00,2015-12-27 17:31:00,995.2
2015-12-28,23.7,12.2,0.0,16.9,301,94,7.2,54,17.1,2015-12-28 07:12:00,2015-12-28 17:32:00,995.4
2015-12-29,23.4,12.2,0.0,18.4,297,84,7.2,54,17.1,2015-12-29 07:12:00,2015-12-29 17:33:00,993.4
2015-12-30,23.9,10.0,0.0,9.8,315,11,8.1,61,16.3,2015-12-30 07:13:00,2015-12-30 17:33:00,992.3
2015-12-31,23.1,8.7,0.0,10.2,334,20,8.3,66,15.3,2015-12-31 07:13:00,2015-12-31 17:34:00,994.5
2016-01-01,22.3,9.3,0.0,9.7,327,42,8.4,68,14.9,2016-01-01 07:13:00,2016-01-01 17:35:00,995.4
2016-01-02,22.0,7.3,0.0,10.7,328,30,7.2,66,14.4,2016-01-02 07:13:00,2016-01-02 17:35:00,995.5
2016-01-03,22.6,8.7,0.0,13.9,295,0,7.2,63,15.0,2016-01-03 07:14:00,2016-01-03 17:36:00,993.2
2016-01-04,22.9,8.4,0.0,10.0,79,45,9.0,66,16.1,2016-01-04 07:14:00,2016-01-04 17:37:00,993.5
2016-01-05,24.5,12.5,0.0,8.8,108,38,11.8,69,18.1,2016-01-05 07:14:00,2016-01-05 17:37:00,992.1
2016-01-06,24.2,13.0,0.5,10.4,85,65,13.3,75,18.3,2016-01-06 07:14:00,2016-01-06 17:38:00,991.6
2016-01-07,24.1,11.8,0.0,8.6,29,35,12.9,75,17.8,2016-01-07 07:14:00,2016-01-07 17:39:00,992.8
2016-01-08,23.1,12.2,0.0,16.1,309,8,12.1,75,17.1,2016-01-08 07:15:00,2016-01-08 17:40:00,992.4
2016-01-09,21.8,10.7,0.0,19.0,291,0,8.1,63,15.7,2016-01-09 07:15:00,2016-01-09 17:41:00,990.3
2016-01-10,22.5,9.1,0.0,10.3,306,13,9.2,68,15.6,2016-01-10 07:15:00,2016-01-10 17:41:00,991.5
2016-01-11,23.0,9.9,0.0,9.2,55,0,10.5,72,16.2,2016-01-11 07:15:00,2016-01-11 17:42:00,992.3
2016-01-12,23.9,10.2,0.0,14.0,124,1,10.7,71,16.5,2016-01-12 07:15:00,2016-01-12 17:43:00,990.0
2016-01-13,21.8,10.9,0.0,9.2,28,11,11.4,76,16.0,2016-01-13 07:15:00,2016-01-13 17:44:00,989.3
2016-01-14,19.3,9.6,0.0,8.7,313,72,10.1,77,14.4,2016-01-14 07:15:00,2016-01-14 17:44:00,990.6
2016-01-15,18.8,8.5,0.0,13.7,315,8,8.5,75,13.3,2016-01-15 07:15:00,2016-01-15 17:45:00,990.8
2016-01-16,18.7,8.8,0.0,16.1,295,33,8.3,74,13.1,2016-01-16 07:14:00,2016-01-16 17:46:00,989.1
2016-01-17,18.4,7.6,0.0,8.8,346,25,8.4,77,12.8,2016-01-17 07:14:00,2016-01-17 17:47:00,990.4
2016-01-18,18.5,7.1,0.0,7.6,352,30,8.4,78,12.6,2016-01-18 07:14:00,2016-01-18 17:48:00,989.6
2016-01-19,18.6,7.1,0.0,9.6,343,32,7.9,75,12.6,2016-01-19 07:14:00,2016-01-19 17:48:00,989.6
2016-01-20,17.5,7.2,0.0,9.8,318,25,6.8,73,12.2,2016-01-20 07:14:00,2016-01-20 17:49:00,992.7
2016-01-21,17.8,6.0,0.0,13.2,307,1,6.7,75,11.6,2016-01-21 07:13:00,2016-01-21 17:50:00,994.3
2016-01-22,18.2,4.8,0.0,8.9,331,0,7.0,76,11.5,2016-01-22 07:13:00,2016-01-22 17:51:00,993.9
2016-01-23,19.4,5.9,0.0,8.6,20,5,7.9,77,12.4,2016-01-23 07:13:00,2016-01-23 17:52:00,994.3
2016-01-24,18.7,6.5,0.0,8.4,350,4,8.1,78,12.2,2016-01-24 07:13:00,2016-01-24 17:53:00,993.4
2016-01-25,17.1,5.0,0.0,8.7,338,24,7.1,80,10.8,2016-01-25 07:12:00,2016-01-25 17:53:00,991.8
2016-01-26,19.6,7.2,0.0,8.6,70,64,8.3,75,13.0,2016-01-26 07:12:00,2016-01-26 17:54:00,990.1
2016-01-27,22.2,10.3,0.0,8.3,62,22,10.7,74,15.7,2016-01-27 07:11:00,2016-01-27 17:55:00,989.3
2016-01-28,22.6,9.4,0.0,11.3,309,1,10.1,72,15.8,2016-01-28 07:11:00,2016-01-28 17:56:00,990.2
2016-01-29,24.0,11.4,0.2,8.2,27,23,11.5,72,17.1,2016-01-29 07:11:00,2016-01-29 17:57:00,991.6
2016-01-30,25.5,13.7,0.5,8.4,77,20,14.0,73,19.4,2016-01-30 07:10:00,2016-01-30 17:58:00,989.9
2016-01-31,22.1,12.8,0.0,14.0,321,54,13.1,77,17.4,2016-01-31 07:10:00,2016-01-31 17:59:00,990.5
2016-02-01,22.1,9.7,0.0,12.5,325,12,7.7,65,15.2,2016-02-01 07:09:00,2016-02-01 17:59:00,992.0
2016-02-02,20.9,7.4,0.0,15.3,307,47,5.2,58,14.2,2016-02-02 07:09:00,2016-02-02 18:00:00,992.6
2016-02-03,21.5,8.3,0.0,20.6,305,0,4.2,53,14.5,2016-02-03 07:08:00,2016-02-03 18:01:00,992.3
2016-02-04,22.3,8.3,0.0,13.8,301,7,4.3,52,14.8,2016-02-04 07:07:00,2016-02-04 18:02:00,992.0
2016-02-05,22.8,6.9,0.0,10.8,306,11,5.5,58,14.8,2016-02-05 07:07:00,2016-02-05 18:03:00,990.7
2016-02-06,23.1,7.1,0.0,12.2,102,5,7.1,59,15.8,2016-02-06 07:06:00,2016-02-06 18:03:00,987.8
2016-02-07,19.6,12.1,4.0,13.7,37,40,10.5,74,15.4,2016-02-07 07:06:00,2016-02-07 18:04:00,989.8
2016-02-08,21.7,8.6,0.0,11.0,325,22,9.6,74,15.0,2016-02-08 07:05:00,2016-02-08 18:05:00,991.9
2016-02-09,22.9,9.5,0.0,10.1,307,4,9.7,69,15.9,2016-02-09 07:04:00,2016-02-09 18:06:00,990.1
2016-02-10,23.4,9.1,0.0,9.7,12,0,9.2,67,16.3,2016-02-10 07:03:00,2016-02-10 18:06:00,987.5
2016-02-11,24.7,12.2,0.0,16.1,153,1,7.8,56,17.6,2016-02-11 07:03:00,2016-02-11 18:07:00,986.0
2016-02-12,24.2,9.4,0.0,11.2,30,6,8.8,65,16.6,2016-02-12 07:02:00,2016-02-12 18:08:00,987.6
2016-02-13,22.0,11.8,0.7,15.1,18,21,8.4,62,16.1,2016-02-13 07:01:00,2016-02-13 18:09:00,989.2
2016-02-14,23.6,9.3,0.0,11.1,321,0,8.4,65,15.9,2016-02-14 07:00:00,2016-02-14 18:09:00,991.4
2016-02-15,22.3,9.4,0.0,9.3,333,46,7.0,60,15.7,2016-02-15 06:59:00,2016-02-15 18:10:00,993.2
2016-02-16,23.3,8.9,0.0,9.7,342,51,6.0,55,15.9,2016-02-16 06:59:00,2016-02-16 18:11:00,994.3
2016-02-17,25.6,11.0,0.2,11.8,347,34,7.9,54,18.0,2016-02-17 06:58:00,2016-02-17 18:12:00,994.0
2016-02-18,27.0,14.7,1.4,11.5,346,75,12.5,61,20.5,2016-02-18 06:57:00,2016-02-18 18:12:00,992.2
2016-02-19,28.8,17.0,0.0,8.4,325,94,15.5,66,22.7,2016-02-19 06:56:00,2016-02-19 18:13:00,990.5
2016-02-20,25.9,18.1,14.4,12.3,276,53,17.1,75,21.8,2016-02-20 06:55:00,2016-02-20 18:14:00,989.3
2016-02-21,25.4,14.6,0.0,19.7,301,0,11.9,65,19.3,2016-02-21 06:54:00,2016-02-21 18:15:00,989.8
2016-02-22,26.1,13.0,0.0,22.8,296,0,8.3,52,18.8,2016-02-22 06:53:00,2016-02-22 18:15:00,989.4
2016-02-23,26.9,12.4,0.0,15.8,286,0,8.8,54,19.1,2016-02-23 06:52:00,2016-02-23 18:16:00,987.9
2016-02-24,26.7,11.3,0.0,9.0,184,0,9.5,58,18.6,2016-02-24 06:51:00,2016-02-24 18:17:00,987.5
2016-02-25,27.3,11.4,0.0,10.3,126,40,10.4,59,19.6,2016-02-25 06:50:00,2016-02-25 18:17:00,990.1
2016-02-26,27.4,13.7,0.0,10.3,103,19,11.6,59,20.7,2016-02-26 06:50:00,2016-02-26 18:18:00,993.0
2016-02-27,27.3,12.1,0.0,9.8,91,0,11.8,60,20.6,2016-02-27 06:49:00,2016-02-27 18:19:00,993.3
2016-02-28,28.0,14.9,0.0,9.2,122,6,13.1,61,21.5,2016-02-28 06:48:00,2016-02-28 18:19:00,993.6
2016-02-29,28.0,15.0,0.0,9.8,114,32,13.7,62,21.9,2016-02-29 06:46:00,2016-02-29 18:20:00,993.6
2016-03-01,28.6,16.1,0.0,10.0,102,29,14.2,62,22.5,2016-03-01 06:45:00,2016-03-01 18:21:00,991.1
2016-03-02,30.5,15.6,0.0,9.5,40,18,14.9,62,23.3,2016-03-02 06:44:00,2016-03-02 18:21:00,990.4
2016-03-03,31.4,15.9,0.2,9.4,15,22,14.4,60,23.5,2016-03-03 06:43:00,2016-03-03 18:22:00,990.3
2016-03-04,31.9,16.2,0.0,10.6,320,18,11.8,51,23.8,2016-03-04 06:42:00,2016-03-04 18:23:00,987.9
2016-03-05,29.8,17.0,12.2,18.5,11,48,13.3,59,22.4,2016-03-05 06:41:00,2016-03-05 18:23:00,987.8
2016-03-06,25.9,16.0,2.6,17.1,77,38,15.3,75,20.2,2016-03-06 06:40:00,2016-03-06 18:24:00,988.3
2016-03-07,27.7,15.0,0.0,11.4,350,40,14.8,69,21.3,2016-03-07 06:39:00,2016-03-07 18:24:00,987.8
2016-03-08,27.6,16.3,0.0,11.2,303,28,14.5,66,21.7,2016-03-08 06:38:00,2016-03-08 18:25:00,986.9
2016-03-09,28.0,14.9,0.0,13.1,300,22,13.3,63,21.5,2016-03-09 06:37:00,2016-03-09 18:26:00,987.3
2016-03-10,29.7,15.1,0.0,13.5,312,42,14.0,62,22.5,2016-03-10 06:36:00,2016-03-10 18:26:00,988.4
2016-03-11,30.9,18.0,2.2,13.5,135,69,15.7,65,23.3,2016-03-11 06:34:00,2016-03-11 18:27:00,987.8
2016-03-12,28.4,17.5,22.2,16.7,93,38,16.5,77,21.2,2016-03-12 06:33:00,2016-03-12 18:27:00,985.6
2016-03-13,27.2,16.3,0.0,20.7,113,37,15.1,71,21.2,2016-03-13 06:32:00,2016-03-13 18:28:00,986.4
2016-03-14,25.1,16.2,0.9,10.6,56,29,16.2,77,20.7,2016-03-14 06:31:00,2016-03-14 18:29:00,988.8
2016-03-15,27.3,14.4,0.0,12.8,332,35,13.1,66,20.8,2016-03-15 06:30:00,2016-03-15 18:29:00,990.1
2016-03-16,27.6,14.0,0.0,16.9,308,55,10.7,56,20.8,2016-03-16 06:29:00,2016-03-16 18:30:00,988.2
2016-03-17,29.8,16.3,0.1,15.5,120,71,13.1,56,22.8,2016-03-17 06:28:00,2016-03-17 18:30:00,986.1
2016-03-18,29.3,18.6,0.0,16.1,113,23,14.9,59,23.8,2016-03-18 06:27:00,2016-03-18 18:31:00,985.4
2016-03-19,30.7,17.7,0.5,10.2,93,28,15.1,60,24.0,2016-03-19 06:26:00,2016-03-19 18:31:00,984.8
2016-03-20,31.4,18.1,0.0,13.8,27,13,14.4,56,24.7,2016-03-20 06:24:00,2016-03-20 18:32:00,985.6
2016-03-21,30.5,17.5,0.0,24.2,326,3,10.1,45,23.9,2016-03-21 06:23:00,2016-03-21 18:33:00,986.7
2016-03-22,29.8,16.2,0.0,26.7,301,0,5.7,36,22.5,2016-03-22 06:22:00,2016-03-22 18:33:00,984.9
2016-03-23,31.9,16.2,0.0,17.7,300,0,8.0,39,23.5,2016-03-23 06:21:00,2016-03-23 18:34:00,985.2
2016-03-24,33.4,16.3,0.0,10.9,99,47,11.6,47,25.0,2016-03-24 06:20:00,2016-03-24 18:34:00,988.2
2016-03-25,34.7,17.1,0.0,10.4,121,66,14.1,50,26.5,2016-03-25 06:18:00,2016-03-25 18:35:00,988.6
2016-03-26,32.3,18.7,0.0,19.1,323,66,14.3,53,25.2,2016-03-26 06:17:00,2016-03-26 18:35:00,988.7
2016-03-27,31.7,18.4,0.0,15.2,313,41,10.7,45,24.7,2016-03-27 06:16:00,2016-03-27 18:36:00,988.3
2016-03-28,31.7,16.6,0.0,15.9,314,22,9.4,41,24.5,2016-03-28 06:15:00,2016-03-28 18:36:00,988.0
2016-03-29,32.0,18.1,0.0,13.6,303,50,10.6,42,25.2,2016-03-29 06:14:00,2016-03-29 18:37:00,987.0
2016-03-30,34.4,17.9,0.0,11.2,292,50,12.5,45,26.5,2016-03-30 06:13:00,2016-03-30 18:38:00,987.0
2016-03-31,36.3,19.2,0.0,10.8,312,44,11.8,40,28.0,2016-03-31 06:11:00,2016-03-31 18:38:00,985.2
2016-04-01,36.5,21.9,0.0,13.9,304,37,13.1,39,29.2,2016-04-01 06:10:00,2016-04-01 18:39:00,982.6
2016-04-02,37.6,21.4,0.0,11.6,324,75,14.4,41,29.9,2016-04-02 06:09:00,2016-04-02 18:39:00,983.9
2016-04-03,38.5,24.3,1.8,10.2,299,95,16.7,44,31.2,2016-04-03 06:08:00,2016-04-03 18:40:00,984.0
2016-04-04,37.1,23.3,0.0,15.5,269,92,11.8,34,30.1,2016-04-04 06:07:00,2016-04-04 18:40:00,983.0
2016-04-05,35.9,21.5,0.0,17.2,323,76,11.2,37,29.0,2016-04-05 06:06:00,2016-04-05 18:41:00,982.9
2016-04-06,35.1,22.5,0.0,10.9,334,58,8.4,30,28.4,2016-04-06 06:05:00,2016-04-06 18:41:00,982.8
2016-04-07,34.8,19.8,0.0,17.6,295,28,10.0,37,27.1,2016-04-07 06:04:00,2016-04-07 18:42:00,983.1
2016-04-08,34.8,17.8,0.0,9.7,343,6,8.7,38,27.1,2016-04-08 06:03:00,2016-04-08 18:43:00,985.2
2016-04-09,36.3,20.2,0.0,14.3,356,43,6.8,27,28.9,2016-04-09 06:01:00,2016-04-09 18:43:00,984.9
2016-04-10,36.3,24.0,0.0,11.5,342,75,9.1,29,29.5,2016-04-10 06:00:00,2016-04-10 18:44:00,985.0
2016-04-11,34.9,21.2,0.0,20.4,319,5,9.9,33,28.3,2016-04-11 05:59:00,2016-04-11 18:44:00,984.9
2016-04-12,34.5,21.2,0.0,22.7,299,3,9.6,33,28.0,2016-04-12 05:58:00,2016-04-12 18:45:00,982.9
2016-04-13,36.7,22.7,0.0,26.2,298,2,9.3,30,29.7,2016-04-13 05:57:00,2016-04-13 18:45:00,979.9
2016-04-14,38.5,22.7,0.0,20.1,304,5,10.2,29,31.0,2016-04-14 05:56:00,2016-04-14 18:46:00,979.6
2016-04-15,39.8,22.4,0.0,18.9,308,48,11.3,31,31.9,2016-04-15 05:55:00,2016-04-15 18:47:00,980.9
2016-04-16,41.0,24.5,0.0,14.8,291,68,11.8,30,32.7,2016-04-16 05:54:00,2016-04-16 18:47:00,979.4
2016-04-17,39.7,26.5,0.0,14.1,268,88,10.4,26,33.1,2016-04-17 05:53:00,2016-04-17 18:48:00,978.7
2016-04-18,38.5,26.3,0.0,10.0,311,22,12.9,32,32.5,2016-04-18 05:52:00,2016-04-18 18:48:00,980.7
2016-04-19,37.8,25.7,0.1,12.3,78,92,13.9,37,31.4,2016-04-19 05:51:00,2016-04-19 18:49:00,982.1
2016-04-20,38.8,23.7,0.0,19.9,301,51,9.1,26,31.6,2016-04-20 05:50:00,2016-04-20 18:49:00,982.7
2016-04-21,38.9,24.9,0.0,24.5,301,10,7.1,23,31.9,2016-04-21 05:49:00,2016-04-21 18:50:00,980.5
2016-04-22,38.6,24.3,0.0,11.7,323,16,8.6,25,31.8,2016-04-22 05:48:00,2016-04-22 18:51:00,977.9
2016-04-23,36.7,22.6,0.0,17.2,319,2,5.3,24,29.6,2016-04-23 05:47:00,2016-04-23 18:51:00,978.1
2016-04-24,37.1,19.2,0.0,17.9,335,25,2.3,21,28.8,2016-04-24 05:46:00,2016-04-24 18:52:00,978.9
2016-04-25,38.1,21.0,0.0,13.1,334,29,2.3,19,30.0,2016-04-25 05:45:00,2016-04-25 18:52:00,980.9
2016-04-26,38.5,21.5,0.2,10.7,349,17,5.6,23,30.6,2016-04-26 05:44:00,2016-04-26 18:53:00,983.1
2016-04-27,39.7,22.0,0.0,16.9,296,25,5.0,22,31.0,2016-04-27 05:43:00,2016-04-27 18:54:00,982.0
2016-04-28,39.6,22.1,0.0,17.1,319,2,3.4,19,31.5,2016-04-28 05:42:00,2016-04-28 18:54:00,981.3
2016-04-29,39.4,22.3,0.0,18.6,309,8,3.6,19,31.3,2016-04-29 05:41:00,2016-04-29 18:55:00,981.7
2016-04-30,39.9,21.0,0.0,12.5,306,0,4.4,21,31.2,2016-04-30 05:41:00,2016-04-30 18:55:00,980.9
2016-05-01,41.2,23.3,0.0,18.3,294,0,5.7,20,32.8,2016-05-01 05:40:00,2016-05-01 18:56:00,978.9
2016-05-02,42.5,24.9,0.4,12.2,295,22,6.6,19,34.4,2016-05-02 05:39:00,2016-05-02 18:57:00,978.5
2016-05-03,38.0,27.5,1.6,16.4,89,72,12.8,32,32.2,2016-05-03 05:38:00,2016-05-03 18:57:00,980.4
2016-05-04,38.9,24.8,1.0,20.6,120,30,17.6,48,30.9,2016-05-04 05:37:00,2016-05-04 18:58:00,980.2
2016-05-05,34.6,24.8,0.1,20.6,102,49,17.2,50,29.4,2016-05-05 05:37:00,2016-05-05 18:58:00,983.1
2016-05-06,34.1,23.6,0.0,9.4,146,74,17.9,54,29.2,2016-05-06 05:36:00,2016-05-06 18:59:00,982.9
2016-05-07,36.0,24.6,0.0,11.4,149,26,15.2,41,30.8,2016-05-07 05:35:00,2016-05-07 19:00:00,982.0
2016-05-08,37.2,25.4,0.0,14.6,102,32,17.0,45,30.9,2016-05-08 05:34:00,2016-05-08 19:00:00,982.4
2016-05-09,38.8,26.2,0.5,21.7,115,60,16.9,42,32.1,2016-05-09 05:34:00,2016-05-09 19:01:00,982.2
2016-05-10,38.0,26.6,1.0,23.4,109,21,18.4,46,32.2,2016-05-10 05:33:00,2016-05-10 19:01:00,982.9
2016-05-11,37.0,26.6,0.2,17.9,91,29,19.8,51,31.7,2016-05-11 05:32:00,2016-05-11 19:02:00,982.6
2016-05-12,39.0,25.4,0.0,14.7,341,17,19.0,49,32.5,2016-05-12 05:32:00,2016-05-12 19:03:00,978.9
2016-05-13,41.0,27.9,0.0,16.8,15,15,14.0,30,34.6,2016-05-13 05:31:00,2016-05-13 19:03:00,977.9
2016-05-14,41.2,27.4,0.0,9.4,68,9,13.9,30,34.9,2016-05-14 05:30:00,2016-05-14 19:04:00,979.3
2016-05-15,42.3,26.6,0.0,12.5,322,12,12.7,29,34.9,2016-05-15 05:30:00,2016-05-15 19:04:00,979.8
2016-05-16,42.7,26.6,0.0,17.6,311,13,10.4,25,35.2,2016-05-16 05:29:00,2016-05-16 19:05:00,977.6
2016-05-17,42.7,26.3,0.0,18.9,310,1,8.8,22,35.2,2016-05-17 05:29:00,2016-05-17 19:06:00,975.7
2016-05-18,43.1,25.6,0.0,13.5,317,0,9.8,23,35.3,2016-05-18 05:28:00,2016-05-18 19:06:00,974.7
2016-05-19,41.6,27.7,0.3,22.6,120,19,17.0,36,34.8,2016-05-19 05:28:00,2016-05-19 19:07:00,975.1
2016-05-20,40.2,29.4,0.3,24.6,111,14,19.5,43,34.7,2016-05-20 05:27:00,2016-05-20 19:07:00,974.1
2016-05-21,41.1,27.3,0.0,21.5,117,8,22.3,53,34.0,2016-05-21 05:27:00,2016-05-21 19:08:00,973.1
2016-05-22,42.1,28.2,1.8,19.3,102,10,21.0,47,34.6,2016-05-22 05:26:00,2016-05-22 19:09:00,973.4
2016-05-23,40.9,26.1,4.5,19.1,108,27,21.5,52,33.6,2016-05-23 05:26:00,2016-05-23 19:09:00,976.0
2016-05-24,38.0,26.5,1.8,17.7,115,41,22.1,59,31.7,2016-05-24 05:26:00,2016-05-24 19:10:00,976.9
2016-05-25,39.4,25.2,0.6,17.5,239,20,19.8,53,31.7,2016-05-25 05:25:00,2016-05-25 19:10:00,974.3
2016-05-26,39.8,25.4,0.0,13.8,259,4,19.8,49,33.0,2016-05-26 05:25:00,2016-05-26 19:11:00,975.2
2016-05-27,40.9,28.5,2.0,20.1,289,5,17.1,37,34.8,2016-05-27 05:25:00,2016-05-27 19:11:00,976.1
2016-05-28,40.4,28.9,2.3,22.1,278,15,16.9,37,34.0,2016-05-28 05:24:00,2016-05-28 19:12:00,975.9
2016-05-29,36.2,26.9,6.9,18.9,130,44,20.5,54,31.2,2016-05-29 05:24:00,2016-05-29 19:12:00,977.3
2016-05-30,33.0,24.0,3.4,16.4,108,34,22.0,68,28.8,2016-05-30 05:24:00,2016-05-30 19:13:00,978.9
2016-05-31,38.1,25.1,0.2,13.2,261,17,21.3,57,31.7,2016-05-31 05:23:00,2016-05-31 19:14:00,979.2
2016-06-01,40.2,27.0,0.0,14.8,304,10,20.1,48,33.8,2016-06-01 05:23:00,2016-06-01 19:14:00,979.0
2016-06-02,41.0,28.1,0.0,16.8,300,11,17.4,37,34.9,2016-06-02 05:23:00,2016-06-02 19:14:00,978.5
2016-06-03,41.8,26.5,0.5,15.8,24,6,18.2,42,34.2,2016-06-03 05:23:00,2016-06-03 19:15:00,978.8
2016-06-04,42.4,27.7,0.0,14.3,97,11,20.1,45,35.3,2016-06-04 05:23:00,2016-06-04 19:15:00,978.6
2016-06-05,40.8,29.0,3.3,21.5,110,16,23.5,55,34.4,2016-06-05 05:23:00,2016-06-05 19:16:00,978.9
2016-06-06,40.0,29.3,2.6,19.3,106,11,22.7,53,34.2,2016-06-06 05:23:00,2016-06-06 19:16:00,978.9
2016-06-07,39.6,29.2,1.1,18.0,104,3,22.4,52,34.2,2016-06-07 05:22:00,2016-06-07 19:17:00,978.2
2016-06-08,40.5,28.9,0.7,14.2,109,12,21.7,51,33.9,2016-06-08 05:22:00,2016-06-08 19:17:00,976.4
2016-06-09,40.2,28.7,0.2,15.4,121,21,21.7,51,34.4,2016-06-09 05:22:00,2016-06-09 19:18:00,975.2
2016-06-10,41.6,29.2,2.6,21.7,174,20,21.8,50,34.4,2016-06-10 05:22:00,2016-06-10 19:18:00,975.0
2016-06-11,39.4,28.9,0.1,16.6,292,28,21.8,50,34.2,2016-06-11 05:22:00,2016-06-11 19:18:00,975.7
2016-06-12,38.9,27.0,3.6,14.7,281,10,21.6,53,33.3,2016-06-12 05:22:00,2016-06-12 19:19:00,975.2
2016-06-13,40.2,29.3,0.7,22.0,272,18,21.0,47,34.4,2016-06-13 05:23:00,2016-06-13 19:19:00,975.0
2016-06-14,37.5,26.9,1.8,16.2,270,52,23.2,61,32.3,2016-06-14 05:23:00,2016-06-14 19:20:00,974.5
2016-06-15,36.7,28.5,1.5,15.2,129,67,24.0,65,31.7,2016-06-15 05:23:00,2016-06-15 19:20:00,972.6
2016-06-16,36.8,28.0,0.0,20.6,108,38,23.5,61,32.4,2016-06-16 05:23:00,2016-06-16 19:20:00,974.8
2016-06-17,37.5,27.1,0.2,17.1,111,44,23.9,62,32.6,2016-06-17 05:23:00,2016-06-17 19:21:00,975.8
2016-06-18,36.4,26.4,14.8,15.3,114,31,24.0,67,31.5,2016-06-18 05:23:00,2016-06-18 19:21:00,977.1
2016-06-19,36.3,28.9,0.3,15.5,110,68,24.4,64,32.3,2016-06-19 05:23:00,2016-06-19 19:21:00,978.0
2016-06-20,36.5,29.2,0.0,18.2,114,74,24.6,63,32.8,2016-06-20 05:24:00,2016-06-20 19:21:00,977.0
2016-06-21,36.2,27.7,1.8,15.9,123,86,24.9,72,30.9,2016-06-21 05:24:00,2016-06-21 19:21:00,976.5
2016-06-22,35.2,26.7,1.4,12.3,129,78,24.2,69,30.9,2016-06-22 05:24:00,2016-06-22 19:22:00,977.9
2016-06-23,37.7,27.8,0.0,10.5,170,36,24.3,63,32.8,2016-06-23 05:24:00,2016-06-23 19:22:00,976.9
2016-06-24,38.8,28.6,0.6,12.8,318,32,23.9,58,33.8,2016-06-24 05:24:00,2016-06-24 19:22:00,974.9
2016-06-25,38.9,29.9,0.0,17.3,108,33,24.6,59,34.2,2016-06-25 05:25:00,2016-06-25 19:22:00,976.7
2016-06-26,36.5,27.3,3.1,15.8,110,49,24.6,65,32.4,2016-06-26 05:25:00,2016-06-26 19:22:00,977.1
2016-06-27,37.0,27.0,3.3,14.6,112,94,24.7,67,32.1,2016-06-27 05:25:00,2016-06-27 19:22:00,975.8
2016-06-28,34.2,26.2,10.4,14.5,96,89,25.5,77,30.1,2016-06-28 05:26:00,2016-06-28 19:22:00,977.3
2016-06-29,36.1,27.1,10.5,13.4,91,52,25.4,70,32.1,2016-06-29 05:26:00,2016-06-29 19:22:00,977.7
2016-06-30,37.8,27.9,0.4,14.1,101,61,25.4,66,33.1,2016-06-30 05:26:00,2016-06-30 19:22:00,975.1
2016-07-01,36.0,27.2,23.3,16.4,148,97,26.1,73,31.8,2016-07-01 05:27:00,2016-07-01 19:22:00,972.4
2016-07-02,30.7,26.0,67.9,13.7,115,100,25.1,86,27.8,2016-07-02 05:27:00,2016-07-02 19:22:00,973.8
2016-07-03,30.2,25.4,15.1,13.1,98,98,25.2,91,26.9,2016-07-03 05:28:00,2016-07-03 19:22:00,974.1
2016-07-04,32.7,25.3,1.2,6.6,67,82,25.1,81,28.8,2016-07-04 05:28:00,2016-07-04 19:22:00,973.5
2016-07-05,34.7,26.9,0.3,9.5,266,42,25.9,75,31.0,2016-07-05 05:28:00,2016-07-05 19:22:00,972.1
2016-07-06,33.4,27.1,2.6,12.0,166,69,25.8,79,30.0,2016-07-06 05:29:00,2016-07-06 19:22:00,973.2
2016-07-07,33.5,26.6,1.5,13.7,147,68,25.5,76,30.3,2016-07-07 05:29:00,2016-07-07 19:22:00,974.2
2016-07-08,34.4,27.1,2.5,10.1,157,30,25.9,76,30.8,2016-07-08 05:30:00,2016-07-08 19:22:00,973.5
2016-07-09,34.5,27.4,1.3,11.1,116,47,25.7,76,30.6,2016-07-09 05:30:00,2016-07-09 19:22:00,973.1
2016-07-10,34.4,27.6,0.0,8.7,144,71,26.0,75,31.1,2016-07-10 05:31:00,2016-07-10 19:22:00,972.5
2016-07-11,33.0,26.8,4.3,13.5,127,90,25.8,82,29.3,2016-07-11 05:31:00,2016-07-11 19:21:00,973.6
2016-07-12,32.0,26.0,15.6,15.5,109,92,25.7,83,29.0,2016-07-12 05:32:00,2016-07-12 19:21:00,975.1
2016-07-13,33.0,26.9,3.9,13.3,105,96,25.6,80,29.5,2016-07-13 05:32:00,2016-07-13 19:21:00,975.1
2016-07-14,32.7,27.1,22.2,6.7,144,98,26.4,86,29.0,2016-07-14 05:33:00,2016-07-14 19:21:00,974.6
2016-07-15,32.1,25.6,31.3,14.1,235,98,26.0,89,28.0,2016-07-15 05:33:00,2016-07-15 19:20:00,974.9
2016-07-16,27.4,25.8,75.4,8.2,20,100,25.5,95,26.5,2016-07-16 05:34:00,2016-07-16 19:20:00,975.6
2016-07-17,26.8,25.4,50.8,14.0,322,99,25.0,94,26.0,2016-07-17 05:34:00,2016-07-17 19:20:00,976.7
2016-07-18,32.8,25.0,5.7,16.0,276,96,25.3,85,28.2,2016-07-18 05:35:00,2016-07-18 19:19:00,976.9
2016-07-19,34.1,25.8,1.9,18.8,281,41,25.1,78,29.7,2016-07-19 05:35:00,2016-07-19 19:19:00,976.1
2016-07-20,34.8,27.4,0.0,17.4,276,46,24.4,70,30.8,2016-07-20 05:36:00,2016-07-20 19:18:00,975.8
2016-07-21,35.3,28.4,0.5,14.4,249,62,24.7,69,31.2,2016-07-21 05:36:00,2016-07-21 19:18:00,975.7
2016-07-22,34.6,26.9,0.6,12.8,205,39,25.1,73,30.9,2016-07-22 05:37:00,2016-07-22 19:17:00,975.5
2016-07-23,32.0,26.9,5.0,12.7,110,62,25.3,81,28.8,2016-07-23 05:37:00,2016-07-23 19:17:00,977.4
2016-07-24,32.3,25.7,3.1,10.2,117,70,25.5,83,28.8,2016-07-24 05:38:00,2016-07-24 19:16:00,978.7
2016-07-25,33.1,25.5,7.4,8.6,145,54,26.1,84,29.2,2016-07-25 05:39:00,2016-07-25 19:16:00,978.2
2016-07-26,31.3,26.0,4.2,15.5,124,100,25.5,87,28.0,2016-07-26 05:39:00,2016-07-26 19:15:00,979.1
2016-07-27,29.5,25.7,6.5,20.3,109,100,24.8,86,27.3,2016-07-27 05:40:00,2016-07-27 19:15:00,980.5
2016-07-28,30.0,24.9,18.9,12.2,89,99,24.7,89,26.7,2016-07-28 05:40:00,2016-07-28 19:14:00,978.7
2016-07-29,27.0,24.7,18.7,8.7,102,100,24.8,94,25.8,2016-07-29 05:41:00,2016-07-29 19:14:00,977.0
2016-07-30,29.6,24.8,8.3,11.2,100,94,24.7,90,26.6,2016-07-30 05:41:00,2016-07-30 19:13:00,977.0
2016-07-31,29.0,24.7,7.6,8.7,73,98,24.9,89,26.8,2016-07-31 05:42:00,2016-07-31 19:12:00,976.9
2016-08-01,29.2,25.1,12.5,16.4,95,93,24.9,89,26.9,2016-08-01 05:43:00,2016-08-01 19:12:00,975.4
2016-08-02,31.9,24.7,10.6,13.3,102,93,24.8,86,27.5,2016-08-02 05:43:00,2016-08-02 19:11:00,974.4
2016-08-03,32.9,25.7,0.0,15.6,96,75,24.9,79,29.2,2016-08-03 05:44:00,2016-08-03 19:10:00,974.6
2016-08-04,33.6,27.2,4.8,13.5,97,81,25.5,79,29.6,2016-08-04 05:44:00,2016-08-04 19:09:00,975.0
2016-08-05,33.7,27.3,1.1,10.3,106,76,26.1,80,30.1,2016-08-05 05:45:00,2016-08-05 19:09:00,975.8
2016-08-06,31.3,27.1,1.0,17.4,78,93,25.8,85,28.6,2016-08-06 05:45:00,2016-08-06 19:08:00,976.6
2016-08-07,33.0,26.0,2.7,14.2,83,80,24.9,80,28.9,2016-08-07 05:46:00,2016-08-07 19:07:00,976.5
2016-08-08,32.5,26.8,4.7,17.6,83,76,25.3,81,29.0,2016-08-08 05:46:00,2016-08-08 19:06:00,976.4
2016-08-09,30.5,25.9,6.3,18.4,98,93,25.0,85,27.8,2016-08-09 05:47:00,2016-08-09 19:05:00,974.8
2016-08-10,30.4,25.8,10.5,14.7,93,98,25.0,88,27.3,2016-08-10 05:47:00,2016-08-10 19:05:00,975.3
2016-08-11,30.4,25.2,14.1,10.3,108,100,24.9,90,26.9,2016-08-11 05:48:00,2016-08-11 19:04:00,977.2
2016-08-12,30.7,25.1,11.9,8.6,41,93,25.2,89,27.3,2016-08-12 05:49:00,2016-08-12 19:03:00,977.9
2016-08-13,31.8,25.3,11.4,5.8,289,99,25.5,88,27.8,2016-08-13 05:49:00,2016-08-13 19:02:00,977.1
2016-08-14,30.9,25.3,13.9,12.5,273,97,25.7,89,27.7,2016-08-14 05:50:00,2016-08-14 19:01:00,976.4
2016-08-15,33.1,25.9,2.6,15.8,276,65,24.9,80,29.0,2016-08-15 05:50:00,2016-08-15 19:00:00,975.1
2016-08-16,33.4,26.0,0.8,17.4,280,58,24.0,73,29.5,2016-08-16 05:51:00,2016-08-16 18:59:00,973.7
2016-08-17,29.8,26.4,0.2,17.7,300,95,23.4,76,28.1,2016-08-17 05:51:00,2016-08-17 18:58:00,975.1
2016-08-18,30.1,25.8,7.1,7.6,8,97,25.4,87,27.8,2016-08-18 05:52:00,2016-08-18 18:57:00,976.0
2016-08-19,32.3,25.9,1.3,10.5,9,91,25.5,82,29.0,2016-08-19 05:52:00,2016-08-19 18:56:00,975.8
2016-08-20,31.6,26.3,2.9,22.1,96,99,24.8,80,28.7,2016-08-20 05:53:00,2016-08-20 18:55:00,976.2
2016-08-21,30.6,25.4,0.0,16.7,118,43,23.6,78,27.9,2016-08-21 05:53:00,2016-08-21 18:54:00,976.9
2016-08-22,31.6,24.2,0.0,16.1,110,69,23.7,79,27.9,2016-08-22 05:54:00,2016-08-22 18:53:00,978.6
2016-08-23,31.0,25.8,0.1,11.3,100,55,24.9,82,28.5,2016-08-23 05:54:00,2016-08-23 18:52:00,979.0
2016-08-24,29.7,26.1,12.8,19.1,95,94,24.5,85,27.3,2016-08-24 05:55:00,2016-08-24 18:51:00,978.5
2016-08-25,32.3,25.5,1.3,11.0,127,82,25.5,85,28.4,2016-08-25 05:56:00,2016-08-25 18:50:00,980.2
2016-08-26,32.9,26.1,1.5,11.7,160,68,25.4,82,28.9,2016-08-26 05:56:00,2016-08-26 18:49:00,981.0
2016-08-27,32.5,25.0,6.5,14.5,82,61,25.7,86,28.4,2016-08-27 05:57:00,2016-08-27 18:48:00,982.2
2016-08-28,32.9,26.3,6.3,12.3,106,48,25.9,84,29.0,2016-08-28 05:57:00,2016-08-28 18:47:00,982.0
2016-08-29,31.7,25.5,13.7,12.2,325,99,25.4,89,27.5,2016-08-29 05:58:00,2016-08-29 18:46:00,979.6
2016-08-30,31.4,24.4,24.3,7.5,244,63,24.9,88,27.1,2016-08-30 05:58:00,2016-08-30 18:45:00,977.9
2016-08-31,30.0,25.0,18.5,9.4,128,93,25.1,91,26.8,2016-08-31 05:59:00,2016-08-31 18:43:00,978.5
2016-09-01,31.3,24.5,7.3,8.8,157,88,24.7,88,27.0,2016-09-01 05:59:00,2016-09-01 18:42:00,978.3
2016-09-02,31.7,25.1,0.4,17.3,296,48,24.3,80,28.2,2016-09-02 06:00:00,2016-09-02 18:41:00,976.8
2016-09-03,31.3,25.6,0.2,21.4,284,12,23.0,74,28.2,2016-09-03 06:00:00,2016-09-03 18:40:00,976.7
2016-09-04,32.0,24.7,0.0,16.3,272,13,22.9,73,28.2,2016-09-04 06:00:00,2016-09-04 18:39:00,979.0
2016-09-05,31.6,24.4,0.1,17.8,274,14,22.3,72,28.0,2016-09-05 06:01:00,2016-09-05 18:38:00,979.5
2016-09-06,31.6,25.3,0.0,21.5,275,11,22.1,70,28.3,2016-09-06 06:01:00,2016-09-06 18:36:00,980.0
2016-09-07,32.1,24.9,0.0,16.6,277,13,21.8,68,28.3,2016-09-07 06:02:00,2016-09-07 18:35:00,979.8
2016-09-08,32.1,25.2,0.1,16.3,284,17,22.0,68,28.5,2016-09-08 06:02:00,2016-09-08 18:34:00,980.8
2016-09-09,33.0,25.1,0.0,16.0,277,5,22.1,68,28.8,2016-09-09 06:03:00,2016-09-09 18:33:00,981.6
2016-09-10,33.1,25.5,0.0,17.1,273,4,21.6,65,29.0,2016-09-10 06:03:00,2016-09-10 18:32:00,980.8
2016-09-11,32.9,25.4,0.0,15.6,273,8,21.4,64,28.9,2016-09-11 06:04:00,2016-09-11 18:31:00,980.2
2016-09-12,32.5,25.5,0.0,16.2,277,13,21.5,65,28.8,2016-09-12 06:04:00,2016-09-12 18:29:00,980.5
2016-09-13,33.0,25.1,0.0,9.2,317,31,22.8,70,29.0,2016-09-13 06:05:00,2016-09-13 18:28:00,982.4
2016-09-14,31.9,24.2,0.1,9.2,65,15,23.6,79,27.9,2016-09-14 06:05:00,2016-09-14 18:27:00,983.2
2016-09-15,33.1,25.0,0.0,8.8,28,7,23.5,75,28.7,2016-09-15 06:06:00,2016-09-15 18:26:00,981.5
2016-09-16,33.6,25.2,0.0,11.6,20,5,23.3,73,29.1,2016-09-16 06:06:00,2016-09-16 18:25:00,980.6
2016-09-17,32.7,24.0,0.0,7.4,72,7,23.1,73,28.7,2016-09-17 06:07:00,2016-09-17 18:23:00,979.6
2016-09-18,33.0,24.5,0.0,11.2,110,9,23.8,76,28.7,2016-09-18 06:07:00,2016-09-18 18:22:00,980.8
2016-09-19,33.2,24.4,0.0,6.9,140,13,23.6,74,29.0,2016-09-19 06:08:00,2016-09-19 18:21:00,980.2
2016-09-20,34.6,25.3,0.0,7.6,143,11,22.6,67,30.0,2016-09-20 06:08:00,2016-09-20 18:20:00,979.1
2016-09-21,34.4,26.1,0.0,15.9,105,13,23.9,72,29.6,2016-09-21 06:09:00,2016-09-21 18:19:00,981.0
2016-09-22,30.2,23.9,2.0,19.2,108,37,23.9,84,27.0,2016-09-22 06:09:00,2016-09-22 18:17:00,983.9
2016-09-23,31.9,22.9,0.0,9.0,100,9,22.8,78,27.4,2016-09-23 06:10:00,2016-09-23 18:16:00,981.2
2016-09-24,31.8,24.5,0.2,9.4,108,27,23.7,78,28.1,2016-09-24 06:10:00,2016-09-24 18:15:00,980.0
2016-09-25,31.7,23.6,0.0,9.0,97,12,22.8,76,27.6,2016-09-25 06:11:00,2016-09-25 18:14:00,980.5
2016-09-26,32.5,24.3,0.2,10.2,108,14,23.1,75,28.2,2016-09-26 06:11:00,2016-09-26 18:13:00,981.9
2016-09-27,32.8,24.4,0.0,10.7,122,8,23.2,75,28.5,2016-09-27 06:12:00,2016-09-27 18:11:00,982.3
2016-09-28,33.7,24.2,0.0,9.8,114,10,22.6,70,29.1,2016-09-28 06:12:00,2016-09-28 18:10:00,981.2
2016-09-29,33.2,24.9,0.1,9.0,116,15,23.6,74,29.0,2016-09-29 06:13:00,2016-09-29 18:09:00,981.2
2016-09-30,33.5,24.4,0.0,8.2,126,11,23.2,72,29.1,2016-09-30 06:13:00,2016-09-30 18:08:00,981.4
2016-10-01,33.7,25.6,0.0,10.7,131,13,23.6,71,29.8,2016-10-01 06:14:00,2016-10-01 18:07:00,982.8
2016-10-02,33.8,26.3,0.3,9.3,99,36,24.3,73,29.7,2016-10-02 06:14:00,2016-10-02 18:06:00,984.4
2016-10-03,33.1,25.4,1.7,12.2,94,95,24.6,77,29.3,2016-10-03 06:15:00,2016-10-03 18:04:00,983.1
2016-10-04,33.0,25.5,1.7,7.6,61,69,24.5,78,29.1,2016-10-04 06:15:00,2016-10-04 18:03:00,981.3
2016-10-05,31.4,24.7,7.7,8.5,37,83,24.3,81,28.0,2016-10-05 06:16:00,2016-10-05 18:02:00,980.8
2016-10-06,31.8,24.3,0.0,7.1,72,61,23.7,78,28.2,2016-10-06 06:17:00,2016-10-06 18:01:00,982.4
2016-10-07,33.6,24.2,0.0,11.7,321,10,22.4,72,28.5,2016-10-07 06:17:00,2016-10-07 18:00:00,982.9
2016-10-08,33.9,23.1,0.0,15.6,332,2,20.5,65,28.3,2016-10-08 06:18:00,2016-10-08 17:59:00,982.6
2016-10-09,34.0,21.7,0.0,10.0,257,12,19.8,64,28.1,2016-10-09 06:18:00,2016-10-09 17:58:00,981.4
2016-10-10,32.6,22.7,0.0,10.7,309,37,17.8,58,27.3,2016-10-10 06:19:00,2016-10-10 17:57:00,981.7
2016-10-11,33.4,19.7,0.0,14.3,303,0,14.9,52,26.6,2016-10-11 06:19:00,2016-10-11 17:55:00,982.1
2016-10-12,33.7,19.3,0.0,15.3,297,0,14.2,50,26.4,2016-10-12 06:20:00,2016-10-12 17:54:00,981.7
2016-10-13,34.0,18.3,0.0,14.8,290,0,12.9,47,26.1,2016-10-13 06:21:00,2016-10-13 17:53:00,983.5
2016-10-14,33.3,17.3,0.0,11.3,300,0,12.5,47,25.3,2016-10-14 06:21:00,2016-10-14 17:52:00,984.5
2016-10-15,32.9,17.5,0.0,11.8,308,0,14.0,53,25.4,2016-10-15 06:22:00,2016-10-15 17:51:00,985.6
2016-10-16,33.1,17.9,0.0,10.2,312,0,14.0,52,25.5,2016-10-16 06:22:00,2016-10-16 17:50:00,986.8
2016-10-17,33.1,18.4,0.0,12.2,296,0,13.7,52,25.7,2016-10-17 06:23:00,2016-10-17 17:49:00,985.8
2016-10-18,32.6,17.2,0.0,11.5,303,0,13.1,52,24.8,2016-10-18 06:24:00,2016-10-18 17:48:00,984.7
2016-10-19,32.9,17.1,0.0,10.2,282,0,13.7,53,24.9,2016-10-19 06:24:00,2016-10-19 17:47:00,983.7
2016-10-20,33.6,18.7,0.0,14.2,276,0,10.6,42,25.5,2016-10-20 06:25:00,2016-10-20 17:46:00,982.6
2016-10-21,33.3,19.7,0.0,15.8,288,0,11.8,43,25.9,2016-10-21 06:25:00,2016-10-21 17:45:00,983.6
2016-10-22,33.6,19.8,0.0,17.4,292,0,12.8,46,25.9,2016-10-22 06:26:00,2016-10-22 17:44:00,984.5
2016-10-23,32.7,18.8,0.0,20.6,296,0,13.0,49,25.3,2016-10-23 06:27:00,2016-10-23 17:43:00,984.4
2016-10-24,32.6,18.4,0.0,17.6,287,0,13.0,49,25.2,2016-10-24 06:27:00,2016-10-24 17:42:00,983.5
2016-10-25,32.8,19.4,0.0,16.6,298,0,13.3,49,25.3,2016-10-25 06:28:00,2016-10-25 17:42:00,984.1
2016-10-26,32.7,17.3,0.0,13.0,325,1,14.2,55,24.9,2016-10-26 06:29:00,2016-10-26 17:41:00,986.4
2016-10-27,31.7,16.2,0.0,13.1,324,0,13.0,55,23.9,2016-10-27 06:29:00,2016-10-27 17:40:00,989.4
2016-10-28,30.9,16.7,0.0,11.9,293,0,11.5,49,23.7,2016-10-28 06:30:00,2016-10-28 17:39:00,987.7
2016-10-29,30.9,17.9,0.0,8.9,110,0,12.0,50,23.8,2016-10-29 06:31:00,2016-10-29 17:38:00,987.9
2016-10-30,30.2,16.4,0.0,9.4,80,28,14.7,62,23.3,2016-10-30 06:32:00,2016-10-30 17:37:00,989.6
2016-10-31,29.6,18.8,0.0,9.6,39,1,15.3,62,23.6,2016-10-31 06:32:00,2016-10-31 17:37:00,992.3
2016-11-01,29.3,15.8,0.0,9.6,328,0,14.7,64,22.7,2016-11-01 06:33:00,2016-11-01 17:36:00,991.2
2016-11-02,29.7,16.2,0.0,9.4,334,0,15.0,64,23.1,2016-11-02 06:34:00,2016-11-02 17:35:00,991.0
2016-11-03,29.7,15.5,0.0,8.2,340,0,14.8,63,23.1,2016-11-03 06:34:00,2016-11-03 17:34:00,991.2
2016-11-04,29.8,15.4,0.0,10.9,304,4,14.2,63,22.6,2016-11-04 06:35:00,2016-11-04 17:33:00,988.1
2016-11-05,29.5,15.7,0.0,15.0,305,0,14.2,62,22.5,2016-11-05 06:36:00,2016-11-05 17:33:00,985.6
2016-11-06,29.5,15.0,0.0,10.8,327,1,13.3,60,22.3,2016-11-06 06:37:00,2016-11-06 17:32:00,986.3
2016-11-07,29.5,15.6,0.0,16.3,306,0,12.0,57,22.1,2016-11-07 06:37:00,2016-11-07 17:31:00,987.7
2016-11-08,29.3,17.1,0.0,17.7,295,0,10.8,50,22.4,2016-11-08 06:38:00,2016-11-08 17:31:00,988.5
2016-11-09,29.5,15.1,0.0,13.9,299,0,10.5,51,21.7,2016-11-09 06:39:00,2016-11-09 17:30:00,989.3
2016-11-10,29.3,13.3,0.0,10.0,323,0,11.7,59,21.0,2016-11-10 06:40:00,2016-11-10 17:30:00,988.7
2016-11-11,28.9,13.7,0.0,9.5,111,0,12.9,64,21.0,2016-11-11 06:40:00,2016-11-11 17:29:00,988.7
2016-11-12,29.3,14.7,0.0,10.0,134,1,12.4,60,21.7,2016-11-12 06:41:00,2016-11-12 17:29:00,990.0
2016-11-13,28.5,15.6,0.0,8.7,134,22,12.6,58,21.9,2016-11-13 06:42:00,2016-11-13 17:28:00,991.2
2016-11-14,27.7,17.0,0.0,8.0,11,40,13.4,61,21.9,2016-11-14 06:43:00,2016-11-14 17:28:00,990.7
2016-11-15,27.2,16.9,0.0,9.4,335,34,10.5,52,21.4,2016-11-15 06:44:00,2016-11-15 17:27:00,990.9
2016-11-16,27.1,14.0,0.0,12.5,312,0,9.2,52,20.1,2016-11-16 06:44:00,2016-11-16 17:27:00,992.0
2016-11-17,27.5,14.0,0.0,18.4,297,0,8.8,50,20.1,2016-11-17 06:45:00,2016-11-17 17:26:00,991.7
2016-11-18,27.1,14.4,0.0,14.1,292,0,10.3,55,20.1,2016-11-18 06:46:00,2016-11-18 17:26:00,989.8
2016-11-19,26.9,13.1,0.0,9.5,291,0,10.3,58,19.6,2016-11-19 06:47:00,2016-11-19 17:26:00,987.6
2016-11-20,27.6,13.2,0.0,10.1,134,0,11.3,62,19.7,2016-11-20 06:48:00,2016-11-20 17:25:00,988.3
2016-11-21,28.7,13.0,0.0,10.8,269,0,11.0,60,20.4,2016-11-21 06:48:00,2016-11-21 17:25:00,988.6
2016-11-22,28.8,13.2,0.0,14.9,290,0,9.9,53,20.6,2016-11-22 06:49:00,2016-11-22 17:25:00,987.6
2016-11-23,28.1,14.8,0.0,12.2,295,9,11.5,58,20.7,2016-11-23 06:50:00,2016-11-23 17:25:00,987.8
2016-11-24,27.8,13.0,0.0,15.5,307,12,9.9,56,20.0,2016-11-24 06:51:00,2016-11-24 17:24:00,989.8
2016-11-25,28.7,15.3,0.0,23.1,302,0,7.3,43,21.3,2016-11-25 06:52:00,2016-11-25 17:24:00,988.4
2016-11-26,29.4,16.9,0.0,22.4,300,0,6.8,39,22.0,2016-11-26 06:52:00,2016-11-26 17:24:00,988.0
2016-11-27,29.2,15.7,0.0,20.8,299,0,7.3,42,21.5,2016-11-27 06:53:00,2016-11-27 17:24:00,988.6
2016-11-28,28.1,16.1,0.0,16.0,299,0,6.5,41,21.0,2016-11-28 06:54:00,2016-11-28 17:24:00,988.1
2016-11-29,26.5,11.2,0.0,9.7,10,0,8.7,55,18.7,2016-11-29 06:55:00,2016-11-29 17:24:00,989.8
2016-11-30,26.3,12.2,0.0,9.6,112,2,13.1,71,19.1,2016-11-30 06:55:00,2016-11-30 17:24:00,991.2
2016-12-01,26.0,14.2,0.0,9.2,73,0,14.9,75,19.9,2016-12-01 06:56:00,2016-12-01 17:24:00,991.7
2016-12-02,25.3,13.7,0.0,9.2,309,1,13.5,72,19.3,2016-12-02 06:57:00,2016-12-02 17:24:00,992.5
2016-12-03,25.6,11.5,0.0,8.0,291,0,9.7,62,18.2,2016-12-03 06:58:00,2016-12-03 17:24:00,993.8
2016-12-04,25.2,10.8,0.0,9.7,292,0,8.8,59,17.7,2016-12-04 06:58:00,2016-12-04 17:24:00,994.2
2016-12-05,25.3,11.3,0.0,10.6,291,0,10.4,63,18.0,2016-12-05 06:59:00,2016-12-05 17:24:00,992.1
2016-12-06,25.2,11.4,0.0,9.1,346,0,11.5,68,18.2,2016-12-06 07:00:00,2016-12-06 17:24:00,992.5
2016-12-07,24.7,11.0,0.0,6.6,350,2,12.5,72,18.2,2016-12-07 07:01:00,2016-12-07 17:24:00,991.9
2016-12-08,24.4,10.9,0.0,7.0,141,8,12.4,73,17.8,2016-12-08 07:01:00,2016-12-08 17:24:00,990.9
2016-12-09,25.2,11.4,0.0,8.8,225,3,12.2,71,18.2,2016-12-09 07:02:00,2016-12-09 17:24:00,988.7
2016-12-10,25.6,11.8,0.0,9.4,160,0,13.4,74,18.6,2016-12-10 07:03:00,2016-12-10 17:25:00,988.3
2016-12-11,25.7,12.7,0.0,9.6,269,3,13.5,71,19.2,2016-12-11 07:03:00,2016-12-11 17:25:00,988.2
2016-12-12,25.4,12.4,0.0,9.5,312,3,12.0,68,18.7,2016-12-12 07:04:00,2016-12-12 17:25:00,988.8
2016-12-13,24.4,12.2,0.0,12.1,316,9,12.5,72,18.1,2016-12-13 07:05:00,2016-12-13 17:25:00,989.7
2016-12-14,23.8,12.5,0.0,12.0,316,1,11.0,69,17.4,2016-12-14 07:05:00,2016-12-14 17:26:00,991.5
2016-12-15,23.3,10.9,0.0,18.0,293,0,8.1,61,16.4,2016-12-15 07:06:00,2016-12-15 17:26:00,991.2
2016-12-16,22.6,8.4,0.0,9.9,316,50,8.0,64,15.3,2016-12-16 07:07:00,2016-12-16 17:26:00,992.7
2016-12-17,22.3,9.1,0.0,11.0,313,51,8.4,66,15.3,2016-12-17 07:07:00,2016-12-17 17:27:00,992.1
2016-12-18,22.1,9.0,0.0,10.5,308,21,7.6,64,15.0,2016-12-18 07:08:00,2016-12-18 17:27:00,992.2
2016-12-19,23.1,8.7,0.0,15.1,298,0,7.5,63,15.3,2016-12-19 07:08:00,2016-12-19 17:28:00,991.9
2016-12-20,24.3,12.1,0.0,21.1,296,0,8.0,57,17.2,2016-12-20 07:09:00,2016-12-20 17:28:00,990.4
2016-12-21,24.9,11.7,0.0,18.2,292,0,6.6,52,17.3,2016-12-21 07:09:00,2016-12-21 17:29:00,990.2
2016-12-22,23.1,9.9,0.0,11.8,317,0,8.3,60,16.5,2016-12-22 07:10:00,2016-12-22 17:29:00,990.7
2016-12-23,23.8,10.3,0.0,5.7,320,4,10.0,68,16.7,2016-12-23 07:10:00,2016-12-23 17:30:00,988.8
2016-12-24,23.8,9.5,0.0,12.7,125,0,10.7,73,16.1,2016-12-24 07:11:00,2016-12-24 17:30:00,986.2
2016-12-25,21.6,11.9,0.0,13.4,218,3,12.0,78,16.2,2016-12-25 07:11:00,2016-12-25 17:31:00,988.3
2016-12-26,22.6,11.4,0.0,13.5,309,0,10.7,73,16.1,2016-12-26 07:11:00,2016-12-26 17:31:00,991.4
2016-12-27,22.9,9.7,0.0,12.7,300,1,8.0,63,15.7,2016-12-27 07:12:00,2016-12-27 17:32:00,991.6
2016-12-28,23.4,8.4,0.0,9.2,292,48,9.2,68,15.8,2016-12-28 07:12:00,2016-12-28 17:32:00,990.4
2016-12-29,23.0,9.6,0.0,10.5,122,24,11.1,76,15.8,2016-12-29 07:13:00,2016-12-29 17:33:00,991.3
2016-12-30,22.1,11.2,0.0,11.9,118,11,12.2,80,16.0,2016-12-30 07:13:00,2016-12-30 17:34:00,992.1
2016-12-31,21.5,10.6,0.0,13.2,125,20,11.7,79,15.6,2016-12-31 07:13:00,2016-12-31 17:34:00,990.9
2017-01-01,22.0,11.3,0.0,13.0,99,19,11.8,80,15.7,2017-01-01 07:13:00,2017-01-01 17:35:00,991.2
2017-01-02,21.7,10.7,0.0,10.8,22,21,12.1,82,15.5,2017-01-02 07:14:00,2017-01-02 17:36:00,993.0
2017-01-03,22.5,10.4,0.0,9.4,303,24,11.2,75,16.1,2017-01-03 07:14:00,2017-01-03 17:37:00,992.8
2017-01-04,23.0,10.3,0.0,9.7,178,0,11.5,74,16.6,2017-01-04 07:14:00,2017-01-04 17:37:00,990.6
2017-01-05,23.4,10.9,0.0,9.6,201,0,12.4,78,16.7,2017-01-05 07:14:00,2017-01-05 17:38:00,989.0
2017-01-06,23.0,12.4,1.8,18.1,143,17,12.3,77,16.8,2017-01-06 07:14:00,2017-01-06 17:39:00,986.5
2017-01-07,19.4,11.4,5.4,16.0,118,44,12.3,87,14.6,2017-01-07 07:15:00,2017-01-07 17:40:00,986.0
2017-01-08,18.4,10.6,0.0,11.4,44,63,10.0,81,13.6,2017-01-08 07:15:00,2017-01-08 17:40:00,989.6
2017-01-09,19.2,8.4,0.0,12.4,339,4,7.4,72,13.0,2017-01-09 07:15:00,2017-01-09 17:41:00,989.9
2017-01-10,16.7,6.4,0.0,17.6,303,0,2.6,60,11.0,2017-01-10 07:15:00,2017-01-10 17:42:00,990.8
2017-01-11,16.0,4.6,0.0,17.1,292,3,1.1,58,9.7,2017-01-11 07:15:00,2017-01-11 17:43:00,991.0
2017-01-12,16.9,4.2,0.0,11.8,307,1,3.1,64,10.1,2017-01-12 07:15:00,2017-01-12 17:43:00,990.8
2017-01-13,17.9,5.0,0.0,12.0,320,0,3.5,66,10.5,2017-01-13 07:15:00,2017-01-13 17:44:00,991.3
2017-01-14,18.5,4.4,0.0,10.7,316,30,4.1,64,11.3,2017-01-14 07:15:00,2017-01-14 17:45:00,992.6
2017-01-15,20.3,8.3,0.0,10.5,176,33,6.2,63,13.8,2017-01-15 07:14:00,2017-01-15 17:46:00,992.6
2017-01-16,19.6,10.5,0.2,15.5,285,24,7.1,62,14.5,2017-01-16 07:14:00,2017-01-16 17:47:00,991.3
2017-01-17,16.6,6.0,0.0,12.3,301,7,6.1,76,10.7,2017-01-17 07:14:00,2017-01-17 17:47:00,992.8
2017-01-18,19.1,5.2,0.0,11.1,332,31,6.1,73,11.5,2017-01-18 07:14:00,2017-01-18 17:48:00,995.6
2017-01-19,20.8,7.1,0.0,16.4,320,23,6.1,66,12.9,2017-01-19 07:14:00,2017-01-19 17:49:00,997.2
2017-01-20,19.3,6.5,0.0,14.7,297,43,5.6,68,12.0,2017-01-20 07:13:00,2017-01-20 17:50:00,996.1
2017-01-21,19.8,7.3,0.1,12.1,294,85,6.5,66,13.2,2017-01-21 07:13:00,2017-01-21 17:51:00,994.6
2017-01-22,22.9,9.7,0.0,9.7,328,5,10.5,73,15.7,2017-01-22 07:13:00,2017-01-22 17:52:00,995.7
2017-01-23,23.5,10.6,0.0,12.8,313,16,10.6,71,16.3,2017-01-23 07:13:00,2017-01-23 17:53:00,994.3
2017-01-24,24.9,10.4,0.0,10.2,345,63,11.0,71,16.9,2017-01-24 07:12:00,2017-01-24 17:53:00,992.9
2017-01-25,25.2,13.7,12.8,22.0,124,87,13.8,75,18.4,2017-01-25 07:12:00,2017-01-25 17:54:00,992.8
2017-01-26,19.0,13.7,33.3,19.1,122,93,14.6,90,16.3,2017-01-26 07:12:00,2017-01-26 17:55:00,991.9
2017-01-27,17.9,12.4,1.8,19.4,282,59,11.4,81,14.7,2017-01-27 07:11:00,2017-01-27 17:56:00,992.2
2017-01-28,19.7,10.1,0.0,13.6,305,22,11.0,82,14.2,2017-01-28 07:11:00,2017-01-28 17:57:00,993.8
2017-01-29,21.0,11.0,0.0,16.9,290,64,11.6,82,14.9,2017-01-29 07:10:00,2017-01-29 17:57:00,991.5
2017-01-30,20.8,10.1,0.0,8.7,285,13,11.9,84,14.8,2017-01-30 07:10:00,2017-01-30 17:58:00,990.3
2017-01-31,21.2,11.1,0.0,12.5,327,27,12.8,84,15.6,2017-01-31 07:09:00,2017-01-31 17:59:00,990.0
2017-02-01,20.6,9.8,0.0,11.7,299,6,11.1,81,14.7,2017-02-01 07:09:00,2017-02-01 18:00:00,991.4
2017-02-02,21.4,9.2,0.0,11.0,326,39,10.6,79,14.7,2017-02-02 07:08:00,2017-02-02 18:01:00,993.6
2017-02-03,22.2,9.3,0.0,10.1,335,84,11.4,82,14.7,2017-02-03 07:08:00,2017-02-03 18:01:00,992.3
2017-02-04,22.6,11.7,0.0,22.2,126,90,12.9,79,16.8,2017-02-04 07:07:00,2017-02-04 18:02:00,989.1
2017-02-05,21.8,14.6,3.2,23.5,117,57,13.9,79,17.7,2017-02-05 07:06:00,2017-02-05 18:03:00,988.4
2017-02-06,21.8,11.8,0.1,16.8,310,31,11.8,78,16.2,2017-02-06 07:06:00,2017-02-06 18:04:00,990.3
2017-02-07,20.0,9.7,0.0,16.8,301,73,9.2,73,14.3,2017-02-07 07:05:00,2017-02-07 18:05:00,990.7
2017-02-08,21.4,9.2,0.0,10.8,297,39,9.6,73,14.8,2017-02-08 07:04:00,2017-02-08 18:05:00,989.7
2017-02-09,20.7,9.5,0.0,17.7,323,10,9.0,72,14.7,2017-02-09 07:04:00,2017-02-09 18:06:00,990.4
2017-02-10,21.1,9.9,0.0,18.9,303,0,8.2,68,14.5,2017-02-10 07:03:00,2017-02-10 18:07:00,990.2
2017-02-11,21.4,8.0,0.0,11.2,311,0,7.9,70,14.0,2017-02-11 07:02:00,2017-02-11 18:08:00,990.7
2017-02-12,22.1,8.4,0.0,10.8,354,0,9.5,72,15.0,2017-02-12 07:01:00,2017-02-12 18:09:00,994.0
2017-02-13,23.0,9.9,0.0,12.7,316,0,9.1,68,15.8,2017-02-13 07:00:00,2017-02-13 18:09:00,995.8
2017-02-14,24.0,10.2,0.0,14.5,295,23,9.2,65,16.4,2017-02-14 07:00:00,2017-02-14 18:10:00,996.0
2017-02-15,25.1,11.1,0.0,13.2,292,32,10.3,65,17.6,2017-02-15 06:59:00,2017-02-15 18:11:00,995.2
2017-02-16,27.4,13.3,0.0,18.3,301,54,11.6,61,19.9,2017-02-16 06:58:00,2017-02-16 18:12:00,992.9
2017-02-17,27.2,15.0,0.0,16.4,299,64,12.6,64,20.1,2017-02-17 06:57:00,2017-02-17 18:12:00,991.8
2017-02-18,28.5,14.2,0.0,15.6,304,46,13.2,66,20.6,2017-02-18 06:56:00,2017-02-18 18:13:00,991.9
2017-02-19,28.6,15.1,0.0,16.0,308,50,13.2,62,21.5,2017-02-19 06:55:00,2017-02-19 18:14:00,989.1
2017-02-20,29.4,16.4,0.0,15.5,161,21,14.3,63,22.4,2017-02-20 06:55:00,2017-02-20 18:14:00,981.8
2017-02-21,25.4,14.7,0.0,18.1,276,21,11.4,64,19.4,2017-02-21 06:54:00,2017-02-21 18:15:00,982.4
2017-02-22,25.5,12.9,0.0,11.8,320,3,9.0,57,18.9,2017-02-22 06:53:00,2017-02-22 18:16:00,986.8
2017-02-23,24.7,11.4,0.0,22.7,310,0,4.4,44,17.9,2017-02-23 06:52:00,2017-02-23 18:16:00,989.7
2017-02-24,25.2,12.4,0.0,27.3,303,0,2.9,37,18.3,2017-02-24 06:51:00,2017-02-24 18:17:00,990.9
2017-02-25,26.8,13.1,0.0,24.5,295,0,4.3,39,19.3,2017-02-25 06:50:00,2017-02-25 18:18:00,989.3
2017-02-26,26.4,12.9,0.0,20.7,297,3,6.0,46,18.8,2017-02-26 06:49:00,2017-02-26 18:18:00,987.6
2017-02-27,27.4,12.2,0.0,16.2,302,1,7.4,48,19.4,2017-02-27 06:48:00,2017-02-27 18:19:00,988.9
2017-02-28,29.2,15.3,0.0,9.8,4,33,9.5,47,22.0,2017-02-28 06:47:00,2017-02-28 18:20:00,989.0
2017-03-01,28.0,18.4,2.9,11.8,357,35,12.6,56,22.2,2017-03-01 06:46:00,2017-03-01 18:20:00,987.8
2017-03-02,27.6,14.5,1.3,14.0,341,12,11.5,62,20.3,2017-03-02 06:45:00,2017-03-02 18:21:00,987.4
2017-03-03,26.4,13.5,0.0,16.9,329,51,6.5,46,19.7,2017-03-03 06:43:00,2017-03-03 18:22:00,986.1
2017-03-04,25.1,12.2,0.0,17.3,306,2,4.8,43,18.4,2017-03-04 06:42:00,2017-03-04 18:22:00,985.2
2017-03-05,26.7,12.0,0.0,20.9,301,0,5.3,43,18.8,2017-03-05 06:41:00,2017-03-05 18:23:00,985.7
2017-03-06,26.9,12.5,0.0,19.2,297,39,5.5,43,19.4,2017-03-06 06:40:00,2017-03-06 18:24:00,985.5
2017-03-07,27.5,13.5,0.0,14.7,351,40,7.7,46,20.5,2017-03-07 06:39:00,2017-03-07 18:24:00,984.2
2017-03-08,25.9,16.5,1.2,21.3,55,48,9.3,50,20.5,2017-03-08 06:38:00,2017-03-08 18:25:00,983.8
2017-03-09,25.9,14.1,0.3,14.6,68,18,11.5,64,19.1,2017-03-09 06:37:00,2017-03-09 18:25:00,983.0
2017-03-10,22.6,13.3,12.1,17.5,131,32,12.8,77,17.1,2017-03-10 06:36:00,2017-03-10 18:26:00,981.9
2017-03-11,21.7,12.0,1.3,19.2,75,41,11.5,76,16.1,2017-03-11 06:35:00,2017-03-11 18:27:00,984.6
2017-03-12,21.6,10.3,0.0,17.3,327,4,8.0,63,15.9,2017-03-12 06:34:00,2017-03-12 18:27:00,988.8
2017-03-13,22.8,10.3,0.0,17.8,314,0,5.9,53,16.2,2017-03-13 06:33:00,2017-03-13 18:28:00,989.1
2017-03-14,24.5,9.7,0.0,12.5,334,46,7.0,53,17.5,2017-03-14 06:32:00,2017-03-14 18:28:00,991.0
2017-03-15,26.9,11.3,0.0,15.3,313,32,8.5,54,18.9,2017-03-15 06:30:00,2017-03-15 18:29:00,989.6
2017-03-16,27.2,13.6,0.0,15.2,318,38,9.5,52,20.3,2017-03-16 06:29:00,2017-03-16 18:30:00,986.9
2017-03-17,26.4,13.8,0.0,21.1,315,4,9.9,56,19.8,2017-03-17 06:28:00,2017-03-17 18:30:00,985.8
2017-03-18,27.9,13.7,0.0,11.3,313,46,9.0,50,20.5,2017-03-18 06:27:00,2017-03-18 18:31:00,985.6
2017-03-19,29.4,15.9,1.3,19.2,296,36,11.4,55,21.5,2017-03-19 06:26:00,2017-03-19 18:31:00,986.6
2017-03-20,29.5,15.2,0.0,19.3,287,8,10.7,56,21.8,2017-03-20 06:25:00,2017-03-20 18:32:00,988.0
2017-03-21,32.1,16.0,0.0,16.8,290,2,10.9,48,23.5,2017-03-21 06:23:00,2017-03-21 18:32:00,987.7
2017-03-22,33.9,18.0,0.0,18.0,290,1,12.4,48,25.5,2017-03-22 06:22:00,2017-03-22 18:33:00,986.1
2017-03-23,34.6,17.8,0.2,23.2,279,16,13.7,50,25.8,2017-03-23 06:21:00,2017-03-23 18:34:00,985.0
2017-03-24,33.4,19.4,0.0,16.9,319,28,12.9,47,26.0,2017-03-24 06:20:00,2017-03-24 18:34:00,985.5
2017-03-25,32.7,17.6,0.0,20.7,307,13,10.3,41,25.4,2017-03-25 06:19:00,2017-03-25 18:35:00,985.9
2017-03-26,34.0,19.7,0.0,23.0,296,0,10.6,38,26.7,2017-03-26 06:18:00,2017-03-26 18:35:00,986.7
2017-03-27,36.0,21.7,0.0,26.5,304,0,13.0,40,28.4,2017-03-27 06:16:00,2017-03-27 18:36:00,985.8
2017-03-28,36.8,21.3,0.0,19.6,309,19,14.1,43,28.9,2017-03-28 06:15:00,2017-03-28 18:36:00,984.9
2017-03-29,37.4,22.7,0.0,20.4,297,11,13.5,39,29.7,2017-03-29 06:14:00,2017-03-29 18:37:00,983.7
2017-03-30,37.3,22.8,0.0,20.2,299,17,12.4,36,29.8,2017-03-30 06:13:00,2017-03-30 18:37:00,983.5
2017-03-31,37.3,22.9,0.0,12.4,294,59,14.0,39,30.0,2017-03-31 06:12:00,2017-03-31 18:38:00,984.1
2017-04-01,37.7,22.4,0.0,25.1,302,39,11.2,35,29.8,2017-04-01 06:11:00,2017-04-01 18:39:00,982.3
2017-04-02,37.0,22.2,0.0,20.2,300,2,8.6,29,29.4,2017-04-02 06:10:00,2017-04-02 18:39:00,980.8
2017-04-03,37.5,21.3,0.0,20.1,300,24,9.3,31,29.1,2017-04-03 06:08:00,2017-04-03 18:40:00,981.1
2017-04-04,36.5,21.2,0.0,16.6,15,23,9.9,32,29.0,2017-04-04 06:07:00,2017-04-04 18:40:00,982.5
2017-04-05,34.6,23.2,1.1,30.5,112,28,13.6,41,28.3,2017-04-05 06:06:00,2017-04-05 18:41:00,980.9
2017-04-06,36.4,21.0,0.0,23.7,165,1,11.8,40,28.7,2017-04-06 06:05:00,2017-04-06 18:41:00,979.3
2017-04-07,33.2,19.2,0.0,18.4,8,6,8.6,40,26.4,2017-04-07 06:04:00,2017-04-07 18:42:00,983.1
2017-04-08,32.8,17.4,0.0,14.5,305,0,1.8,24,25.5,2017-04-08 06:03:00,2017-04-08 18:42:00,985.7
2017-04-09,31.8,19.6,0.0,24.2,316,0,0.7,22,25.6,2017-04-09 06:02:00,2017-04-09 18:43:00,986.8
2017-04-10,33.3,18.9,0.0,31.8,303,0,1.4,22,25.9,2017-04-10 06:01:00,2017-04-10 18:44:00,985.0
2017-04-11,36.4,20.1,0.0,29.9,299,0,4.8,24,28.1,2017-04-11 05:59:00,2017-04-11 18:44:00,983.0
2017-04-12,38.4,21.4,0.0,25.5,306,0,6.9,26,29.5,2017-04-12 05:58:00,2017-04-12 18:45:00,982.3
2017-04-13,38.5,20.7,0.0,12.6,322,2,7.8,27,30.3,2017-04-13 05:57:00,2017-04-13 18:45:00,982.8
2017-04-14,39.1,23.6,0.0,11.9,160,15,9.0,28,30.9,2017-04-14 05:56:00,2017-04-14 18:46:00,981.5
2017-04-15,39.9,22.2,0.0,18.8,296,0,8.2,27,31.3,2017-04-15 05:55:00,2017-04-15 18:46:00,979.3
2017-04-16,39.7,23.2,0.0,15.1,340,1,10.8,31,31.0,2017-04-16 05:54:00,2017-04-16 18:47:00,979.8
2017-04-17,40.6,24.6,0.0,16.0,107,0,14.7,38,31.9,2017-04-17 05:53:00,2017-04-17 18:48:00,981.1
2017-04-18,41.4,23.6,0.0,16.7,279,4,13.4,35,32.7,2017-04-18 05:52:00,2017-04-18 18:48:00,979.8
2017-04-19,41.6,25.7,0.0,15.8,287,0,6.8,20,33.7,2017-04-19 05:51:00,2017-04-19 18:49:00,977.8
2017-04-20,41.5,24.3,0.0,22.9,278,32,10.0,25,33.7,2017-04-20 05:50:00,2017-04-20 18:49:00,976.2
2017-04-21,40.9,25.9,0.0,18.7,145,46,15.6,38,33.3,2017-04-21 05:49:00,2017-04-21 18:50:00,976.6
2017-04-22,40.5,27.1,2.0,21.4,18,40,18.9,47,32.5,2017-04-22 05:48:00,2017-04-22 18:50:00,978.0
2017-04-23,38.8,24.7,0.0,21.3,298,13,13.3,38,31.4,2017-04-23 05:47:00,2017-04-23 18:51:00,979.2
2017-04-24,37.0,24.1,2.1,27.2,300,28,10.6,31,30.4,2017-04-24 05:46:00,2017-04-24 18:52:00,980.4
2017-04-25,37.1,23.4,0.0,22.7,301,23,6.4,24,30.5,2017-04-25 05:45:00,2017-04-25 18:52:00,980.9
2017-04-26,37.5,22.3,0.0,24.7,277,36,5.7,23,29.9,2017-04-26 05:44:00,2017-04-26 18:53:00,981.4
2017-04-27,38.4,22.9,0.0,16.5,309,28,6.8,24,30.6,2017-04-27 05:43:00,2017-04-27 18:53:00,982.5
2017-04-28,38.3,22.7,0.3,18.3,287,28,9.0,29,30.4,2017-04-28 05:43:00,2017-04-28 18:54:00,981.8
2017-04-29,38.2,23.9,0.0,13.6,183,63,10.3,30,30.8,2017-04-29 05:42:00,2017-04-29 18:55:00,981.5
2017-04-30,37.1,23.4,0.1,25.5,110,20,11.0,34,30.0,2017-04-30 05:41:00,2017-04-30 18:55:00,981.9
2017-05-01,36.9,22.0,0.0,13.4,25,0,8.8,31,29.9,2017-05-01 05:40:00,2017-05-01 18:56:00,984.0
2017-05-02,38.4,24.8,0.0,10.8,255,42,6.3,22,31.9,2017-05-02 05:39:00,2017-05-02 18:56:00,984.5
2017-05-03,38.2,26.4,0.0,15.9,225,63,8.7,25,31.6,2017-05-03 05:38:00,2017-05-03 18:57:00,982.7
2017-05-04,38.5,25.8,0.0,25.5,284,17,8.4,25,31.6,2017-05-04 05:37:00,2017-05-04 18:58:00,983.3
2017-05-05,39.1,23.2,0.0,17.7,310,30,8.6,26,31.7,2017-05-05 05:37:00,2017-05-05 18:58:00,982.6
2017-05-06,40.7,24.7,0.0,17.7,313,35,8.9,24,33.2,2017-05-06 05:36:00,2017-05-06 18:59:00,982.3
2017-05-07,42.1,25.2,0.0,21.4,306,33,9.4,23,34.5,2017-05-07 05:35:00,2017-05-07 18:59:00,981.6
2017-05-08,42.1,26.0,0.0,16.4,319,27,9.2,23,34.2,2017-05-08 05:34:00,2017-05-08 19:00:00,980.6
2017-05-09,42.1,25.6,0.0,21.5,107,29,12.6,32,33.7,2017-05-09 05:34:00,2017-05-09 19:01:00,978.7
2017-05-10,39.8,26.9,1.8,21.5,117,37,17.5,44,32.3,2017-05-10 05:33:00,2017-05-10 19:01:00,980.7
2017-05-11,39.9,27.1,0.0,18.8,100,40,16.0,38,33.6,2017-05-11 05:32:00,2017-05-11 19:02:00,982.0
2017-05-12,40.4,26.4,1.4,24.0,38,19,15.8,37,33.1,2017-05-12 05:32:00,2017-05-12 19:02:00,982.3
2017-05-13,40.3,26.1,0.1,20.0,320,11,13.6,33,33.6,2017-05-13 05:31:00,2017-05-13 19:03:00,980.6
2017-05-14,42.6,26.8,0.0,19.4,300,14,9.6,23,35.0,2017-05-14 05:31:00,2017-05-14 19:04:00,977.7
2017-05-15,42.6,27.3,0.0,16.8,269,5,9.1,22,35.2,2017-05-15 05:30:00,2017-05-15 19:04:00,976.0
2017-05-16,40.6,27.3,0.7,22.1,314,19,12.1,28,33.8,2017-05-16 05:29:00,2017-05-16 19:05:00,976.0
2017-05-17,35.9,25.4,1.0,14.7,295,34,15.4,40,31.1,2017-05-17 05:29:00,2017-05-17 19:05:00,978.0
2017-05-18,38.5,25.7,0.4,18.8,179,16,16.3,43,31.5,2017-05-18 05:28:00,2017-05-18 19:06:00,978.8
2017-05-19,40.8,26.3,0.0,23.5,229,37,15.2,38,33.1,2017-05-19 05:28:00,2017-05-19 19:07:00,978.7
2017-05-20,39.9,25.9,0.0,16.2,266,33,13.0,31,33.1,2017-05-20 05:27:00,2017-05-20 19:07:00,977.7
2017-05-21,39.4,25.8,0.0,16.9,291,48,13.7,34,32.4,2017-05-21 05:27:00,2017-05-21 19:08:00,977.5
2017-05-22,37.7,24.3,0.9,17.3,285,29,16.2,44,30.7,2017-05-22 05:26:00,2017-05-22 19:08:00,979.9
2017-05-23,37.8,25.1,0.1,17.0,288,14,16.3,42,31.5,2017-05-23 05:26:00,2017-05-23 19:09:00,980.2
2017-05-24,39.6,25.9,0.2,16.0,133,23,16.4,40,33.0,2017-05-24 05:26:00,2017-05-24 19:10:00,978.3
2017-05-25,40.7,27.5,0.0,16.1,97,12,16.7,39,33.5,2017-05-25 05:25:00,2017-05-25 19:10:00,977.2
2017-05-26,42.6,27.8,0.0,19.8,115,9,15.5,33,35.4,2017-05-26 05:25:00,2017-05-26 19:11:00,975.7
2017-05-27,40.8,28.3,0.2,21.6,121,13,19.4,46,32.9,2017-05-27 05:25:00,2017-05-27 19:11:00,974.8
2017-05-28,38.0,27.9,0.3,24.5,122,15,20.8,51,32.4,2017-05-28 05:24:00,2017-05-28 19:12:00,975.5
2017-05-29,35.5,25.4,2.4,21.3,124,18,20.2,57,29.9,2017-05-29 05:24:00,2017-05-29 19:12:00,975.7
2017-05-30,35.3,24.6,0.5,15.8,101,11,21.0,61,30.0,2017-05-30 05:24:00,2017-05-30 19:13:00,974.5
2017-05-31,37.2,26.2,0.2,18.9,132,27,20.7,57,30.9,2017-05-31 05:24:00,2017-05-31 19:13:00,975.8
2017-06-01,37.8,26.8,0.0,18.4,304,11,20.8,55,31.4,2017-06-01 05:23:00,2017-06-01 19:14:00,977.5
2017-06-02,39.4,24.9,0.0,15.6,273,0,17.1,43,32.6,2017-06-02 05:23:00,2017-06-02 19:14:00,977.3
2017-06-03,42.0,27.2,0.0,19.5,292,0,16.3,35,35.2,2017-06-03 05:23:00,2017-06-03 19:15:00,975.3
2017-06-04,44.1,29.7,0.0,23.8,275,1,13.9,26,37.3,2017-06-04 05:23:00,2017-06-04 19:15:00,974.1
2017-06-05,42.9,34.0,0.0,28.1,271,10,16.5,29,37.9,2017-06-05 05:23:00,2017-06-05 19:16:00,974.8
2017-06-06,40.8,32.1,0.3,29.8,276,17,18.9,36,36.8,2017-06-06 05:23:00,2017-06-06 19:16:00,976.6
2017-06-07,36.5,26.9,0.6,25.1,102,26,21.9,57,31.7,2017-06-07 05:23:00,2017-06-07 19:17:00,979.8
2017-06-08,35.7,27.0,3.8,19.7,146,17,21.7,57,31.4,2017-06-08 05:23:00,2017-06-08 19:17:00,978.6
2017-06-09,36.7,26.4,0.3,15.0,230,25,20.4,55,31.0,2017-06-09 05:22:00,2017-06-09 19:18:00,977.5
2017-06-10,38.9,26.1,0.6,14.9,288,18,19.5,51,32.2,2017-06-10 05:22:00,2017-06-10 19:18:00,976.6
2017-06-11,38.1,25.8,0.2,13.7,314,9,18.1,46,32.1,2017-06-11 05:22:00,2017-06-11 19:18:00,975.8
2017-06-12,38.9,25.7,0.0,21.2,303,10,17.3,42,32.8,2017-06-12 05:23:00,2017-06-12 19:19:00,974.6
2017-06-13,40.9,27.0,0.1,19.4,267,17,16.2,37,33.7,2017-06-13 05:23:00,2017-06-13 19:19:00,974.1
2017-06-14,41.0,27.1,0.4,19.1,264,25,15.8,35,34.4,2017-06-14 05:23:00,2017-06-14 19:20:00,976.1
2017-06-15,39.1,27.4,2.2,15.9,285,16,19.9,48,32.9,2017-06-15 05:23:00,2017-06-15 19:20:00,976.7
2017-06-16,36.6,24.2,0.4,11.8,136,38,18.6,49,31.0,2017-06-16 05:23:00,2017-06-16 19:20:00,976.6
2017-06-17,37.0,24.7,7.0,18.1,203,36,21.7,61,30.5,2017-06-17 05:23:00,2017-06-17 19:20:00,976.6
2017-06-18,36.5,25.2,3.1,21.1,262,27,23.4,66,30.8,2017-06-18 05:23:00,2017-06-18 19:21:00,975.1
2017-06-19,35.6,26.9,5.5,19.8,266,32,23.7,65,31.4,2017-06-19 05:23:00,2017-06-19 19:21:00,973.6
2017-06-20,34.9,25.0,10.2,12.8,64,36,23.3,70,29.7,2017-06-20 05:23:00,2017-06-20 19:21:00,974.4
2017-06-21,33.0,24.0,2.4,18.3,272,31,22.7,71,28.7,2017-06-21 05:24:00,2017-06-21 19:21:00,974.8
2017-06-22,34.2,25.0,0.0,16.2,271,40,22.3,68,29.1,2017-06-22 05:24:00,2017-06-22 19:22:00,975.9
2017-06-23,33.1,25.4,5.5,17.1,281,36,23.3,71,29.3,2017-06-23 05:24:00,2017-06-23 19:22:00,976.3
2017-06-24,35.8,26.2,0.0,8.6,247,15,22.6,60,31.6,2017-06-24 05:24:00,2017-06-24 19:22:00,973.9
2017-06-25,36.8,29.2,0.2,12.3,107,29,23.5,58,33.1,2017-06-25 05:25:00,2017-06-25 19:22:00,973.7
2017-06-26,37.0,29.0,2.3,15.6,102,23,24.4,60,33.5,2017-06-26 05:25:00,2017-06-26 19:22:00,975.1
2017-06-27,36.7,28.1,1.1,18.6,114,44,24.4,62,32.9,2017-06-27 05:25:00,2017-06-27 19:22:00,975.0
2017-06-28,33.5,26.8,24.1,19.1,90,98,25.4,80,29.4,2017-06-28 05:26:00,2017-06-28 19:22:00,975.5
2017-06-29,31.1,25.7,3.6,21.4,120,100,25.0,85,27.8,2017-06-29 05:26:00,2017-06-29 19:22:00,975.1
2017-06-30,30.4,25.9,15.1,14.3,140,98,25.2,86,27.8,2017-06-30 05:26:00,2017-06-30 19:23:00,973.2
2017-07-01,31.1,26.4,10.5,10.0,116,96,25.9,85,28.6,2017-07-01 05:27:00,2017-07-01 19:23:00,972.0
2017-07-02,30.3,25.6,12.4,15.6,116,99,25.4,86,27.9,2017-07-02 05:27:00,2017-07-02 19:23:00,973.1
2017-07-03,32.9,26.0,3.5,12.8,157,92,25.6,82,29.2,2017-07-03 05:28:00,2017-07-03 19:23:00,973.5
2017-07-04,34.6,27.6,3.8,24.8,271,80,25.5,75,30.8,2017-07-04 05:28:00,2017-07-04 19:22:00,972.1
2017-07-05,34.5,27.6,0.4,18.8,256,76,24.7,71,30.8,2017-07-05 05:28:00,2017-07-05 19:22:00,973.0
2017-07-06,34.4,27.0,1.0,15.9,250,63,24.3,72,30.1,2017-07-06 05:29:00,2017-07-06 19:22:00,975.1
2017-07-07,34.5,25.7,1.7,12.7,165,56,24.8,75,29.9,2017-07-07 05:29:00,2017-07-07 19:22:00,976.5
2017-07-08,34.6,26.7,0.1,15.3,286,42,25.0,72,31.0,2017-07-08 05:30:00,2017-07-08 19:22:00,976.4
2017-07-09,36.4,28.3,0.0,22.0,275,94,24.0,64,32.2,2017-07-09 05:30:00,2017-07-09 19:22:00,975.3
2017-07-10,36.3,29.0,0.4,21.7,254,99,22.9,60,32.0,2017-07-10 05:31:00,2017-07-10 19:22:00,975.6
2017-07-11,34.7,27.5,1.4,13.7,204,96,23.8,69,30.4,2017-07-11 05:31:00,2017-07-11 19:21:00,976.1
2017-07-12,30.8,26.0,1.1,16.1,135,89,24.0,78,28.2,2017-07-12 05:31:00,2017-07-12 19:21:00,977.4
2017-07-13,32.4,26.0,0.6,21.0,95,53,23.5,72,29.2,2017-07-13 05:32:00,2017-07-13 19:21:00,977.0
2017-07-14,32.9,27.1,0.6,18.1,92,43,24.3,73,29.7,2017-07-14 05:32:00,2017-07-14 19:21:00,976.1
2017-07-15,32.5,27.1,9.6,16.2,106,77,24.8,76,29.5,2017-07-15 05:33:00,2017-07-15 19:20:00,976.2
2017-07-16,32.8,27.1,5.1,15.1,109,83,25.7,79,29.8,2017-07-16 05:34:00,2017-07-16 19:20:00,975.7
2017-07-17,33.2,27.5,5.8,19.2,97,88,25.9,80,29.7,2017-07-17 05:34:00,2017-07-17 19:20:00,975.9
2017-07-18,33.8,27.0,4.3,11.7,117,34,26.0,79,30.2,2017-07-18 05:35:00,2017-07-18 19:19:00,975.9
2017-07-19,35.2,27.7,2.0,11.8,48,29,25.8,73,31.5,2017-07-19 05:35:00,2017-07-19 19:19:00,974.6
2017-07-20,32.3,25.5,14.0,16.6,104,76,25.0,78,29.4,2017-07-20 05:36:00,2017-07-20 19:18:00,974.0
2017-07-21,32.7,27.8,5.7,19.1,92,88,25.0,76,29.7,2017-07-21 05:36:00,2017-07-21 19:18:00,974.3
2017-07-22,31.2,26.6,1.8,23.4,98,74,24.5,79,28.4,2017-07-22 05:37:00,2017-07-22 19:18:00,974.4
2017-07-23,32.2,25.6,5.3,23.2,100,77,24.4,82,28.0,2017-07-23 05:37:00,2017-07-23 19:17:00,973.3
2017-07-24,30.5,25.1,6.3,21.4,109,83,24.6,84,27.6,2017-07-24 05:38:00,2017-07-24 19:17:00,972.8
2017-07-25,31.3,25.2,5.6,19.6,105,82,24.6,83,27.7,2017-07-25 05:38:00,2017-07-25 19:16:00,973.2
2017-07-26,31.8,25.4,0.7,17.2,112,66,24.7,80,28.7,2017-07-26 05:39:00,2017-07-26 19:16:00,975.4
2017-07-27,32.8,26.3,1.9,19.8,103,67,24.4,75,29.4,2017-07-27 05:40:00,2017-07-27 19:15:00,977.2
2017-07-28,32.1,27.0,0.9,22.4,94,81,24.5,76,29.1,2017-07-28 05:40:00,2017-07-28 19:14:00,977.8
2017-07-29,31.7,26.6,1.8,24.9,115,77,24.3,77,28.9,2017-07-29 05:41:00,2017-07-29 19:14:00,977.5
2017-07-30,31.4,26.3,2.3,13.8,157,74,24.6,80,28.5,2017-07-30 05:41:00,2017-07-30 19:13:00,977.1
2017-07-31,31.0,25.7,17.6,12.0,233,91,24.8,87,27.3,2017-07-31 05:42:00,2017-07-31 19:12:00,977.3
2017-08-01,28.7,25.5,4.8,18.0,256,99,25.0,90,26.8,2017-08-01 05:42:00,2017-08-01 19:12:00,977.4
2017-08-02,31.6,26.1,2.6,15.5,277,100,25.0,83,28.2,2017-08-02 05:43:00,2017-08-02 19:11:00,976.7
2017-08-03,31.6,26.2,1.0,21.9,274,97,24.3,77,28.9,2017-08-03 05:43:00,2017-08-03 19:10:00,974.4
2017-08-04,32.0,26.7,0.7,16.9,258,89,23.9,74,29.1,2017-08-04 05:44:00,2017-08-04 19:10:00,973.4
2017-08-05,33.4,27.1,3.8,15.0,261,89,24.2,72,29.8,2017-08-05 05:45:00,2017-08-05 19:09:00,975.3
2017-08-06,32.6,27.5,1.3,10.0,284,98,25.3,79,29.5,2017-08-06 05:45:00,2017-08-06 19:08:00,976.6
2017-08-07,31.5,25.8,17.7,11.4,170,99,25.9,87,28.4,2017-08-07 05:46:00,2017-08-07 19:07:00,977.5
2017-08-08,32.5,25.9,12.5,8.8,125,97,26.0,86,28.6,2017-08-08 05:46:00,2017-08-08 19:06:00,977.9
2017-08-09,30.4,25.7,17.3,9.7,188,99,25.8,89,27.9,2017-08-09 05:47:00,2017-08-09 19:06:00,976.8
2017-08-10,32.6,25.7,10.2,20.5,266,96,25.1,81,28.8,2017-08-10 05:47:00,2017-08-10 19:05:00,975.3
2017-08-11,34.1,27.5,0.2,23.0,268,92,24.1,70,30.2,2017-08-11 05:48:00,2017-08-11 19:04:00,974.6
2017-08-12,33.2,27.6,0.3,31.3,262,78,23.6,69,30.0,2017-08-12 05:48:00,2017-08-12 19:03:00,974.5
2017-08-13,33.1,26.8,0.5,20.2,249,68,23.8,71,29.8,2017-08-13 05:49:00,2017-08-13 19:02:00,976.6
2017-08-14,33.2,26.5,0.2,13.2,247,61,23.2,69,29.7,2017-08-14 05:50:00,2017-08-14 19:01:00,979.8
2017-08-15,32.8,27.1,0.6,15.6,270,34,24.0,71,29.8,2017-08-15 05:50:00,2017-08-15 19:00:00,978.8
2017-08-16,34.6,27.2,0.0,18.8,280,53,23.4,67,30.4,2017-08-16 05:51:00,2017-08-16 18:59:00,976.4
2017-08-17,35.8,27.7,0.0,20.2,274,43,23.2,64,31.1,2017-08-17 05:51:00,2017-08-17 18:58:00,975.4
2017-08-18,35.6,27.5,0.0,14.9,310,66,23.4,65,31.1,2017-08-18 05:52:00,2017-08-18 18:57:00,976.5
2017-08-19,30.4,27.0,6.3,16.5,109,88,24.9,83,28.2,2017-08-19 05:52:00,2017-08-19 18:56:00,979.1
2017-08-20,33.2,26.1,0.4,17.4,103,26,24.3,74,29.6,2017-08-20 05:53:00,2017-08-20 18:55:00,978.8
2017-08-21,32.7,26.7,6.2,19.3,103,61,25.0,78,29.2,2017-08-21 05:53:00,2017-08-21 18:54:00,977.6
2017-08-22,32.2,26.6,6.0,12.6,104,62,25.2,81,28.8,2017-08-22 05:54:00,2017-08-22 18:53:00,977.7
2017-08-23,31.3,26.5,3.8,15.6,114,97,25.4,86,28.0,2017-08-23 05:54:00,2017-08-23 18:52:00,979.2
2017-08-24,32.2,25.6,1.7,8.7,137,72,25.5,84,28.6,2017-08-24 05:55:00,2017-08-24 18:51:00,978.4
2017-08-25,30.8,26.2,6.7,11.7,117,56,25.3,86,28.1,2017-08-25 05:55:00,2017-08-25 18:50:00,977.0
2017-08-26,31.8,25.3,26.7,7.9,67,67,25.2,88,27.6,2017-08-26 05:56:00,2017-08-26 18:49:00,975.9
2017-08-27,32.6,25.4,1.8,12.9,78,52,25.2,83,28.6,2017-08-27 05:56:00,2017-08-27 18:48:00,976.1
2017-08-28,29.0,25.9,2.0,22.0,87,73,24.3,84,27.4,2017-08-28 05:57:00,2017-08-28 18:47:00,977.4
2017-08-29,31.2,25.8,8.0,19.4,87,79,24.1,80,27.9,2017-08-29 05:57:00,2017-08-29 18:46:00,977.4
2017-08-30,30.8,26.4,4.4,21.0,100,71,24.7,81,28.2,2017-08-30 05:58:00,2017-08-30 18:45:00,978.2
2017-08-31,28.8,24.7,24.2,14.6,124,93,24.6,90,26.4,2017-08-31 05:58:00,2017-08-31 18:44:00,978.9
2017-09-01,30.2,24.9,33.7,17.6,225,93,24.2,88,26.5,2017-09-01 05:59:00,2017-09-01 18:42:00,978.7
2017-09-02,28.1,25.0,24.7,16.2,253,80,23.6,88,25.7,2017-09-02 05:59:00,2017-09-02 18:41:00,978.9
2017-09-03,31.4,24.4,0.5,10.5,273,23,23.5,80,27.5,2017-09-03 06:00:00,2017-09-03 18:40:00,979.5
2017-09-04,32.8,25.3,0.0,16.7,279,14,24.3,78,28.6,2017-09-04 06:00:00,2017-09-04 18:39:00,980.6
2017-09-05,32.2,25.3,0.1,13.5,277,21,23.9,77,28.5,2017-09-05 06:01:00,2017-09-05 18:38:00,980.8
2017-09-06,32.5,25.9,1.5,12.6,261,28,24.0,76,28.7,2017-09-06 06:01:00,2017-09-06 18:37:00,981.0
2017-09-07,31.0,24.1,0.4,12.2,295,31,24.4,84,27.4,2017-09-07 06:02:00,2017-09-07 18:36:00,981.7
2017-09-08,32.2,24.9,0.3,11.6,314,12,24.5,81,28.2,2017-09-08 06:02:00,2017-09-08 18:35:00,981.9
2017-09-09,32.9,24.7,0.0,13.5,297,5,23.8,76,28.7,2017-09-09 06:03:00,2017-09-09 18:33:00,980.5
2017-09-10,34.4,25.6,0.0,13.0,180,8,24.0,73,29.8,2017-09-10 06:03:00,2017-09-10 18:32:00,980.9
2017-09-11,34.6,26.0,0.0,16.5,329,14,23.6,72,29.7,2017-09-11 06:04:00,2017-09-11 18:31:00,982.5
2017-09-12,33.8,25.7,0.0,14.4,292,11,23.2,71,29.4,2017-09-12 06:04:00,2017-09-12 18:30:00,983.0
2017-09-13,34.0,25.9,0.0,11.4,283,9,23.3,69,29.8,2017-09-13 06:05:00,2017-09-13 18:29:00,982.6
2017-09-14,33.7,26.0,0.0,9.5,342,47,23.7,73,29.5,2017-09-14 06:05:00,2017-09-14 18:27:00,982.1
2017-09-15,34.2,25.0,0.0,13.2,329,25,22.5,69,29.3,2017-09-15 06:06:00,2017-09-15 18:26:00,981.0
2017-09-16,33.7,25.3,0.0,14.3,333,78,22.5,71,28.7,2017-09-16 06:06:00,2017-09-16 18:25:00,980.8
2017-09-17,33.4,25.8,0.0,17.4,320,64,21.9,69,28.7,2017-09-17 06:07:00,2017-09-17 18:24:00,980.3
2017-09-18,34.8,24.1,0.0,17.1,327,21,21.2,65,29.1,2017-09-18 06:07:00,2017-09-18 18:22:00,979.7
2017-09-19,33.8,24.8,0.1,9.5,82,45,23.9,74,29.5,2017-09-19 06:08:00,2017-09-19 18:21:00,979.4
2017-09-20,35.7,25.2,0.0,11.2,39,7,22.3,67,30.0,2017-09-20 06:08:00,2017-09-20 18:20:00,978.8
2017-09-21,33.7,25.1,0.0,15.8,109,76,23.1,72,29.1,2017-09-21 06:09:00,2017-09-21 18:19:00,978.8
2017-09-22,27.2,23.9,12.4,19.8,43,100,22.8,85,25.6,2017-09-22 06:09:00,2017-09-22 18:18:00,979.1
2017-09-23,26.4,22.8,18.0,19.9,331,94,22.8,91,24.3,2017-09-23 06:10:00,2017-09-23 18:16:00,980.4
2017-09-24,30.8,21.0,0.0,17.9,315,14,21.9,83,25.3,2017-09-24 06:10:00,2017-09-24 18:15:00,982.6
2017-09-25,33.1,22.5,0.0,16.1,310,8,22.5,76,27.5,2017-09-25 06:11:00,2017-09-25 18:14:00,981.0
2017-09-26,33.2,23.7,0.0,12.7,300,5,22.0,71,28.3,2017-09-26 06:11:00,2017-09-26 18:13:00,981.7
2017-09-27,34.1,23.6,0.0,9.7,202,5,20.9,66,28.4,2017-09-27 06:12:00,2017-09-27 18:12:00,982.2
2017-09-28,33.8,23.8,0.0,10.2,271,18,20.5,64,28.6,2017-09-28 06:12:00,2017-09-28 18:11:00,981.4
2017-09-29,33.5,24.1,0.0,14.1,340,7,21.1,64,29.0,2017-09-29 06:13:00,2017-09-29 18:09:00,980.9
2017-09-30,34.8,23.4,0.0,13.9,321,0,20.3,63,28.8,2017-09-30 06:13:00,2017-09-30 18:08:00,982.9
2017-10-01,35.5,21.8,0.0,11.9,256,0,18.7,59,28.4,2017-10-01 06:14:00,2017-10-01 18:07:00,982.7
2017-10-02,35.4,22.5,0.0,10.3,273,0,18.9,57,29.0,2017-10-02 06:14:00,2017-10-02 18:06:00,981.8
2017-10-03,34.6,21.7,0.0,15.3,350,0,18.8,59,28.1,2017-10-03 06:15:00,2017-10-03 18:05:00,983.0
2017-10-04,34.4,22.0,0.0,14.1,348,0,19.5,62,28.1,2017-10-04 06:15:00,2017-10-04 18:04:00,984.4
2017-10-05,34.4,22.5,0.0,13.8,11,0,20.0,65,28.1,2017-10-05 06:16:00,2017-10-05 18:02:00,984.5
2017-10-06,34.7,22.8,0.0,13.4,343,0,17.1,56,27.9,2017-10-06 06:16:00,2017-10-06 18:01:00,984.4
2017-10-07,33.9,20.9,0.0,13.4,321,0,16.3,52,27.7,2017-10-07 06:17:00,2017-10-07 18:00:00,983.6
2017-10-08,34.6,21.5,0.0,8.9,33,0,18.3,62,27.4,2017-10-08 06:18:00,2017-10-08 17:59:00,982.8
2017-10-09,35.0,22.4,0.0,13.0,93,4,19.0,63,27.9,2017-10-09 06:18:00,2017-10-09 17:58:00,983.2
2017-10-10,34.9,21.9,0.0,10.7,74,2,18.0,60,27.9,2017-10-10 06:19:00,2017-10-10 17:57:00,982.8
2017-10-11,34.6,22.3,0.0,13.0,81,3,18.1,59,27.9,2017-10-11 06:19:00,2017-10-11 17:56:00,982.9
2017-10-12,34.2,22.4,0.0,11.0,335,1,17.3,55,28.2,2017-10-12 06:20:00,2017-10-12 17:55:00,982.6
2017-10-13,34.5,22.2,0.0,11.9,296,0,15.2,48,28.1,2017-10-13 06:20:00,2017-10-13 17:54:00,980.8
2017-10-14,35.7,21.6,0.0,13.0,322,0,16.0,51,28.0,2017-10-14 06:21:00,2017-10-14 17:52:00,980.4
2017-10-15,35.3,21.1,0.0,10.2,348,0,16.1,52,28.0,2017-10-15 06:22:00,2017-10-15 17:51:00,980.9
2017-10-16,35.3,20.9,0.0,11.3,351,0,16.0,52,27.9,2017-10-16 06:22:00,2017-10-16 17:50:00,981.8
2017-10-17,33.6,19.8,0.0,14.7,325,0,14.4,51,26.5,2017-10-17 06:23:00,2017-10-17 17:49:00,983.3
2017-10-18,33.5,20.1,0.0,16.1,339,0,17.0,62,26.2,2017-10-18 06:23:00,2017-10-18 17:48:00,984.3
2017-10-19,34.5,20.6,0.0,11.6,39,0,18.5,63,27.3,2017-10-19 06:24:00,2017-10-19 17:47:00,984.2
2017-10-20,34.7,21.6,0.0,11.3,27,7,17.7,58,28.0,2017-10-20 06:25:00,2017-10-20 17:46:00,984.0
2017-10-21,34.8,20.4,0.0,14.6,335,0,15.5,53,27.1,2017-10-21 06:25:00,2017-10-21 17:46:00,982.5
2017-10-22,35.1,19.8,0.0,14.1,161,17,13.8,49,27.0,2017-10-22 06:26:00,2017-10-22 17:45:00,981.6
2017-10-23,33.5,19.2,0.0,13.7,28,11,15.8,55,26.5,2017-10-23 06:27:00,2017-10-23 17:44:00,983.6
2017-10-24,33.2,19.5,0.0,16.3,310,0,13.1,51,25.5,2017-10-24 06:27:00,2017-10-24 17:43:00,986.5
2017-10-25,32.0,17.9,0.0,10.0,303,0,11.8,46,25.1,2017-10-25 06:28:00,2017-10-25 17:42:00,988.9
2017-10-26,32.0,18.0,0.0,12.2,132,0,12.9,51,24.7,2017-10-26 06:29:00,2017-10-26 17:41:00,989.7
2017-10-27,30.9,17.9,0.0,10.4,130,6,15.0,60,24.0,2017-10-27 06:29:00,2017-10-27 17:40:00,988.9
2017-10-28,31.4,19.0,0.0,10.0,83,3,15.7,61,24.7,2017-10-28 06:30:00,2017-10-28 17:39:00,988.5
2017-10-29,30.8,17.5,0.0,9.4,80,1,14.8,61,23.9,2017-10-29 06:31:00,2017-10-29 17:38:00,990.5
2017-10-30,29.8,17.4,0.0,9.6,16,0,15.1,63,23.4,2017-10-30 06:31:00,2017-10-30 17:37:00,990.7
2017-10-31,30.2,17.9,0.0,8.7,78,1,15.8,63,24.0,2017-10-31 06:32:00,2017-10-31 17:37:00,988.9
2017-11-01,30.6,19.7,0.0,10.3,130,4,15.7,61,24.4,2017-11-01 06:33:00,2017-11-01 17:36:00,989.7
2017-11-02,30.4,18.3,0.0,10.5,76,0,17.1,69,23.9,2017-11-02 06:34:00,2017-11-02 17:35:00,988.8
2017-11-03,29.4,18.2,0.0,9.5,69,0,16.9,70,23.4,2017-11-03 06:34:00,2017-11-03 17:34:00,988.9
2017-11-04,29.3,17.8,0.0,9.6,82,1,17.0,73,22.9,2017-11-04 06:35:00,2017-11-04 17:34:00,990.8
2017-11-05,29.2,18.5,0.0,8.3,69,2,16.7,67,23.9,2017-11-05 06:36:00,2017-11-05 17:33:00,991.1
2017-11-06,29.3,17.9,0.0,9.2,314,0,15.9,64,23.7,2017-11-06 06:36:00,2017-11-06 17:32:00,990.1
2017-11-07,28.6,17.3,0.0,9.4,342,3,16.7,71,22.9,2017-11-07 06:37:00,2017-11-07 17:32:00,989.7
2017-11-08,29.2,16.3,0.0,10.3,330,1,16.0,68,22.9,2017-11-08 06:38:00,2017-11-08 17:31:00,989.5
2017-11-09,29.1,16.6,0.0,11.6,354,2,16.0,72,22.2,2017-11-09 06:39:00,2017-11-09 17:30:00,988.6
2017-11-10,28.8,15.9,0.0,11.5,2,0,15.2,68,22.1,2017-11-10 06:40:00,2017-11-10 17:30:00,989.4
2017-11-11,27.7,15.2,0.0,10.8,353,44,14.8,69,21.3,2017-11-11 06:40:00,2017-11-11 17:29:00,990.1
2017-11-12,27.5,14.9,0.0,11.5,322,23,14.6,70,21.0,2017-11-12 06:41:00,2017-11-12 17:29:00,987.9
2017-11-13,27.6,16.4,0.0,8.8,105,1,14.6,70,20.9,2017-11-13 06:42:00,2017-11-13 17:28:00,986.4
2017-11-14,27.5,15.9,0.0,17.6,121,9,13.7,66,21.1,2017-11-14 06:43:00,2017-11-14 17:28:00,986.3
2017-11-15,26.2,16.6,0.0,11.1,97,23,13.2,64,20.8,2017-11-15 06:43:00,2017-11-15 17:27:00,987.9
2017-11-16,25.7,15.5,0.2,13.0,30,23,13.0,66,20.0,2017-11-16 06:44:00,2017-11-16 17:27:00,989.1
2017-11-17,25.3,15.4,0.1,13.6,339,34,13.6,69,19.9,2017-11-17 06:45:00,2017-11-17 17:27:00,989.5
2017-11-18,25.4,16.4,0.1,13.7,320,39,13.4,67,20.2,2017-11-18 06:46:00,2017-11-18 17:26:00,989.8
2017-11-19,24.6,15.4,0.0,15.8,318,8,8.1,52,19.0,2017-11-19 06:47:00,2017-11-19 17:26:00,991.0
2017-11-20,22.8,12.0,0.0,15.8,304,1,5.8,50,17.0,2017-11-20 06:47:00,2017-11-20 17:25:00,992.0
2017-11-21,23.3,11.2,0.0,16.6,285,2,5.8,51,16.5,2017-11-21 06:48:00,2017-11-21 17:25:00,990.0
2017-11-22,24.1,10.8,0.0,18.2,287,5,5.7,51,16.7,2017-11-22 06:49:00,2017-11-22 17:25:00,989.0
2017-11-23,24.0,11.1,0.0,14.1,293,11,4.7,47,16.6,2017-11-23 06:50:00,2017-11-23 17:25:00,988.2
2017-11-24,24.7,10.2,0.0,12.7,286,0,5.0,47,16.9,2017-11-24 06:51:00,2017-11-24 17:24:00,989.7
2017-11-25,24.9,11.4,0.0,11.9,283,0,6.5,52,17.0,2017-11-25 06:51:00,2017-11-25 17:24:00,990.4
2017-11-26,24.9,10.1,0.0,11.3,330,0,8.6,61,17.0,2017-11-26 06:52:00,2017-11-26 17:24:00,991.8
2017-11-27,25.1,11.4,0.0,16.9,284,0,7.7,56,17.3,2017-11-27 06:53:00,2017-11-27 17:24:00,989.2
2017-11-28,25.6,10.8,0.0,11.5,273,0,8.2,58,17.4,2017-11-28 06:54:00,2017-11-28 17:24:00,988.2
2017-11-29,25.8,11.5,0.0,10.4,110,0,9.8,63,17.8,2017-11-29 06:54:00,2017-11-29 17:24:00,990.4
2017-11-30,25.3,11.6,0.0,11.7,319,0,10.2,66,17.4,2017-11-30 06:55:00,2017-11-30 17:24:00,990.4
2017-12-01,23.9,9.4,0.0,9.1,309,0,8.2,60,17.1,2017-12-01 06:56:00,2017-12-01 17:24:00,990.4
2017-12-02,23.8,11.1,0.0,10.1,53,43,7.9,57,17.3,2017-12-02 06:57:00,2017-12-02 17:24:00,991.5
2017-12-03,22.9,11.2,0.0,7.6,321,96,7.3,53,17.4,2017-12-03 06:58:00,2017-12-03 17:24:00,991.3
2017-12-04,22.7,9.4,0.0,9.3,309,98,8.6,61,16.6,2017-12-04 06:58:00,2017-12-04 17:24:00,989.6
2017-12-05,22.8,13.9,0.0,10.2,307,97,9.1,60,17.3,2017-12-05 06:59:00,2017-12-05 17:24:00,989.8
2017-12-06,20.9,14.1,0.0,13.4,290,67,7.0,51,17.5,2017-12-06 07:00:00,2017-12-06 17:24:00,989.2
2017-12-07,22.7,14.3,0.1,14.3,303,32,2.1,37,17.4,2017-12-07 07:01:00,2017-12-07 17:24:00,989.9
2017-12-08,23.9,11.2,0.0,16.1,288,0,1.5,37,16.7,2017-12-08 07:01:00,2017-12-08 17:24:00,990.2
2017-12-09,23.7,10.3,0.0,11.2,300,0,4.8,46,16.7,2017-12-09 07:02:00,2017-12-09 17:24:00,989.9
2017-12-10,23.9,10.5,0.0,10.0,351,0,8.7,60,17.0,2017-12-10 07:03:00,2017-12-10 17:25:00,990.0
2017-12-11,23.4,11.4,2.1,11.3,169,46,10.3,67,17.2,2017-12-11 07:03:00,2017-12-11 17:25:00,988.8
2017-12-12,20.8,13.4,5.6,10.9,32,37,13.4,84,16.5,2017-12-12 07:04:00,2017-12-12 17:25:00,990.1
2017-12-13,19.7,11.4,0.0,8.7,323,42,11.1,83,14.3,2017-12-13 07:05:00,2017-12-13 17:25:00,992.5
2017-12-14,20.4,9.6,0.0,11.7,320,0,7.6,71,13.6,2017-12-14 07:05:00,2017-12-14 17:26:00,993.7
2017-12-15,20.2,7.9,0.0,17.4,312,24,6.9,70,13.0,2017-12-15 07:06:00,2017-12-15 17:26:00,994.6
2017-12-16,19.5,7.6,0.0,19.9,296,2,4.8,63,12.7,2017-12-16 07:06:00,2017-12-16 17:26:00,995.6
2017-12-17,21.0,8.3,0.0,20.5,290,0,3.2,51,13.7,2017-12-17 07:07:00,2017-12-17 17:27:00,995.5
2017-12-18,23.5,10.1,0.0,20.8,290,2,3.6,46,15.6,2017-12-18 07:08:00,2017-12-18 17:27:00,994.5
2017-12-19,22.5,9.4,0.0,14.3,302,73,6.4,59,14.7,2017-12-19 07:08:00,2017-12-19 17:27:00,994.1
2017-12-20,21.8,10.5,0.0,9.8,316,98,10.4,74,15.3,2017-12-20 07:09:00,2017-12-20 17:28:00,995.3
2017-12-21,22.9,11.8,0.0,12.1,319,50,12.1,79,16.2,2017-12-21 07:09:00,2017-12-21 17:28:00,995.4
2017-12-22,23.3,11.1,0.0,20.1,294,69,9.4,66,16.3,2017-12-22 07:10:00,2017-12-22 17:29:00,993.2
2017-12-23,22.5,10.9,0.0,18.5,288,4,7.2,59,15.7,2017-12-23 07:10:00,2017-12-23 17:29:00,989.9
2017-12-24,22.3,10.0,0.0,10.3,339,7,8.5,65,15.6,2017-12-24 07:11:00,2017-12-24 17:30:00,990.3
2017-12-25,22.1,9.1,0.0,14.2,300,0,9.1,70,15.1,2017-12-25 07:11:00,2017-12-25 17:31:00,992.0
2017-12-26,22.3,8.9,0.0,12.0,289,0,8.9,72,14.4,2017-12-26 07:11:00,2017-12-26 17:31:00,992.1
2017-12-27,22.5,8.4,0.0,10.1,284,42,8.3,66,15.2,2017-12-27 07:12:00,2017-12-27 17:32:00,991.5
2017-12-28,22.6,8.5,0.0,10.9,325,25,9.0,71,14.9,2017-12-28 07:12:00,2017-12-28 17:32:00,991.3
2017-12-29,21.6,8.1,0.0,10.9,335,0,9.6,76,14.1,2017-12-29 07:13:00,2017-12-29 17:33:00,991.9
2017-12-30,21.1,8.1,0.0,10.9,314,0,9.5,76,14.1,2017-12-30 07:13:00,2017-12-30 17:34:00,991.8
2017-12-31,20.2,7.3,0.0,11.7,322,16,8.1,75,12.9,2017-12-31 07:13:00,2017-12-31 17:34:00,990.6
2018-01-01,20.1,6.8,0.0,10.3,295,1,6.3,66,13.1,2018-01-01 07:13:00,2018-01-01 17:35:00,988.9
2018-01-02,19.8,6.5,0.0,9.6,297,0,7.4,69,13.4,2018-01-02 07:14:00,2018-01-02 17:36:00,989.3
2018-01-03,19.8,6.9,0.0,10.7,290,0,7.1,74,12.2,2018-01-03 07:14:00,2018-01-03 17:36:00,989.6
2018-01-04,20.3,5.9,0.0,10.0,277,1,6.4,74,11.8,2018-01-04 07:14:00,2018-01-04 17:37:00,989.8
2018-01-05,20.3,6.6,0.0,10.7,117,0,7.3,74,12.3,2018-01-05 07:14:00,2018-01-05 17:38:00,989.3
2018-01-06,19.5,5.5,0.0,10.9,306,9,7.6,76,12.0,2018-01-06 07:14:00,2018-01-06 17:39:00,988.4
2018-01-07,18.8,6.1,0.0,17.2,282,0,5.9,69,11.9,2018-01-07 07:14:00,2018-01-07 17:39:00,989.3
2018-01-08,19.6,6.8,0.0,13.0,283,0,6.3,70,12.1,2018-01-08 07:15:00,2018-01-08 17:40:00,991.0
2018-01-09,19.8,5.8,0.0,13.0,287,0,6.3,71,12.1,2018-01-09 07:15:00,2018-01-09 17:41:00,993.0
2018-01-10,20.8,7.3,0.0,18.7,285,0,6.9,68,13.3,2018-01-10 07:15:00,2018-01-10 17:42:00,992.6
2018-01-11,21.2,8.3,0.0,18.9,283,0,6.5,63,13.9,2018-01-11 07:15:00,2018-01-11 17:42:00,991.1
2018-01-12,21.9,8.9,0.0,15.1,279,14,6.3,58,14.8,2018-01-12 07:15:00,2018-01-12 17:43:00,990.2
2018-01-13,21.6,6.5,0.0,11.4,308,1,7.8,69,14.0,2018-01-13 07:15:00,2018-01-13 17:44:00,990.4
2018-01-14,21.9,7.3,0.0,11.6,285,0,7.2,69,13.5,2018-01-14 07:15:00,2018-01-14 17:45:00,990.3
2018-01-15,21.8,7.2,0.0,17.1,293,0,6.3,63,13.9,2018-01-15 07:14:00,2018-01-15 17:46:00,990.6
2018-01-16,22.1,9.0,0.0,17.2,283,0,5.4,57,14.6,2018-01-16 07:14:00,2018-01-16 17:46:00,988.4
2018-01-17,21.3,7.8,0.0,13.0,124,0,8.4,74,13.6,2018-01-17 07:14:00,2018-01-17 17:47:00,989.2
2018-01-18,23.8,8.9,0.0,11.4,307,0,10.3,76,15.1,2018-01-18 07:14:00,2018-01-18 17:48:00,989.9
2018-01-19,23.4,9.7,0.0,12.1,300,0,10.3,74,15.6,2018-01-19 07:14:00,2018-01-19 17:49:00,990.4
2018-01-20,22.1,8.7,0.0,16.2,285,0,6.7,64,14.5,2018-01-20 07:14:00,2018-01-20 17:50:00,989.5
2018-01-21,21.4,7.1,0.0,10.6,259,0,4.9,57,14.1,2018-01-21 07:13:00,2018-01-21 17:51:00,988.9
2018-01-22,21.7,7.1,0.0,10.4,133,0,7.6,67,14.1,2018-01-22 07:13:00,2018-01-22 17:51:00,987.5
2018-01-23,16.1,10.7,6.0,15.9,125,57,9.8,79,13.4,2018-01-23 07:13:00,2018-01-23 17:52:00,985.3
2018-01-24,18.7,8.3,0.8,13.7,298,44,9.3,82,12.7,2018-01-24 07:12:00,2018-01-24 17:53:00,988.2
2018-01-25,19.5,8.6,0.0,16.6,291,0,9.1,79,13.1,2018-01-25 07:12:00,2018-01-25 17:54:00,987.5
2018-01-26,19.9,7.6,0.0,13.2,310,10,8.8,80,12.5,2018-01-26 07:12:00,2018-01-26 17:55:00,988.4
2018-01-27,19.9,7.2,0.0,11.5,307,0,7.7,77,12.1,2018-01-27 07:11:00,2018-01-27 17:56:00,988.2
2018-01-28,21.2,6.8,0.0,12.6,305,9,7.9,75,12.8,2018-01-28 07:11:00,2018-01-28 17:56:00,989.0
2018-01-29,21.9,7.5,0.0,13.9,296,6,8.6,74,13.8,2018-01-29 07:10:00,2018-01-29 17:57:00,990.6
2018-01-30,24.3,10.0,0.0,22.6,293,44,9.7,68,16.3,2018-01-30 07:10:00,2018-01-30 17:58:00,990.0
2018-01-31,24.2,12.8,0.0,23.3,293,61,10.0,64,17.6,2018-01-31 07:09:00,2018-01-31 17:59:00,989.0
2018-02-01,25.4,11.2,0.0,13.3,299,0,10.6,67,17.4,2018-02-01 07:09:00,2018-02-01 18:00:00,989.2
2018-02-02,24.4,11.0,0.0,10.0,313,14,11.3,72,16.8,2018-02-02 07:08:00,2018-02-02 18:00:00,987.2
2018-02-03,23.1,10.9,0.0,13.0,332,16,7.6,60,16.3,2018-02-03 07:08:00,2018-02-03 18:01:00,989.8
2018-02-04,22.0,8.6,0.0,14.5,304,0,5.6,59,14.4,2018-02-04 07:07:00,2018-02-04 18:02:00,990.2
2018-02-05,22.0,6.9,0.0,10.0,318,93,4.9,56,14.8,2018-02-05 07:06:00,2018-02-05 18:03:00,992.0
2018-02-06,22.1,11.6,0.0,17.1,317,97,5.5,52,16.0,2018-02-06 07:06:00,2018-02-06 18:04:00,992.2
2018-02-07,22.3,8.7,0.0,16.3,307,26,4.0,53,14.4,2018-02-07 07:05:00,2018-02-07 18:05:00,989.5
2018-02-08,22.0,6.8,0.0,11.6,317,27,5.1,60,13.8,2018-02-08 07:04:00,2018-02-08 18:05:00,988.5
2018-02-09,22.9,7.7,0.0,13.1,320,0,5.6,60,14.4,2018-02-09 07:04:00,2018-02-09 18:06:00,988.5
2018-02-10,23.8,8.7,0.0,11.3,40,31,5.2,51,16.7,2018-02-10 07:03:00,2018-02-10 18:07:00,990.9
2018-02-11,23.8,9.2,1.6,17.9,112,80,6.6,57,16.2,2018-02-11 07:02:00,2018-02-11 18:08:00,990.3
2018-02-12,21.8,12.8,2.9,22.0,105,59,12.0,79,15.8,2018-02-12 07:01:00,2018-02-12 18:08:00,992.2
2018-02-13,21.5,10.1,0.0,14.8,1,18,11.5,79,15.4,2018-02-13 07:01:00,2018-02-13 18:09:00,996.9
2018-02-14,21.7,10.0,0.0,22.9,306,5,8.4,66,15.5,2018-02-14 07:00:00,2018-02-14 18:10:00,996.7
2018-02-15,23.1,11.9,0.0,21.4,300,10,9.7,64,16.8,2018-02-15 06:59:00,2018-02-15 18:11:00,994.5
2018-02-16,24.5,11.7,0.0,17.7,296,14,10.8,66,17.7,2018-02-16 06:58:00,2018-02-16 18:11:00,993.0
2018-02-17,25.0,12.7,0.0,16.7,299,44,11.1,67,18.0,2018-02-17 06:57:00,2018-02-17 18:12:00,988.0
2018-02-18,25.0,11.9,0.0,12.3,316,43,8.7,59,17.6,2018-02-18 06:57:00,2018-02-18 18:13:00,986.8
2018-02-19,25.4,10.0,0.0,9.3,304,56,7.9,58,17.4,2018-02-19 06:56:00,2018-02-19 18:14:00,988.4
2018-02-20,26.8,11.8,0.0,11.8,314,16,10.6,60,19.4,2018-02-20 06:55:00,2018-02-20 18:14:00,988.2
2018-02-21,29.5,15.2,0.0,12.3,297,63,11.9,58,21.4,2018-02-21 06:54:00,2018-02-21 18:15:00,986.2
2018-02-22,29.9,14.1,0.0,10.9,323,30,13.2,63,21.7,2018-02-22 06:53:00,2018-02-22 18:16:00,985.3
2018-02-23,29.6,15.8,0.0,10.0,28,86,14.8,69,21.9,2018-02-23 06:52:00,2018-02-23 18:16:00,985.5
2018-02-24,28.6,17.0,1.9,12.1,95,60,15.8,73,21.1,2018-02-24 06:51:00,2018-02-24 18:17:00,987.5
2018-02-25,27.8,16.3,0.3,17.1,334,19,14.3,68,21.0,2018-02-25 06:50:00,2018-02-25 18:18:00,990.6
2018-02-26,26.9,15.3,0.0,23.4,297,9,12.3,63,20.5,2018-02-26 06:49:00,2018-02-26 18:18:00,988.6
2018-02-27,28.8,15.7,0.0,17.1,305,47,13.4,62,21.5,2018-02-27 06:48:00,2018-02-27 18:19:00,987.9
2018-02-28,29.3,15.1,0.0,14.5,315,69,14.3,67,21.6,2018-02-28 06:47:00,2018-02-28 18:20:00,988.1
2018-03-01,29.8,15.3,0.0,13.8,326,60,13.5,65,21.4,2018-03-01 06:46:00,2018-03-01 18:20:00,986.2
2018-03-02,30.7,17.0,0.0,13.0,324,10,13.6,58,23.1,2018-03-02 06:45:00,2018-03-02 18:21:00,985.0
2018-03-03,30.8,16.6,0.0,11.5,300,37,13.5,60,22.6,2018-03-03 06:44:00,2018-03-03 18:22:00,983.0
2018-03-04,28.1,17.1,1.2,17.6,320,28,12.7,59,21.5,2018-03-04 06:43:00,2018-03-04 18:22:00,984.4
2018-03-05,27.1,14.6,0.0,17.4,317,0,10.4,57,20.4,2018-03-05 06:42:00,2018-03-05 18:23:00,988.0
2018-03-06,27.5,14.4,0.0,20.1,302,40,9.5,53,20.3,2018-03-06 06:41:00,2018-03-06 18:23:00,988.7
2018-03-07,28.4,14.3,0.0,18.2,304,1,9.8,52,21.1,2018-03-07 06:40:00,2018-03-07 18:24:00,987.7
2018-03-08,29.5,16.1,0.0,9.9,11,5,11.5,53,22.3,2018-03-08 06:38:00,2018-03-08 18:25:00,988.7
2018-03-09,30.9,15.9,1.1,12.5,322,11,11.6,52,22.9,2018-03-09 06:37:00,2018-03-09 18:25:00,988.8
2018-03-10,31.1,16.5,0.0,17.8,307,18,10.5,48,23.1,2018-03-10 06:36:00,2018-03-10 18:26:00,987.9
2018-03-11,30.8,17.2,0.0,13.9,307,2,12.0,52,23.3,2018-03-11 06:35:00,2018-03-11 18:27:00,986.9
2018-03-12,32.1,16.5,0.0,15.9,299,0,12.4,53,23.7,2018-03-12 06:34:00,2018-03-12 18:27:00,987.0
2018-03-13,34.0,17.2,0.0,14.1,264,4,12.2,49,25.4,2018-03-13 06:33:00,2018-03-13 18:28:00,985.3
2018-03-14,32.6,20.3,0.0,13.6,174,2,9.2,37,25.8,2018-03-14 06:32:00,2018-03-14 18:28:00,983.4
2018-03-15,31.4,18.7,0.0,18.2,280,30,9.5,42,23.8,2018-03-15 06:31:00,2018-03-15 18:29:00,983.6
2018-03-16,29.7,16.5,0.0,20.9,326,12,9.4,48,22.7,2018-03-16 06:29:00,2018-03-16 18:29:00,984.7
2018-03-17,29.1,15.7,0.0,19.6,310,0,6.7,40,21.9,2018-03-17 06:28:00,2018-03-17 18:30:00,986.0
2018-03-18,30.8,16.4,0.0,17.0,316,36,7.3,41,22.7,2018-03-18 06:27:00,2018-03-18 18:31:00,987.1
2018-03-19,32.8,14.8,0.0,13.7,304,59,8.0,41,23.6,2018-03-19 06:26:00,2018-03-19 18:31:00,988.6
2018-03-20,32.9,16.1,0.2,10.3,317,11,11.5,49,24.3,2018-03-20 06:25:00,2018-03-20 18:32:00,985.8
2018-03-21,30.7,18.2,1.6,22.4,356,25,13.6,56,23.6,2018-03-21 06:24:00,2018-03-21 18:32:00,983.9
2018-03-22,29.6,17.1,0.3,13.6,351,14,12.5,56,23.0,2018-03-22 06:22:00,2018-03-22 18:33:00,984.8
2018-03-23,29.0,17.1,0.0,13.1,305,10,12.1,54,23.0,2018-03-23 06:21:00,2018-03-23 18:33:00,985.7
2018-03-24,31.1,17.4,0.0,15.9,317,0,11.6,48,24.3,2018-03-24 06:20:00,2018-03-24 18:34:00,988.1
2018-03-25,32.6,18.5,0.0,21.1,307,1,10.6,44,25.0,2018-03-25 06:19:00,2018-03-25 18:35:00,989.2
2018-03-26,33.9,18.8,0.0,20.6,301,0,11.2,42,26.0,2018-03-26 06:18:00,2018-03-26 18:35:00,987.5
2018-03-27,35.3,18.4,0.0,13.7,304,0,10.2,40,26.3,2018-03-27 06:17:00,2018-03-27 18:36:00,984.4
2018-03-28,35.5,20.6,0.0,15.3,303,0,10.9,37,27.9,2018-03-28 06:16:00,2018-03-28 18:36:00,983.7
2018-03-29,35.4,19.6,0.0,23.7,303,8,8.3,34,27.2,2018-03-29 06:14:00,2018-03-29 18:37:00,983.2
2018-03-30,34.3,20.7,0.0,23.0,294,0,8.9,34,26.8,2018-03-30 06:13:00,2018-03-30 18:37:00,981.0
2018-03-31,33.5,18.6,0.0,15.9,110,1,12.9,47,25.7,2018-03-31 06:12:00,2018-03-31 18:38:00,983.0
2018-04-01,33.1,20.8,0.0,15.5,110,0,13.1,45,26.5,2018-04-01 06:11:00,2018-04-01 18:38:00,984.8
2018-04-02,35.0,20.7,0.0,13.7,126,20,14.1,45,28.0,2018-04-02 06:10:00,2018-04-02 18:39:00,985.0
2018-04-03,36.0,22.2,1.7,24.7,127,54,14.4,44,28.7,2018-04-03 06:09:00,2018-04-03 18:40:00,983.8
2018-04-04,37.2,21.7,0.0,15.0,72,26,13.6,43,29.2,2018-04-04 06:08:00,2018-04-04 18:40:00,981.6
2018-04-05,36.6,21.9,2.1,16.8,24,37,15.6,49,28.6,2018-04-05 06:06:00,2018-04-05 18:41:00,980.4
2018-04-06,34.9,22.0,1.1,12.6,109,62,15.8,52,27.9,2018-04-06 06:05:00,2018-04-06 18:41:00,982.0
2018-04-07,33.5,20.9,3.4,16.6,114,44,16.1,54,26.9,2018-04-07 06:04:00,2018-04-07 18:42:00,984.1
2018-04-08,33.4,21.4,1.3,18.4,114,45,16.4,55,26.7,2018-04-08 06:03:00,2018-04-08 18:42:00,985.0
2018-04-09,33.3,21.9,3.5,17.0,94,63,17.1,62,25.6,2018-04-09 06:02:00,2018-04-09 18:43:00,986.0
2018-04-10,33.8,21.3,3.1,20.8,145,33,17.2,58,26.7,2018-04-10 06:01:00,2018-04-10 18:43:00,984.0
2018-04-11,31.9,21.5,2.5,22.8,75,46,17.5,63,25.3,2018-04-11 06:00:00,2018-04-11 18:44:00,983.9
2018-04-12,31.6,19.8,0.2,12.4,347,38,16.4,61,25.4,2018-04-12 05:59:00,2018-04-12 18:45:00,983.3
2018-04-13,33.0,19.0,0.0,12.8,327,17,10.5,43,26.2,2018-04-13 05:58:00,2018-04-13 18:45:00,984.4
2018-04-14,34.9,19.2,0.0,16.1,322,25,9.0,34,27.2,2018-04-14 05:57:00,2018-04-14 18:46:00,983.3
2018-04-15,36.5,20.8,0.0,13.8,323,13,10.8,35,28.8,2018-04-15 05:55:00,2018-04-15 18:46:00,982.7
2018-04-16,37.0,23.2,5.4,17.7,134,24,11.9,36,29.2,2018-04-16 05:54:00,2018-04-16 18:47:00,983.2
2018-04-17,36.7,22.4,1.3,14.8,354,15,10.9,35,29.4,2018-04-17 05:53:00,2018-04-17 18:47:00,984.2
2018-04-18,36.5,22.2,0.0,25.8,311,1,8.2,28,29.4,2018-04-18 05:52:00,2018-04-18 18:48:00,983.8
2018-04-19,37.3,23.3,0.0,18.9,315,14,8.7,28,30.0,2018-04-19 05:51:00,2018-04-19 18:49:00,980.3
2018-04-20,39.0,21.7,1.1,26.9,192,26,7.3,27,30.3,2018-04-20 05:50:00,2018-04-20 18:49:00,979.0
2018-04-21,34.0,19.5,0.0,16.9,311,0,8.2,34,27.0,2018-04-21 05:49:00,2018-04-21 18:50:00,983.1
2018-04-22,34.3,20.9,0.0,21.7,314,0,4.2,25,27.5,2018-04-22 05:48:00,2018-04-22 18:50:00,984.1
2018-04-23,35.6,20.9,0.0,20.7,303,0,4.6,23,28.3,2018-04-23 05:47:00,2018-04-23 18:51:00,983.3
2018-04-24,37.9,21.6,0.0,19.7,291,0,3.9,20,30.1,2018-04-24 05:46:00,2018-04-24 18:51:00,982.2
2018-04-25,40.3,22.9,0.0,15.4,265,13,4.4,20,31.8,2018-04-25 05:45:00,2018-04-25 18:52:00,979.6
2018-04-26,41.2,23.8,0.0,13.7,278,0,5.3,20,32.5,2018-04-26 05:45:00,2018-04-26 18:53:00,978.1
2018-04-27,38.6,25.7,1.2,19.2,114,16,16.1,43,30.9,2018-04-27 05:44:00,2018-04-27 18:53:00,981.2
2018-04-28,38.6,25.4,0.9,21.5,115,17,16.6,44,30.7,2018-04-28 05:43:00,2018-04-28 18:54:00,981.1
2018-04-29,38.6,23.4,0.4,26.7,84,39,15.5,43,30.8,2018-04-29 05:42:00,2018-04-29 18:54:00,978.7
2018-04-30,38.9,24.2,0.7,18.1,124,46,15.9,42,31.0,2018-04-30 05:41:00,2018-04-30 18:55:00,976.7
2018-05-01,37.5,24.4,10.5,25.9,111,29,18.8,52,30.5,2018-05-01 05:40:00,2018-05-01 18:56:00,979.7
2018-05-02,36.7,23.4,5.9,28.7,113,39,18.9,54,29.8,2018-05-02 05:39:00,2018-05-02 18:56:00,980.6
2018-05-03,34.8,23.4,0.0,23.3,116,18,19.2,58,28.7,2018-05-03 05:38:00,2018-05-03 18:57:00,981.7
2018-05-04,34.6,24.4,0.0,24.1,102,27,18.8,55,29.0,2018-05-04 05:38:00,2018-05-04 18:57:00,982.1
2018-05-05,37.0,24.3,0.0,16.1,32,13,16.9,48,30.3,2018-05-05 05:37:00,2018-05-05 18:58:00,981.3
2018-05-06,38.2,25.5,0.0,19.3,4,25,14.4,38,31.0,2018-05-06 05:36:00,2018-05-06 18:59:00,981.5
2018-05-07,37.2,23.5,0.0,20.5,354,13,13.0,37,30.5,2018-05-07 05:35:00,2018-05-07 18:59:00,980.0
2018-05-08,33.8,22.9,3.5,18.1,308,47,14.2,46,27.2,2018-05-08 05:35:00,2018-05-08 19:00:00,980.1
2018-05-09,35.4,20.8,2.2,21.7,359,19,13.5,44,28.1,2018-05-09 05:34:00,2018-05-09 19:00:00,982.3
2018-05-10,37.6,22.0,0.0,14.8,304,0,12.8,38,30.2,2018-05-10 05:33:00,2018-05-10 19:01:00,983.1
2018-05-11,40.1,24.3,0.0,15.5,320,20,14.4,36,32.5,2018-05-11 05:33:00,2018-05-11 19:02:00,980.4
2018-05-12,40.1,27.1,1.1,30.2,112,35,17.1,42,32.3,2018-05-12 05:32:00,2018-05-12 19:02:00,979.6
2018-05-13,36.6,24.9,3.8,29.4,81,48,19.6,56,29.6,2018-05-13 05:31:00,2018-05-13 19:03:00,979.7
2018-05-14,36.8,22.7,0.0,13.1,102,18,18.4,52,30.0,2018-05-14 05:31:00,2018-05-14 19:04:00,980.8
2018-05-15,37.5,24.7,0.0,14.4,103,11,18.7,50,31.2,2018-05-15 05:30:00,2018-05-15 19:04:00,979.7
2018-05-16,38.9,25.0,0.4,20.5,287,7,15.8,42,31.9,2018-05-16 05:30:00,2018-05-16 19:05:00,978.4
2018-05-17,40.4,25.4,0.0,18.6,314,25,11.8,30,32.7,2018-05-17 05:29:00,2018-05-17 19:05:00,978.7
2018-05-18,39.5,26.5,0.0,9.7,40,9,12.6,32,32.5,2018-05-18 05:28:00,2018-05-18 19:06:00,978.2
2018-05-19,39.2,25.6,1.5,16.1,238,25,15.4,38,32.1,2018-05-19 05:28:00,2018-05-19 19:07:00,978.5
2018-05-20,40.0,25.7,0.0,14.7,318,4,11.1,28,32.9,2018-05-20 05:27:00,2018-05-20 19:07:00,979.5
2018-05-21,40.8,26.1,0.0,16.2,336,1,4.8,17,33.7,2018-05-21 05:27:00,2018-05-21 19:08:00,979.7
2018-05-22,42.7,28.0,0.0,15.9,324,1,6.9,18,35.5,2018-05-22 05:27:00,2018-05-22 19:08:00,978.8
2018-05-23,42.1,28.3,0.1,22.9,48,7,11.4,26,34.5,2018-05-23 05:26:00,2018-05-23 19:09:00,977.6
2018-05-24,41.6,27.6,0.0,14.6,16,16,12.2,30,33.8,2018-05-24 05:26:00,2018-05-24 19:09:00,977.1
2018-05-25,42.1,25.9,0.0,16.9,294,6,8.0,25,34.6,2018-05-25 05:25:00,2018-05-25 19:10:00,977.2
2018-05-26,42.9,27.0,0.0,13.4,304,0,4.6,17,34.9,2018-05-26 05:25:00,2018-05-26 19:10:00,976.3
2018-05-27,43.0,26.9,0.0,16.6,237,8,5.9,19,35.3,2018-05-27 05:25:00,2018-05-27 19:11:00,975.7
2018-05-28,41.9,27.0,0.0,14.1,104,5,11.8,28,34.8,2018-05-28 05:24:00,2018-05-28 19:12:00,974.0
2018-05-29,41.7,27.5,0.0,19.8,125,7,13.9,33,34.0,2018-05-29 05:24:00,2018-05-29 19:12:00,973.3
2018-05-30,40.4,27.1,0.7,27.2,121,27,19.8,49,32.8,2018-05-30 05:24:00,2018-05-30 19:13:00,974.9
2018-05-31,41.5,27.2,0.0,18.4,121,18,18.9,45,34.3,2018-05-31 05:24:00,2018-05-31 19:13:00,976.8
2018-06-01,41.2,29.1,4.8,27.9,108,13,20.7,48,33.9,2018-06-01 05:23:00,2018-06-01 19:14:00,977.8
2018-06-02,39.3,27.0,0.0,20.5,108,0,20.2,49,33.0,2018-06-02 05:23:00,2018-06-02 19:14:00,978.3
2018-06-03,37.3,28.2,0.0,18.5,103,11,21.6,53,32.9,2018-06-03 05:23:00,2018-06-03 19:15:00,976.3
2018-06-04,40.5,29.6,0.0,21.8,116,9,20.6,45,34.9,2018-06-04 05:23:00,2018-06-04 19:15:00,975.4
2018-06-05,39.7,30.9,0.7,24.6,109,12,21.1,45,35.3,2018-06-05 05:23:00,2018-06-05 19:16:00,977.6
2018-06-06,38.3,29.1,0.8,21.3,100,49,22.8,55,33.4,2018-06-06 05:23:00,2018-06-06 19:16:00,978.8
2018-06-07,39.5,28.4,0.0,17.1,104,7,22.4,53,34.1,2018-06-07 05:23:00,2018-06-07 19:17:00,975.0
2018-06-08,39.9,30.8,0.0,22.7,115,17,23.3,52,34.8,2018-06-08 05:23:00,2018-06-08 19:17:00,971.8
2018-06-09,37.2,27.3,15.2,22.0,119,61,24.7,69,31.5,2018-06-09 05:22:00,2018-06-09 19:18:00,971.4
2018-06-10,36.1,26.4,1.9,11.4,291,41,24.3,68,31.5,2018-06-10 05:22:00,2018-06-10 19:18:00,971.7
2018-06-11,39.3,28.0,0.0,19.2,296,12,21.7,52,34.0,2018-06-11 05:22:00,2018-06-11 19:18:00,969.9
2018-06-12,41.9,28.6,0.0,23.4,279,12,19.2,40,35.5,2018-06-12 05:22:00,2018-06-12 19:19:00,967.4
2018-06-13,40.5,31.8,0.0,25.8,267,2,19.3,38,36.4,2018-06-13 05:22:00,2018-06-13 19:19:00,967.7
2018-06-14,40.3,31.2,0.0,27.3,259,2,18.7,37,36.0,2018-06-14 05:23:00,2018-06-14 19:19:00,969.6
2018-06-15,38.9,32.1,0.0,28.7,263,10,17.8,36,35.5,2018-06-15 05:23:00,2018-06-15 19:20:00,971.9
2018-06-16,39.3,31.2,0.0,21.1,267,20,19.4,41,34.9,2018-06-16 05:23:00,2018-06-16 19:20:00,973.9
2018-06-17,35.7,28.5,0.2,18.1,12,21,22.2,58,31.7,2018-06-17 05:23:00,2018-06-17 19:20:00,975.1
2018-06-18,35.9,26.8,0.6,16.1,310,23,20.7,55,31.1,2018-06-18 05:23:00,2018-06-18 19:21:00,975.3
2018-06-19,38.6,26.3,0.0,16.6,316,4,20.6,51,32.6,2018-06-19 05:23:00,2018-06-19 19:21:00,975.2
2018-06-20,40.1,28.9,0.0,12.9,356,9,20.6,45,34.9,2018-06-20 05:23:00,2018-06-20 19:21:00,976.0
2018-06-21,40.7,29.8,0.0,14.1,330,20,19.8,42,35.4,2018-06-21 05:24:00,2018-06-21 19:21:00,975.6
2018-06-22,41.7,31.9,0.0,17.3,30,8,19.4,38,36.5,2018-06-22 05:24:00,2018-06-22 19:22:00,974.6
2018-06-23,40.7,30.8,0.0,21.3,341,28,19.3,39,35.9,2018-06-23 05:24:00,2018-06-23 19:22:00,974.1
2018-06-24,40.5,30.6,0.0,15.7,293,46,18.9,39,35.6,2018-06-24 05:24:00,2018-06-24 19:22:00,973.5
2018-06-25,40.8,31.1,0.0,18.2,288,29,18.4,36,36.3,2018-06-25 05:25:00,2018-06-25 19:22:00,971.3
2018-06-26,36.2,29.3,1.8,18.1,267,71,21.6,52,32.9,2018-06-26 05:25:00,2018-06-26 19:22:00,971.8
2018-06-27,34.3,25.5,29.8,14.8,86,82,24.8,78,29.2,2018-06-27 05:25:00,2018-06-27 19:22:00,974.1
2018-06-28,33.4,25.6,12.6,23.4,99,79,24.8,81,28.6,2018-06-28 05:26:00,2018-06-28 19:22:00,975.3
2018-06-29,33.2,25.8,4.3,26.0,111,62,24.5,76,29.4,2018-06-29 05:26:00,2018-06-29 19:23:00,975.1
2018-06-30,33.0,26.6,4.9,15.9,138,44,25.5,79,29.6,2018-06-30 05:26:00,2018-06-30 19:23:00,975.6
2018-07-01,34.0,27.7,4.7,17.6,268,90,25.6,75,30.7,2018-07-01 05:27:00,2018-07-01 19:23:00,974.7
2018-07-02,35.0,25.4,15.2,20.5,260,99,24.6,72,30.6,2018-07-02 05:27:00,2018-07-02 19:23:00,972.7
2018-07-03,33.7,28.4,0.7,13.1,224,49,24.0,68,30.6,2018-07-03 05:27:00,2018-07-03 19:23:00,972.6
2018-07-04,32.5,27.1,4.8,16.6,255,55,24.7,78,29.1,2018-07-04 05:28:00,2018-07-04 19:22:00,973.0
2018-07-05,34.9,26.7,0.0,11.8,275,14,24.6,71,30.8,2018-07-05 05:28:00,2018-07-05 19:22:00,974.2
2018-07-06,34.9,26.9,0.0,14.3,300,20,24.1,67,31.1,2018-07-06 05:29:00,2018-07-06 19:22:00,974.3
2018-07-07,36.1,27.3,0.0,13.2,307,4,23.9,65,31.7,2018-07-07 05:29:00,2018-07-07 19:22:00,973.6
2018-07-08,37.3,27.9,0.0,11.0,329,28,23.9,61,32.9,2018-07-08 05:29:00,2018-07-08 19:22:00,972.6
2018-07-09,36.9,29.0,0.1,19.0,112,67,25.1,64,32.9,2018-07-09 05:30:00,2018-07-09 19:22:00,972.7
2018-07-10,37.1,28.8,0.3,16.9,118,65,25.6,67,32.8,2018-07-10 05:30:00,2018-07-10 19:22:00,973.2
2018-07-11,36.3,28.4,4.5,16.8,123,96,25.9,72,31.8,2018-07-11 05:31:00,2018-07-11 19:21:00,972.6
2018-07-12,33.5,26.1,25.5,15.5,111,98,25.6,80,29.6,2018-07-12 05:31:00,2018-07-12 19:21:00,972.3
2018-07-13,32.2,26.5,6.6,15.5,110,93,25.5,82,29.1,2018-07-13 05:32:00,2018-07-13 19:21:00,973.3
2018-07-14,31.8,25.7,6.4,14.3,105,98,25.5,85,28.5,2018-07-14 05:32:00,2018-07-14 19:21:00,973.0
2018-07-15,33.2,26.2,7.4,13.8,111,88,26.0,83,29.4,2018-07-15 05:33:00,2018-07-15 19:20:00,972.6
2018-07-16,32.1,27.2,10.9,14.8,95,90,26.3,85,29.1,2018-07-16 05:33:00,2018-07-16 19:20:00,973.2
2018-07-17,33.2,27.5,3.5,16.1,100,99,26.3,80,30.4,2018-07-17 05:34:00,2018-07-17 19:20:00,973.4
2018-07-18,33.3,28.3,12.2,16.5,90,89,26.3,80,30.1,2018-07-18 05:35:00,2018-07-18 19:19:00,974.2
2018-07-19,32.9,27.4,13.3,18.0,94,87,26.3,80,30.1,2018-07-19 05:35:00,2018-07-19 19:19:00,974.0
2018-07-20,32.5,27.2,8.3,8.3,79,99,26.3,84,29.4,2018-07-20 05:36:00,2018-07-20 19:19:00,973.4
2018-07-21,30.8,26.4,20.9,11.7,123,100,26.4,89,28.4,2018-07-21 05:36:00,2018-07-21 19:18:00,973.8
2018-07-22,29.6,25.4,30.6,10.5,137,100,25.7,91,27.4,2018-07-22 05:37:00,2018-07-22 19:18:00,974.1
2018-07-23,32.4,26.1,5.1,12.5,87,92,26.1,86,28.8,2018-07-23 05:37:00,2018-07-23 19:17:00,973.8
2018-07-24,32.9,26.9,1.5,10.7,131,86,25.5,78,30.0,2018-07-24 05:38:00,2018-07-24 19:17:00,974.4
2018-07-25,32.2,27.0,8.2,9.8,238,99,26.1,85,28.8,2018-07-25 05:38:00,2018-07-25 19:16:00,974.0
2018-07-26,29.4,25.7,16.3,14.8,347,100,25.3,91,26.9,2018-07-26 05:39:00,2018-07-26 19:16:00,974.1
2018-07-27,29.1,25.1,14.2,13.7,7,99,24.9,90,26.8,2018-07-27 05:39:00,2018-07-27 19:15:00,973.3
2018-07-28,31.7,24.9,2.8,22.0,264,97,24.8,83,28.1,2018-07-28 05:40:00,2018-07-28 19:15:00,973.8
2018-07-29,32.5,25.5,2.4,15.5,273,70,25.3,82,29.0,2018-07-29 05:41:00,2018-07-29 19:14:00,974.2
2018-07-30,33.3,26.4,2.4,16.4,267,82,25.1,79,29.2,2018-07-30 05:41:00,2018-07-30 19:13:00,973.9
2018-07-31,33.5,26.8,2.5,16.9,269,68,24.8,76,29.7,2018-07-31 05:42:00,2018-07-31 19:13:00,973.2
2018-08-01,34.2,26.1,0.4,19.1,258,63,24.6,74,29.9,2018-08-01 05:42:00,2018-08-01 19:12:00,973.4
2018-08-02,34.2,27.5,0.2,18.5,260,82,24.1,70,30.5,2018-08-02 05:43:00,2018-08-02 19:11:00,974.9
2018-08-03,34.4,27.8,0.0,20.3,260,88,23.6,67,30.4,2018-08-03 05:43:00,2018-08-03 19:10:00,975.4
2018-08-04,34.0,27.7,0.0,17.8,245,97,23.1,66,30.4,2018-08-04 05:44:00,2018-08-04 19:10:00,975.0
2018-08-05,32.8,27.0,1.3,13.9,217,99,23.5,72,29.1,2018-08-05 05:44:00,2018-08-05 19:09:00,975.0
2018-08-06,28.5,25.6,4.6,12.1,141,100,24.3,86,26.8,2018-08-06 05:45:00,2018-08-06 19:08:00,975.5
2018-08-07,29.1,25.1,19.4,8.9,74,96,25.0,91,26.6,2018-08-07 05:46:00,2018-08-07 19:07:00,975.5
2018-08-08,31.5,25.0,9.4,13.6,99,93,25.3,86,27.9,2018-08-08 05:46:00,2018-08-08 19:07:00,976.0
2018-08-09,32.6,26.4,2.9,14.1,103,70,25.8,82,29.2,2018-08-09 05:47:00,2018-08-09 19:06:00,978.2
2018-08-10,32.8,26.2,2.9,11.7,253,68,26.1,83,29.5,2018-08-10 05:47:00,2018-08-10 19:05:00,977.3
2018-08-11,33.6,26.0,2.7,20.4,269,99,25.4,78,29.8,2018-08-11 05:48:00,2018-08-11 19:04:00,974.0
2018-08-12,30.4,27.1,2.1,13.6,250,99,24.8,79,28.8,2018-08-12 05:48:00,2018-08-12 19:03:00,972.1
2018-08-13,32.5,26.6,2.5,9.3,145,98,24.4,77,29.1,2018-08-13 05:49:00,2018-08-13 19:02:00,973.1
2018-08-14,32.8,26.4,1.0,10.5,179,63,25.2,79,29.3,2018-08-14 05:49:00,2018-08-14 19:02:00,974.3
2018-08-15,33.1,26.2,7.4,13.6,120,70,25.9,84,29.0,2018-08-15 05:50:00,2018-08-15 19:01:00,976.1
2018-08-16,32.4,26.5,3.4,9.5,76,79,26.2,85,29.1,2018-08-16 05:51:00,2018-08-16 19:00:00,977.4
2018-08-17,31.9,26.9,3.4,14.2,99,91,26.2,83,29.4,2018-08-17 05:51:00,2018-08-17 18:59:00,975.2
2018-08-18,32.4,26.9,6.4,12.3,104,71,26.2,84,29.2,2018-08-18 05:52:00,2018-08-18 18:58:00,974.9
2018-08-19,31.2,26.8,4.9,10.7,257,87,26.4,87,28.9,2018-08-19 05:52:00,2018-08-19 18:57:00,974.8
2018-08-20,32.8,26.7,3.6,13.8,112,99,26.6,86,29.2,2018-08-20 05:53:00,2018-08-20 18:56:00,976.1
2018-08-21,33.1,26.0,2.5,9.9,107,78,26.6,85,29.5,2018-08-21 05:53:00,2018-08-21 18:55:00,975.8
2018-08-22,33.1,26.8,10.1,10.7,123,88,26.2,84,29.3,2018-08-22 05:54:00,2018-08-22 18:54:00,975.3
2018-08-23,31.8,26.2,12.4,13.0,267,98,26.0,88,28.3,2018-08-23 05:54:00,2018-08-23 18:53:00,976.2
2018-08-24,32.7,25.5,9.1,15.8,256,96,25.4,83,28.6,2018-08-24 05:55:00,2018-08-24 18:52:00,975.6
2018-08-25,32.8,26.3,1.8,20.5,260,97,24.5,79,28.5,2018-08-25 05:55:00,2018-08-25 18:50:00,975.0
2018-08-26,32.5,25.9,1.7,14.9,290,90,24.6,80,28.6,2018-08-26 05:56:00,2018-08-26 18:49:00,974.6
2018-08-27,30.6,25.9,6.0,10.0,14,99,25.6,89,27.5,2018-08-27 05:56:00,2018-08-27 18:48:00,976.3
2018-08-28,31.0,25.6,14.0,13.7,85,97,25.5,88,27.6,2018-08-28 05:57:00,2018-08-28 18:47:00,977.3
2018-08-29,30.8,25.8,4.6,12.1,106,97,25.9,89,28.0,2018-08-29 05:57:00,2018-08-29 18:46:00,978.4
2018-08-30,32.5,25.7,3.5,10.0,208,95,26.1,85,29.0,2018-08-30 05:58:00,2018-08-30 18:45:00,976.3
2018-08-31,33.8,26.4,1.2,12.0,210,92,25.6,81,29.5,2018-08-31 05:58:00,2018-08-31 18:44:00,976.4
2018-09-01,31.8,26.2,1.3,10.8,161,87,25.7,86,28.3,2018-09-01 05:59:00,2018-09-01 18:43:00,978.0
2018-09-02,29.4,24.5,32.7,9.3,49,94,24.8,90,26.7,2018-09-02 05:59:00,2018-09-02 18:42:00,978.1
2018-09-03,30.4,24.8,8.2,6.6,120,95,24.8,90,26.7,2018-09-03 06:00:00,2018-09-03 18:41:00,978.4
2018-09-04,28.9,25.2,9.0,11.5,297,99,25.1,91,26.7,2018-09-04 06:00:00,2018-09-04 18:39:00,978.9
2018-09-05,31.4,25.2,0.9,15.6,281,100,24.8,85,27.7,2018-09-05 06:01:00,2018-09-05 18:38:00,978.0
2018-09-06,31.6,25.3,7.9,14.4,276,99,24.7,83,28.0,2018-09-06 06:01:00,2018-09-06 18:37:00,977.7
2018-09-07,30.9,25.9,8.6,13.6,98,89,25.6,88,27.9,2018-09-07 06:02:00,2018-09-07 18:36:00,979.5
2018-09-08,31.2,25.2,8.0,23.5,87,92,24.7,86,27.4,2018-09-08 06:02:00,2018-09-08 18:35:00,979.9
2018-09-09,29.7,24.4,0.2,22.3,114,73,23.7,83,27.0,2018-09-09 06:03:00,2018-09-09 18:34:00,981.1
2018-09-10,31.3,24.2,2.4,9.8,160,57,24.1,83,27.5,2018-09-10 06:03:00,2018-09-10 18:32:00,982.6
2018-09-11,30.8,25.2,3.0,11.2,244,56,24.7,84,27.8,2018-09-11 06:04:00,2018-09-11 18:31:00,982.3
2018-09-12,32.7,25.9,0.4,18.4,264,25,23.7,76,28.5,2018-09-12 06:04:00,2018-09-12 18:30:00,979.6
2018-09-13,32.2,25.6,0.0,19.4,257,10,22.6,71,28.5,2018-09-13 06:05:00,2018-09-13 18:29:00,979.1
2018-09-14,31.6,24.3,0.0,14.4,264,9,21.9,71,27.8,2018-09-14 06:05:00,2018-09-14 18:28:00,981.5
2018-09-15,32.3,23.8,0.0,12.4,271,5,21.6,70,27.9,2018-09-15 06:06:00,2018-09-15 18:26:00,983.1
2018-09-16,32.4,23.4,0.0,16.5,281,3,21.4,68,28.0,2018-09-16 06:06:00,2018-09-16 18:25:00,982.1
2018-09-17,32.1,24.0,0.0,14.3,302,6,22.2,71,28.1,2018-09-17 06:07:00,2018-09-17 18:24:00,980.9
2018-09-18,33.1,22.9,0.0,16.3,308,3,21.0,69,27.6,2018-09-18 06:07:00,2018-09-18 18:23:00,981.0
2018-09-19,33.4,22.5,0.0,15.1,318,0,21.1,69,27.7,2018-09-19 06:08:00,2018-09-19 18:22:00,981.0
2018-09-20,33.3,22.7,0.0,10.0,46,1,22.1,70,28.4,2018-09-20 06:08:00,2018-09-20 18:20:00,981.3
2018-09-21,31.4,23.9,6.2,18.2,98,47,23.0,78,27.2,2018-09-21 06:09:00,2018-09-21 18:19:00,983.5
2018-09-22,28.1,22.6,50.6,27.8,91,95,22.8,88,24.9,2018-09-22 06:09:00,2018-09-22 18:18:00,983.8
2018-09-23,29.0,23.6,15.6,27.2,107,94,23.4,89,25.4,2018-09-23 06:10:00,2018-09-23 18:17:00,983.8
2018-09-24,26.5,23.2,12.8,24.9,146,92,23.2,92,24.6,2018-09-24 06:10:00,2018-09-24 18:16:00,981.6
2018-09-25,29.1,22.6,0.3,19.7,297,58,22.2,85,25.2,2018-09-25 06:11:00,2018-09-25 18:14:00,982.8
2018-09-26,30.7,22.1,0.0,11.0,291,6,22.2,81,26.0,2018-09-26 06:11:00,2018-09-26 18:13:00,982.8
2018-09-27,31.6,22.0,0.0,8.4,316,2,22.3,77,27.0,2018-09-27 06:12:00,2018-09-27 18:12:00,983.6
2018-09-28,32.2,22.6,0.6,9.5,264,6,22.4,74,27.7,2018-09-28 06:12:00,2018-09-28 18:11:00,984.4
2018-09-29,32.6,22.2,0.0,8.5,292,2,21.9,74,27.2,2018-09-29 06:13:00,2018-09-29 18:10:00,985.1
2018-09-30,31.8,22.2,0.0,14.9,301,0,21.1,73,26.6,2018-09-30 06:13:00,2018-09-30 18:09:00,984.6
2018-10-01,32.5,22.0,0.0,10.3,295,0,20.8,72,26.6,2018-10-01 06:14:00,2018-10-01 18:07:00,984.3
2018-10-02,33.3,21.7,0.0,11.8,284,3,20.7,68,27.5,2018-10-02 06:14:00,2018-10-02 18:06:00,984.9
2018-10-03,32.8,21.7,0.0,9.2,269,5,19.5,65,26.9,2018-10-03 06:15:00,2018-10-03 18:05:00,984.3
2018-10-04,32.6,22.0,1.0,9.7,326,12,20.3,71,26.4,2018-10-04 06:15:00,2018-10-04 18:04:00,985.8
2018-10-05,32.7,21.0,0.0,8.5,329,4,20.5,72,26.4,2018-10-05 06:16:00,2018-10-05 18:03:00,986.9
2018-10-06,32.2,20.3,0.0,12.0,303,7,17.9,64,25.8,2018-10-06 06:16:00,2018-10-06 18:01:00,986.6
2018-10-07,31.8,20.0,0.0,10.8,332,0,18.4,67,25.3,2018-10-07 06:17:00,2018-10-07 18:00:00,986.0
2018-10-08,32.4,20.0,0.0,8.7,104,0,18.9,67,26.1,2018-10-08 06:17:00,2018-10-08 17:59:00,984.6
2018-10-09,31.9,21.7,0.0,15.3,123,8,20.4,72,26.2,2018-10-09 06:18:00,2018-10-09 17:58:00,983.5
2018-10-10,31.7,21.9,0.2,15.9,104,9,20.8,78,25.3,2018-10-10 06:19:00,2018-10-10 17:57:00,984.3
2018-10-11,28.5,20.4,1.3,20.6,92,13,20.3,80,24.1,2018-10-11 06:19:00,2018-10-11 17:56:00,985.8
2018-10-12,29.9,18.3,0.0,11.3,30,1,17.5,71,23.7,2018-10-12 06:20:00,2018-10-12 17:55:00,987.6
2018-10-13,29.1,18.4,0.0,12.3,329,0,15.8,66,23.2,2018-10-13 06:20:00,2018-10-13 17:54:00,988.0
2018-10-14,30.2,17.0,0.0,16.0,297,0,14.3,61,23.2,2018-10-14 06:21:00,2018-10-14 17:53:00,987.2
2018-10-15,31.6,17.7,0.0,10.1,337,40,15.0,58,24.4,2018-10-15 06:21:00,2018-10-15 17:52:00,987.6
2018-10-16,30.8,18.9,0.0,10.1,117,81,17.9,68,24.8,2018-10-16 06:22:00,2018-10-16 17:51:00,987.2
2018-10-17,32.5,19.1,0.0,10.2,119,3,17.9,68,25.0,2018-10-17 06:23:00,2018-10-17 17:50:00,985.6
2018-10-18,31.4,19.2,0.4,21.0,106,13,18.5,71,24.8,2018-10-18 06:23:00,2018-10-18 17:49:00,985.3
2018-10-19,31.7,18.5,0.0,11.3,329,7,15.9,60,25.3,2018-10-19 06:24:00,2018-10-19 17:48:00,986.9
2018-10-20,31.3,18.4,0.0,9.7,357,7,14.3,56,24.4,2018-10-20 06:25:00,2018-10-20 17:47:00,989.0
2018-10-21,30.1,18.4,0.0,12.0,349,11,12.9,54,23.4,2018-10-21 06:25:00,2018-10-21 17:46:00,989.7
2018-10-22,29.7,16.1,0.0,14.3,294,0,10.2,49,22.5,2018-10-22 06:26:00,2018-10-22 17:45:00,988.8
2018-10-23,30.1,16.4,0.0,12.0,296,0,10.8,48,23.0,2018-10-23 06:26:00,2018-10-23 17:44:00,988.4
2018-10-24,30.1,17.6,0.0,11.4,94,20,13.8,57,23.4,2018-10-24 06:27:00,2018-10-24 17:43:00,988.4
2018-10-25,30.2,16.1,0.0,10.6,67,0,14.1,59,23.2,2018-10-25 06:28:00,2018-10-25 17:42:00,989.6
2018-10-26,30.2,16.6,0.0,10.5,12,8,14.5,63,22.7,2018-10-26 06:28:00,2018-10-26 17:41:00,991.6
2018-10-27,29.7,18.0,0.0,11.6,345,6,14.8,61,23.3,2018-10-27 06:29:00,2018-10-27 17:40:00,991.9
2018-10-28,29.9,16.2,0.0,13.0,328,0,14.6,63,23.0,2018-10-28 06:30:00,2018-10-28 17:39:00,991.5
2018-10-29,29.5,16.0,0.0,11.2,308,0,14.9,64,22.8,2018-10-29 06:30:00,2018-10-29 17:38:00,990.6
2018-10-30,29.2,18.2,0.0,8.4,50,8,16.0,63,23.7,2018-10-30 06:31:00,2018-10-30 17:38:00,990.6
2018-10-31,29.3,18.2,0.0,9.5,76,0,15.8,63,23.8,2018-10-31 06:32:00,2018-10-31 17:37:00,991.1
2018-11-01,29.0,18.1,0.0,8.9,119,28,15.8,65,23.2,2018-11-01 06:33:00,2018-11-01 17:36:00,990.0
2018-11-02,30.0,17.5,0.1,10.9,126,15,16.5,67,23.5,2018-11-02 06:33:00,2018-11-02 17:35:00,988.4
2018-11-03,28.3,19.8,0.0,20.5,101,26,16.2,64,23.5,2018-11-03 06:34:00,2018-11-03 17:35:00,987.3
2018-11-04,27.4,17.3,0.0,15.5,11,4,14.0,61,22.3,2018-11-04 06:35:00,2018-11-04 17:34:00,988.5
2018-11-05,25.5,15.0,0.0,12.3,294,4,12.4,62,20.2,2018-11-05 06:36:00,2018-11-05 17:33:00,989.3
2018-11-06,26.1,15.3,0.0,17.5,292,0,8.5,50,20.0,2018-11-06 06:36:00,2018-11-06 17:33:00,989.7
2018-11-07,26.1,12.6,0.0,11.5,277,0,4.9,40,19.1,2018-11-07 06:37:00,2018-11-07 17:32:00,990.1
2018-11-08,26.4,13.5,0.0,9.3,345,0,8.5,49,20.1,2018-11-08 06:38:00,2018-11-08 17:31:00,990.3
2018-11-09,26.7,12.8,0.0,9.2,328,0,11.7,60,20.4,2018-11-09 06:39:00,2018-11-09 17:31:00,988.8
2018-11-10,27.5,14.0,0.0,9.8,59,6,13.1,63,20.8,2018-11-10 06:39:00,2018-11-10 17:30:00,989.5
2018-11-11,28.0,14.4,0.0,9.4,96,3,13.5,61,21.8,2018-11-11 06:40:00,2018-11-11 17:29:00,990.0
2018-11-12,27.9,14.9,0.0,9.6,83,7,14.8,68,21.5,2018-11-12 06:41:00,2018-11-12 17:29:00,988.0
2018-11-13,28.1,17.1,0.1,9.5,104,27,15.8,69,22.1,2018-11-13 06:42:00,2018-11-13 17:28:00,985.5
2018-11-14,26.0,17.9,1.1,18.7,86,44,16.0,72,21.5,2018-11-14 06:42:00,2018-11-14 17:28:00,986.6
2018-11-15,26.7,16.3,0.6,19.2,346,7,15.0,72,20.7,2018-11-15 06:43:00,2018-11-15 17:27:00,990.0
2018-11-16,25.3,14.4,0.0,20.4,291,0,10.6,61,19.1,2018-11-16 06:44:00,2018-11-16 17:27:00,989.1
2018-11-17,25.1,14.0,0.0,12.8,286,11,11.1,64,18.5,2018-11-17 06:45:00,2018-11-17 17:27:00,987.4
2018-11-18,26.8,14.3,0.0,10.0,148,11,12.3,64,19.8,2018-11-18 06:46:00,2018-11-18 17:26:00,988.3
2018-11-19,26.6,16.8,0.0,13.8,124,50,13.1,63,20.8,2018-11-19 06:46:00,2018-11-19 17:26:00,990.6
2018-11-20,27.2,15.6,0.0,12.2,328,0,14.6,72,20.5,2018-11-20 06:47:00,2018-11-20 17:25:00,991.1
2018-11-21,26.7,14.6,0.0,14.8,281,20,11.6,62,19.7,2018-11-21 06:48:00,2018-11-21 17:25:00,991.3
2018-11-22,26.6,12.5,0.0,9.2,301,46,10.4,58,19.6,2018-11-22 06:49:00,2018-11-22 17:25:00,991.8
2018-11-23,26.3,12.8,0.0,19.6,301,0,9.6,57,19.3,2018-11-23 06:50:00,2018-11-23 17:25:00,993.4
2018-11-24,26.0,14.4,0.0,21.3,287,0,9.0,53,19.3,2018-11-24 06:50:00,2018-11-24 17:24:00,991.8
2018-11-25,25.2,12.0,0.0,10.9,311,0,9.6,60,17.8,2018-11-25 06:51:00,2018-11-25 17:24:00,991.5
2018-11-26,25.6,11.0,0.0,14.1,324,25,11.6,66,18.5,2018-11-26 06:52:00,2018-11-26 17:24:00,990.6
2018-11-27,25.3,11.8,0.0,10.2,116,84,13.4,69,19.5,2018-11-27 06:53:00,2018-11-27 17:24:00,992.3
2018-11-28,25.2,14.6,0.0,8.1,127,48,14.1,72,19.6,2018-11-28 06:54:00,2018-11-28 17:24:00,993.0
2018-11-29,25.5,13.5,0.0,11.2,290,32,13.0,72,18.6,2018-11-29 06:54:00,2018-11-29 17:24:00,993.4
2018-11-30,25.8,12.6,0.0,14.6,290,15,12.0,69,18.3,2018-11-30 06:55:00,2018-11-30 17:24:00,992.9
2018-12-01,24.8,12.2,0.0,13.0,278,0,10.5,67,17.4,2018-12-01 06:56:00,2018-12-01 17:24:00,990.3
2018-12-02,24.3,11.1,0.0,9.4,353,0,9.0,58,17.8,2018-12-02 06:57:00,2018-12-02 17:24:00,989.6
2018-12-03,23.9,10.3,0.0,8.9,308,18,9.6,61,17.7,2018-12-03 06:57:00,2018-12-03 17:24:00,990.5
2018-12-04,23.4,12.7,0.0,10.3,332,81,10.4,66,17.3,2018-12-04 06:58:00,2018-12-04 17:24:00,992.2
2018-12-05,22.9,9.9,0.0,9.8,314,20,10.6,69,16.7,2018-12-05 06:59:00,2018-12-05 17:24:00,989.9
2018-12-06,23.0,12.4,0.0,10.5,337,17,10.4,67,17.0,2018-12-06 07:00:00,2018-12-06 17:24:00,989.1
2018-12-07,22.9,10.7,0.0,14.1,313,0,9.9,70,15.9,2018-12-07 07:00:00,2018-12-07 17:24:00,989.8
2018-12-08,23.0,9.5,0.0,11.0,336,0,9.4,70,15.4,2018-12-08 07:01:00,2018-12-08 17:24:00,990.7
2018-12-09,22.5,11.1,0.0,11.2,6,0,9.3,67,15.9,2018-12-09 07:02:00,2018-12-09 17:24:00,989.8
2018-12-10,22.2,10.0,0.1,11.3,116,14,10.2,72,15.5,2018-12-10 07:02:00,2018-12-10 17:24:00,989.3
2018-12-11,21.6,9.4,0.0,9.6,109,21,9.2,68,15.5,2018-12-11 07:03:00,2018-12-11 17:25:00,990.2
2018-12-12,18.3,11.5,0.8,15.3,81,47,10.2,76,14.6,2018-12-12 07:04:00,2018-12-12 17:25:00,991.8
2018-12-13,19.6,10.2,0.1,9.7,342,16,9.5,75,14.3,2018-12-13 07:04:00,2018-12-13 17:25:00,994.6
2018-12-14,20.2,9.4,0.0,11.2,307,0,7.9,70,14.0,2018-12-14 07:05:00,2018-12-14 17:25:00,996.6
2018-12-15,20.8,8.7,0.0,14.8,298,0,7.5,68,13.8,2018-12-15 07:06:00,2018-12-15 17:26:00,996.2
2018-12-16,20.8,8.0,0.0,10.7,309,0,6.8,67,13.4,2018-12-16 07:06:00,2018-12-16 17:26:00,996.4
2018-12-17,20.7,7.4,0.0,12.9,312,49,6.9,69,13.0,2018-12-17 07:07:00,2018-12-17 17:27:00,994.9
2018-12-18,20.4,7.1,0.0,14.0,301,0,6.2,66,12.9,2018-12-18 07:07:00,2018-12-18 17:27:00,993.4
2018-12-19,20.3,6.8,0.0,11.3,281,0,6.6,68,12.8,2018-12-19 07:08:00,2018-12-19 17:27:00,992.5
2018-12-20,20.3,5.9,0.0,10.8,288,0,5.9,68,12.4,2018-12-20 07:09:00,2018-12-20 17:28:00,992.6
2018-12-21,20.0,6.2,0.0,10.5,280,0,5.9,69,12.1,2018-12-21 07:09:00,2018-12-21 17:28:00,991.4
2018-12-22,19.6,5.9,0.0,11.1,198,0,6.0,70,11.9,2018-12-22 07:10:00,2018-12-22 17:29:00,991.7
2018-12-23,19.8,6.1,0.0,10.8,125,11,6.3,70,12.3,2018-12-23 07:10:00,2018-12-23 17:29:00,992.5
2018-12-24,20.4,6.1,0.0,10.6,307,0,6.4,66,13.2,2018-12-24 07:11:00,2018-12-24 17:30:00,991.7
2018-12-25,19.6,6.1,0.0,15.8,296,1,5.2,66,12.2,2018-12-25 07:11:00,2018-12-25 17:31:00,991.0
2018-12-26,19.0,5.6,0.0,10.4,280,19,4.1,63,11.9,2018-12-26 07:11:00,2018-12-26 17:31:00,989.7
2018-12-27,18.8,5.2,0.0,11.4,289,0,4.9,63,12.1,2018-12-27 07:12:00,2018-12-27 17:32:00,991.1
2018-12-28,18.3,6.2,0.0,19.1,291,0,5.0,67,11.5,2018-12-28 07:12:00,2018-12-28 17:32:00,991.3
2018-12-29,19.2,5.0,0.0,13.8,283,0,4.2,64,11.2,2018-12-29 07:12:00,2018-12-29 17:33:00,993.3
2018-12-30,19.6,4.8,0.0,7.3,320,0,5.4,61,13.2,2018-12-30 07:13:00,2018-12-30 17:33:00,995.6
2018-12-31,20.7,5.4,0.0,12.3,297,0,6.3,70,12.3,2018-12-31 07:13:00,2018-12-31 17:34:00,995.4
2019-01-01,20.2,5.9,0.0,10.2,285,5,7.0,71,12.7,2019-01-01 07:13:00,2019-01-01 17:35:00,994.3
2019-01-02,21.1,7.6,0.0,10.5,114,11,8.4,71,14.1,2019-01-02 07:14:00,2019-01-02 17:35:00,994.6
2019-01-03,20.7,7.5,0.0,14.9,303,2,7.5,70,13.4,2019-01-03 07:14:00,2019-01-03 17:36:00,995.5
2019-01-04,18.8,7.1,0.0,12.4,284,60,6.8,70,12.6,2019-01-04 07:14:00,2019-01-04 17:37:00,994.3
2019-01-05,20.5,7.9,0.0,18.1,113,6,7.2,69,13.4,2019-01-05 07:14:00,2019-01-05 17:38:00,992.7
2019-01-06,18.2,9.2,2.3,16.6,36,45,8.9,77,13.0,2019-01-06 07:14:00,2019-01-06 17:38:00,992.2
2019-01-07,19.0,7.7,0.0,10.5,317,0,8.1,77,12.4,2019-01-07 07:14:00,2019-01-07 17:39:00,993.9
2019-01-08,18.3,7.5,0.0,14.6,291,28,7.5,75,12.2,2019-01-08 07:15:00,2019-01-08 17:40:00,992.4
2019-01-09,19.3,8.0,0.0,18.0,292,0,6.4,69,12.6,2019-01-09 07:15:00,2019-01-09 17:41:00,991.5
2019-01-10,19.4,6.1,0.0,11.4,294,6,5.7,66,12.7,2019-01-10 07:15:00,2019-01-10 17:41:00,991.3
2019-01-11,19.4,6.2,0.0,10.8,110,6,6.4,68,12.9,2019-01-11 07:15:00,2019-01-11 17:42:00,992.7
2019-01-12,19.8,8.5,0.0,10.2,148,9,7.5,67,13.9,2019-01-12 07:15:00,2019-01-12 17:43:00,991.9
2019-01-13,20.9,9.4,0.0,13.2,357,22,9.0,72,14.5,2019-01-13 07:15:00,2019-01-13 17:44:00,993.9
2019-01-14,18.1,8.0,0.0,20.9,302,0,3.6,58,12.5,2019-01-14 07:15:00,2019-01-14 17:45:00,994.0
2019-01-15,18.7,6.5,0.0,17.1,291,51,2.6,56,11.5,2019-01-15 07:15:00,2019-01-15 17:46:00,992.7
2019-01-16,18.9,6.5,0.0,9.4,155,65,5.2,67,11.7,2019-01-16 07:14:00,2019-01-16 17:46:00,992.4
2019-01-17,20.0,7.6,0.0,9.7,332,0,7.2,71,12.7,2019-01-17 07:14:00,2019-01-17 17:47:00,991.5
2019-01-18,20.3,5.7,0.0,10.8,301,0,6.4,72,12.0,2019-01-18 07:14:00,2019-01-18 17:48:00,991.6
2019-01-19,22.7,7.1,0.0,9.7,288,24,7.4,67,14.4,2019-01-19 07:14:00,2019-01-19 17:49:00,991.6
2019-01-20,24.8,11.8,0.0,9.0,166,90,11.1,67,17.8,2019-01-20 07:14:00,2019-01-20 17:50:00,990.8
2019-01-21,20.8,13.0,6.5,23.2,123,93,12.5,80,16.2,2019-01-21 07:13:00,2019-01-21 17:50:00,988.1
2019-01-22,19.5,11.7,16.9,24.8,136,58,12.2,86,14.8,2019-01-22 07:13:00,2019-01-22 17:51:00,988.2
2019-01-23,18.5,8.4,0.1,9.2,23,24,10.3,84,13.2,2019-01-23 07:13:00,2019-01-23 17:52:00,991.8
2019-01-24,19.6,9.7,0.3,13.0,338,33,10.2,81,13.7,2019-01-24 07:12:00,2019-01-24 17:53:00,994.0
2019-01-25,17.0,8.8,0.1,11.4,328,21,8.2,79,12.1,2019-01-25 07:12:00,2019-01-25 17:54:00,993.7
2019-01-26,17.2,7.0,0.0,12.9,317,5,4.5,66,11.3,2019-01-26 07:12:00,2019-01-26 17:55:00,996.4
2019-01-27,16.2,5.3,0.0,17.6,305,18,3.6,66,10.1,2019-01-27 07:11:00,2019-01-27 17:55:00,996.6
2019-01-28,17.1,6.0,0.0,17.8,306,0,2.8,61,10.6,2019-01-28 07:11:00,2019-01-28 17:56:00,996.3
2019-01-29,18.2,5.8,0.0,15.6,300,6,3.3,60,11.1,2019-01-29 07:10:00,2019-01-29 17:57:00,994.8
2019-01-30,18.5,6.2,0.0,11.4,317,64,5.2,68,11.5,2019-01-30 07:10:00,2019-01-30 17:58:00,993.4
2019-01-31,18.6,7.4,0.6,17.9,121,54,7.1,69,13.0,2019-01-31 07:09:00,2019-01-31 17:59:00,992.2
2019-02-01,19.3,10.8,0.2,18.0,93,33,9.4,74,14.2,2019-02-01 07:09:00,2019-02-01 18:00:00,992.9
2019-02-02,19.4,7.8,0.0,12.5,296,0,9.2,80,12.9,2019-02-02 07:08:00,2019-02-02 18:00:00,992.9
2019-02-03,19.9,7.6,0.0,11.9,280,1,9.2,81,12.6,2019-02-03 07:08:00,2019-02-03 18:01:00,993.9
2019-02-04,20.8,7.5,0.0,9.0,282,5,9.0,73,14.2,2019-02-04 07:07:00,2019-02-04 18:02:00,994.6
2019-02-05,22.0,9.7,0.0,11.0,118,45,11.2,75,15.9,2019-02-05 07:07:00,2019-02-05 18:03:00,992.1
2019-02-06,23.1,13.6,9.1,19.6,135,41,14.4,84,17.1,2019-02-06 07:06:00,2019-02-06 18:04:00,987.0
2019-02-07,20.1,12.1,12.7,27.2,141,59,13.9,89,15.7,2019-02-07 07:05:00,2019-02-07 18:04:00,984.7
2019-02-08,18.6,7.9,0.0,14.3,314,25,6.8,71,12.7,2019-02-08 07:05:00,2019-02-08 18:05:00,990.8
2019-02-09,18.8,8.1,0.0,17.1,295,0,6.5,68,12.5,2019-02-09 07:04:00,2019-02-09 18:06:00,993.1
2019-02-10,18.3,6.7,0.5,10.2,304,76,7.2,72,12.4,2019-02-10 07:03:00,2019-02-10 18:07:00,994.5
2019-02-11,19.3,7.6,0.0,10.2,311,68,8.2,73,13.2,2019-02-11 07:03:00,2019-02-11 18:07:00,995.1
2019-02-12,21.3,10.5,0.0,9.3,352,81,10.5,75,15.2,2019-02-12 07:02:00,2019-02-12 18:08:00,995.0
2019-02-13,23.5,10.3,0.4,10.3,132,71,11.2,73,16.5,2019-02-13 07:01:00,2019-02-13 18:09:00,994.1
2019-02-14,20.4,13.6,4.0,22.9,132,77,13.4,83,16.3,2019-02-14 07:00:00,2019-02-14 18:10:00,990.1
2019-02-15,20.7,12.7,4.5,14.2,82,56,13.2,85,15.9,2019-02-15 06:59:00,2019-02-15 18:10:00,990.3
2019-02-16,19.3,10.4,0.1,15.3,309,60,11.6,85,14.4,2019-02-16 06:58:00,2019-02-16 18:11:00,991.6
2019-02-17,20.7,10.6,0.0,16.3,302,25,10.6,79,14.6,2019-02-17 06:58:00,2019-02-17 18:12:00,988.7
2019-02-18,22.5,9.8,0.1,20.7,123,29,10.6,71,16.3,2019-02-18 06:57:00,2019-02-18 18:13:00,984.3
2019-02-19,22.1,12.4,0.0,12.6,50,59,12.5,77,16.9,2019-02-19 06:56:00,2019-02-19 18:13:00,987.4
2019-02-20,20.5,14.8,2.6,18.4,99,99,13.7,82,17.0,2019-02-20 06:55:00,2019-02-20 18:14:00,991.9
2019-02-21,25.4,14.1,0.0,17.6,121,79,14.5,75,19.3,2019-02-21 06:54:00,2019-02-21 18:15:00,990.9
2019-02-22,22.7,13.2,0.4,20.1,314,28,12.3,72,17.9,2019-02-22 06:53:00,2019-02-22 18:15:00,991.4
2019-02-23,21.5,10.5,0.0,20.2,308,34,7.9,64,15.1,2019-02-23 06:52:00,2019-02-23 18:16:00,989.9
2019-02-24,22.0,10.8,0.2,12.3,319,25,8.4,66,15.4,2019-02-24 06:51:00,2019-02-24 18:17:00,986.7
2019-02-25,22.3,10.0,0.0,11.9,89,34,8.4,65,15.5,2019-02-25 06:50:00,2019-02-25 18:18:00,985.7
2019-02-26,21.4,11.9,2.8,17.1,121,64,9.4,67,15.6,2019-02-26 06:49:00,2019-02-26 18:18:00,985.6
2019-02-27,17.6,9.8,11.2,12.2,358,40,9.7,79,13.5,2019-02-27 06:48:00,2019-02-27 18:19:00,986.1
2019-02-28,19.3,7.3,0.0,16.8,312,3,6.8,70,13.1,2019-02-28 06:47:00,2019-02-28 18:20:00,990.0
2019-03-01,21.1,7.2,0.0,12.0,319,14,6.9,66,13.9,2019-03-01 06:46:00,2019-03-01 18:20:00,990.4
2019-03-02,20.9,11.4,6.8,12.6,79,99,9.9,73,15.0,2019-03-02 06:45:00,2019-03-02 18:21:00,990.3
2019-03-03,21.6,11.1,4.1,13.8,100,46,12.2,80,15.9,2019-03-03 06:44:00,2019-03-03 18:21:00,987.2
2019-03-04,22.5,11.8,0.2,12.9,326,15,13.2,80,16.9,2019-03-04 06:43:00,2019-03-04 18:22:00,984.4
2019-03-05,21.9,11.7,0.0,14.3,303,6,10.2,71,16.1,2019-03-05 06:42:00,2019-03-05 18:23:00,985.3
2019-03-06,23.3,10.9,0.0,19.7,299,3,8.9,63,16.7,2019-03-06 06:41:00,2019-03-06 18:23:00,986.4
2019-03-07,23.9,10.3,0.0,11.3,321,17,9.0,62,17.1,2019-03-07 06:40:00,2019-03-07 18:24:00,986.9
2019-03-08,24.2,11.8,0.0,13.4,357,20,9.8,58,18.6,2019-03-08 06:39:00,2019-03-08 18:25:00,988.6
2019-03-09,25.2,12.6,0.0,17.9,338,15,10.8,65,18.2,2019-03-09 06:38:00,2019-03-09 18:25:00,988.6
2019-03-10,24.7,11.3,0.0,12.0,319,0,7.2,54,17.7,2019-03-10 06:36:00,2019-03-10 18:26:00,988.7
2019-03-11,26.4,14.5,1.7,24.2,120,27,10.4,55,20.0,2019-03-11 06:35:00,2019-03-11 18:26:00,988.0
2019-03-12,26.6,13.0,0.0,16.4,359,61,9.3,57,19.6,2019-03-12 06:34:00,2019-03-12 18:27:00,990.4
2019-03-13,23.2,13.2,0.0,10.1,352,93,10.8,63,18.3,2019-03-13 06:33:00,2019-03-13 18:28:00,990.6
2019-03-14,24.2,12.1,0.3,23.7,345,37,11.5,72,17.2,2019-03-14 06:32:00,2019-03-14 18:28:00,991.3
2019-03-15,25.1,11.8,0.0,15.5,330,0,10.1,65,17.9,2019-03-15 06:31:00,2019-03-15 18:29:00,992.6
2019-03-16,25.3,12.2,0.0,12.5,312,52,8.5,57,18.1,2019-03-16 06:30:00,2019-03-16 18:29:00,991.3
2019-03-17,26.6,12.9,0.0,13.0,297,23,8.2,49,20.1,2019-03-17 06:29:00,2019-03-17 18:30:00,989.5
2019-03-18,27.2,12.3,0.0,12.1,296,39,8.6,49,20.7,2019-03-18 06:27:00,2019-03-18 18:30:00,989.1
2019-03-19,29.5,13.9,0.0,12.7,283,0,9.9,50,21.7,2019-03-19 06:26:00,2019-03-19 18:31:00,985.6
2019-03-20,30.7,18.3,0.0,20.4,122,17,10.6,47,23.3,2019-03-20 06:25:00,2019-03-20 18:32:00,984.1
2019-03-21,30.3,15.2,0.0,15.5,9,26,10.3,49,22.8,2019-03-21 06:24:00,2019-03-21 18:32:00,987.2
2019-03-22,29.1,16.0,0.0,21.0,316,0,6.8,40,22.0,2019-03-22 06:23:00,2019-03-22 18:33:00,989.4
2019-03-23,30.0,15.7,0.0,23.9,311,5,6.8,38,22.4,2019-03-23 06:22:00,2019-03-23 18:33:00,988.6
2019-03-24,31.3,18.4,0.0,17.0,323,13,11.0,45,24.1,2019-03-24 06:21:00,2019-03-24 18:34:00,987.2
2019-03-25,28.4,17.3,0.5,17.2,332,58,13.7,62,21.7,2019-03-25 06:19:00,2019-03-25 18:34:00,987.5
2019-03-26,29.9,15.4,0.0,17.9,300,0,11.9,57,22.3,2019-03-26 06:18:00,2019-03-26 18:35:00,988.7
2019-03-27,31.1,15.3,0.0,13.5,299,38,12.5,52,23.6,2019-03-27 06:17:00,2019-03-27 18:36:00,989.2
2019-03-28,33.8,18.4,0.0,12.1,306,42,14.5,52,26.0,2019-03-28 06:16:00,2019-03-28 18:36:00,987.3
2019-03-29,35.8,19.0,0.0,12.8,325,24,15.2,50,27.9,2019-03-29 06:15:00,2019-03-29 18:37:00,984.4
2019-03-30,35.9,20.2,0.0,19.6,350,48,15.6,54,27.0,2019-03-30 06:14:00,2019-03-30 18:37:00,983.6
2019-03-31,34.4,19.4,0.0,22.5,312,15,9.6,41,26.5,2019-03-31 06:12:00,2019-03-31 18:38:00,984.0
2019-04-01,33.5,18.4,0.0,21.3,302,0,7.0,33,25.5,2019-04-01 06:11:00,2019-04-01 18:38:00,984.4
2019-04-02,33.5,18.4,0.0,13.6,332,0,8.9,39,25.5,2019-04-02 06:10:00,2019-04-02 18:39:00,985.0
2019-04-03,35.0,18.1,0.0,13.0,308,0,9.6,39,26.3,2019-04-03 06:09:00,2019-04-03 18:39:00,984.1
2019-04-04,36.4,18.8,0.0,11.2,79,17,11.9,40,28.0,2019-04-04 06:08:00,2019-04-04 18:40:00,984.7
2019-04-05,37.8,21.6,0.0,20.2,278,30,13.7,41,29.4,2019-04-05 06:07:00,2019-04-05 18:41:00,983.9
2019-04-06,37.7,21.3,0.0,31.2,47,28,14.8,47,28.8,2019-04-06 06:06:00,2019-04-06 18:41:00,982.7
2019-04-07,35.1,21.7,0.0,15.4,110,61,17.7,54,28.2,2019-04-07 06:04:00,2019-04-07 18:42:00,981.6
2019-04-08,35.3,21.3,0.2,22.9,107,22,15.9,54,26.9,2019-04-08 06:03:00,2019-04-08 18:42:00,982.5
2019-04-09,36.7,20.2,0.0,14.2,65,31,14.6,47,28.4,2019-04-09 06:02:00,2019-04-09 18:43:00,982.2
2019-04-10,37.5,21.6,0.0,17.2,356,54,13.7,43,29.2,2019-04-10 06:01:00,2019-04-10 18:43:00,983.7
2019-04-11,37.9,23.8,0.0,12.5,350,23,12.3,36,30.4,2019-04-11 06:00:00,2019-04-11 18:44:00,983.4
2019-04-12,37.3,22.5,0.0,17.7,345,40,12.3,36,29.6,2019-04-12 05:59:00,2019-04-12 18:44:00,983.7
2019-04-13,36.8,22.6,0.0,18.3,341,26,12.9,38,29.9,2019-04-13 05:58:00,2019-04-13 18:45:00,984.4
2019-04-14,37.6,23.9,0.0,19.6,336,15,12.0,34,30.6,2019-04-14 05:57:00,2019-04-14 18:46:00,984.2
2019-04-15,38.6,24.0,0.0,16.8,320,64,11.1,31,31.1,2019-04-15 05:56:00,2019-04-15 18:46:00,982.4
2019-04-16,31.1,22.4,0.5,19.5,159,97,14.4,49,26.2,2019-04-16 05:55:00,2019-04-16 18:47:00,984.6
2019-04-17,25.9,18.9,4.6,19.8,150,83,16.5,73,21.8,2019-04-17 05:54:00,2019-04-17 18:47:00,986.5
2019-04-18,27.9,16.4,0.1,9.4,7,12,15.4,67,22.5,2019-04-18 05:53:00,2019-04-18 18:48:00,987.0
2019-04-19,29.9,18.5,0.1,12.3,291,10,13.7,53,24.5,2019-04-19 05:52:00,2019-04-19 18:48:00,984.9
2019-04-20,32.8,19.6,0.0,12.8,282,23,13.2,47,26.4,2019-04-20 05:51:00,2019-04-20 18:49:00,982.5
2019-04-21,35.4,20.0,0.0,18.4,291,11,12.2,39,28.7,2019-04-21 05:50:00,2019-04-21 18:50:00,980.9
2019-04-22,37.3,21.8,0.0,16.4,335,1,13.4,40,30.1,2019-04-22 05:49:00,2019-04-22 18:50:00,980.9
2019-04-23,39.1,23.9,0.0,18.5,334,10,13.3,34,32.1,2019-04-23 05:48:00,2019-04-23 18:51:00,981.9
2019-04-24,40.2,25.3,0.0,18.6,98,12,13.9,35,32.7,2019-04-24 05:47:00,2019-04-24 18:51:00,983.0
2019-04-25,39.3,27.0,0.0,18.4,92,19,15.1,36,33.0,2019-04-25 05:46:00,2019-04-25 18:52:00,982.8
2019-04-26,40.0,25.2,0.0,19.6,325,4,12.4,33,33.0,2019-04-26 05:45:00,2019-04-26 18:53:00,982.4
2019-04-27,40.2,26.8,0.0,29.4,321,0,7.8,22,33.5,2019-04-27 05:44:00,2019-04-27 18:53:00,981.8
2019-04-28,40.8,26.2,0.0,24.9,316,0,5.5,20,33.3,2019-04-28 05:43:00,2019-04-28 18:54:00,980.7
2019-04-29,40.7,25.8,0.0,14.7,314,0,6.2,19,33.6,2019-04-29 05:42:00,2019-04-29 18:54:00,979.7
2019-04-30,41.6,25.5,0.0,22.9,147,15,6.9,20,34.2,2019-04-30 05:41:00,2019-04-30 18:55:00,976.9
2019-05-01,40.7,24.5,0.0,12.4,85,10,8.8,25,33.0,2019-05-01 05:40:00,2019-05-01 18:55:00,976.4
2019-05-02,37.7,26.7,0.5,21.7,45,37,12.8,33,31.5,2019-05-02 05:40:00,2019-05-02 18:56:00,978.9
2019-05-03,37.5,24.7,0.0,18.1,62,20,12.2,33,31.0,2019-05-03 05:39:00,2019-05-03 18:57:00,980.4
2019-05-04,38.0,24.1,0.0,22.5,319,15,5.2,22,31.1,2019-05-04 05:38:00,2019-05-04 18:57:00,982.3
2019-05-05,38.7,23.1,0.0,24.2,301,0,3.8,19,31.1,2019-05-05 05:37:00,2019-05-05 18:58:00,982.5
2019-05-06,40.1,23.5,0.0,21.4,299,0,5.7,21,32.2,2019-05-06 05:36:00,2019-05-06 18:59:00,980.0
2019-05-07,40.0,23.3,0.0,22.1,284,7,5.4,20,32.3,2019-05-07 05:36:00,2019-05-07 18:59:00,978.6
2019-05-08,41.6,26.0,0.0,23.8,276,3,5.3,18,34.0,2019-05-08 05:35:00,2019-05-08 19:00:00,978.7
2019-05-09,41.1,27.0,0.0,23.9,272,9,7.0,19,34.2,2019-05-09 05:34:00,2019-05-09 19:00:00,978.0
2019-05-10,40.3,29.5,0.0,24.8,287,36,7.7,20,34.6,2019-05-10 05:33:00,2019-05-10 19:01:00,978.8
2019-05-11,38.6,24.9,0.0,24.9,322,25,11.0,29,32.3,2019-05-11 05:33:00,2019-05-11 19:02:00,981.1
2019-05-12,38.5,24.9,0.0,17.7,292,19,11.6,30,31.9,2019-05-12 05:32:00,2019-05-12 19:02:00,980.8
2019-05-13,38.5,24.7,0.0,25.5,290,54,11.5,30,32.4,2019-05-13 05:31:00,2019-05-13 19:03:00,979.6
2019-05-14,35.6,24.3,0.0,14.0,319,28,15.0,42,30.1,2019-05-14 05:31:00,2019-05-14 19:03:00,980.1
2019-05-15,36.9,24.8,0.1,18.7,122,35,16.3,45,30.3,2019-05-15 05:30:00,2019-05-15 19:04:00,981.4
2019-05-16,36.7,24.9,0.0,19.0,324,28,16.4,46,30.2,2019-05-16 05:30:00,2019-05-16 19:05:00,982.3
2019-05-17,34.9,24.4,2.7,13.8,310,37,18.4,57,28.3,2019-05-17 05:29:00,2019-05-17 19:05:00,982.1
2019-05-18,33.4,21.3,0.2,18.4,300,22,18.2,60,27.4,2019-05-18 05:29:00,2019-05-18 19:06:00,981.7
2019-05-19,36.5,23.6,0.0,15.0,293,1,15.1,43,30.1,2019-05-19 05:28:00,2019-05-19 19:06:00,982.3
2019-05-20,38.7,24.0,0.0,16.1,289,23,13.0,34,31.9,2019-05-20 05:28:00,2019-05-20 19:07:00,982.7
2019-05-21,39.3,25.6,0.0,15.2,282,37,12.7,31,32.6,2019-05-21 05:27:00,2019-05-21 19:08:00,981.6
2019-05-22,39.2,27.1,0.0,18.9,265,34,14.6,35,32.8,2019-05-22 05:27:00,2019-05-22 19:08:00,979.8
2019-05-23,39.2,26.4,0.0,19.9,288,64,15.7,37,33.1,2019-05-23 05:26:00,2019-05-23 19:09:00,979.1
2019-05-24,35.3,26.4,0.0,22.3,343,20,17.4,45,30.8,2019-05-24 05:26:00,2019-05-24 19:09:00,980.4
2019-05-25,36.5,25.1,0.0,23.7,307,7,14.8,39,31.1,2019-05-25 05:26:00,2019-05-25 19:10:00,980.0
2019-05-26,38.2,24.7,0.0,17.0,302,2,13.1,34,31.6,2019-05-26 05:25:00,2019-05-26 19:10:00,978.7
2019-05-27,40.7,26.2,0.0,18.4,303,5,10.9,27,33.7,2019-05-27 05:25:00,2019-05-27 19:11:00,978.3
2019-05-28,40.7,26.0,0.0,18.9,301,0,6.8,20,33.5,2019-05-28 05:25:00,2019-05-28 19:12:00,978.2
2019-05-29,41.9,26.4,0.0,15.1,300,3,7.9,20,34.7,2019-05-29 05:24:00,2019-05-29 19:12:00,976.8
2019-05-30,43.4,27.1,0.0,16.3,292,2,8.4,21,35.6,2019-05-30 05:24:00,2019-05-30 19:13:00,975.5
2019-05-31,44.1,28.3,0.0,15.7,295,8,9.0,20,36.8,2019-05-31 05:24:00,2019-05-31 19:13:00,975.6
2019-06-01,43.6,28.9,0.0,18.7,105,8,13.9,29,35.6,2019-06-01 05:24:00,2019-06-01 19:14:00,975.8
2019-06-02,42.8,29.0,0.0,22.3,109,6,18.9,40,35.5,2019-06-02 05:23:00,2019-06-02 19:14:00,975.8
2019-06-03,41.4,29.9,0.0,23.8,120,9,20.5,46,34.6,2019-06-03 05:23:00,2019-06-03 19:15:00,976.5
2019-06-04,41.7,29.6,0.0,20.4,120,9,19.6,42,34.8,2019-06-04 05:23:00,2019-06-04 19:15:00,976.8
2019-06-05,41.5,28.6,0.3,15.5,133,20,18.7,39,35.5,2019-06-05 05:23:00,2019-06-05 19:16:00,976.4
2019-06-06,42.8,30.2,0.5,24.2,95,12,17.6,37,35.6,2019-06-06 05:23:00,2019-06-06 19:16:00,976.8
2019-06-07,41.4,27.0,0.0,14.0,75,8,18.1,42,34.1,2019-06-07 05:23:00,2019-06-07 19:17:00,979.1
2019-06-08,41.7,27.9,0.0,15.3,283,16,15.2,33,35.5,2019-06-08 05:23:00,2019-06-08 19:17:00,978.0
2019-06-09,43.5,28.1,0.0,15.4,336,0,11.7,24,36.9,2019-06-09 05:22:00,2019-06-09 19:17:00,975.3
2019-06-10,44.0,28.2,0.0,14.3,270,5,11.9,23,37.2,2019-06-10 05:22:00,2019-06-10 19:18:00,972.8
2019-06-11,43.7,29.7,0.0,15.2,283,19,12.2,23,37.4,2019-06-11 05:22:00,2019-06-11 19:18:00,972.7
2019-06-12,39.7,30.1,2.2,18.2,130,24,20.6,44,34.6,2019-06-12 05:22:00,2019-06-12 19:19:00,974.9
2019-06-13,41.1,29.2,0.0,17.0,233,39,18.6,38,35.4,2019-06-13 05:22:00,2019-06-13 19:19:00,975.6
2019-06-14,42.1,30.6,0.0,19.3,288,4,13.7,29,36.0,2019-06-14 05:23:00,2019-06-14 19:19:00,974.4
2019-06-15,42.4,29.7,0.0,20.2,281,31,11.0,22,36.5,2019-06-15 05:23:00,2019-06-15 19:20:00,974.1
2019-06-16,38.8,28.9,0.0,25.9,279,30,19.1,43,33.8,2019-06-16 05:23:00,2019-06-16 19:20:00,975.7
2019-06-17,38.8,28.7,0.0,29.2,278,16,20.2,47,33.5,2019-06-17 05:23:00,2019-06-17 19:20:00,975.4
2019-06-18,36.1,24.7,0.5,16.2,289,28,20.0,55,30.5,2019-06-18 05:23:00,2019-06-18 19:21:00,976.5
2019-06-19,36.6,26.0,0.0,17.9,204,17,19.7,53,31.0,2019-06-19 05:23:00,2019-06-19 19:21:00,976.2
2019-06-20,37.7,24.7,0.0,13.9,198,9,18.6,48,31.8,2019-06-20 05:23:00,2019-06-20 19:21:00,977.2
2019-06-21,38.9,27.7,1.2,10.9,204,16,20.2,47,33.3,2019-06-21 05:24:00,2019-06-21 19:21:00,977.3
2019-06-22,40.3,28.1,0.0,21.1,356,8,17.3,38,34.7,2019-06-22 05:24:00,2019-06-22 19:22:00,976.7
2019-06-23,38.8,29.1,0.0,23.7,115,10,21.1,49,34.0,2019-06-23 05:24:00,2019-06-23 19:22:00,977.0
2019-06-24,37.0,27.0,0.6,18.4,108,29,22.7,60,31.5,2019-06-24 05:24:00,2019-06-24 19:22:00,978.6
2019-06-25,36.2,27.8,4.8,9.8,53,40,23.6,62,32.1,2019-06-25 05:25:00,2019-06-25 19:22:00,978.1
2019-06-26,39.7,29.5,0.6,17.9,334,16,21.1,48,34.8,2019-06-26 05:25:00,2019-06-26 19:22:00,975.5
2019-06-27,40.3,28.9,0.0,20.7,301,30,18.4,40,34.6,2019-06-27 05:25:00,2019-06-27 19:22:00,973.0
2019-06-28,42.1,28.7,0.0,21.8,286,8,18.1,38,35.5,2019-06-28 05:25:00,2019-06-28 19:22:00,972.0
2019-06-29,41.6,30.6,0.0,19.9,283,18,18.7,36,36.3,2019-06-29 05:26:00,2019-06-29 19:22:00,971.7
2019-06-30,42.9,30.6,0.0,18.9,303,23,18.3,35,36.8,2019-06-30 05:26:00,2019-06-30 19:23:00,972.0
2019-07-01,41.5,30.0,0.0,11.8,14,22,20.5,42,36.0,2019-07-01 05:26:00,2019-07-01 19:23:00,973.1
2019-07-02,40.2,31.1,0.0,16.8,90,24,21.8,46,35.7,2019-07-02 05:27:00,2019-07-02 19:23:00,973.9
2019-07-03,36.7,30.3,1.6,16.3,123,84,23.5,56,33.7,2019-07-03 05:27:00,2019-07-03 19:23:00,974.7
2019-07-04,39.1,29.6,6.6,16.9,134,75,23.7,60,33.0,2019-07-04 05:28:00,2019-07-04 19:22:00,973.6
2019-07-05,34.9,27.9,3.7,10.5,125,81,25.2,72,31.0,2019-07-05 05:28:00,2019-07-05 19:22:00,971.7
2019-07-06,34.9,27.3,0.3,14.0,111,71,24.5,69,31.0,2019-07-06 05:29:00,2019-07-06 19:22:00,971.0
2019-07-07,35.8,26.7,2.1,11.0,105,54,24.5,69,31.1,2019-07-07 05:29:00,2019-07-07 19:22:00,971.6
2019-07-08,36.4,28.3,4.0,13.4,223,44,24.8,68,31.9,2019-07-08 05:29:00,2019-07-08 19:22:00,971.9
2019-07-09,35.0,27.0,4.9,11.9,216,75,24.8,72,30.7,2019-07-09 05:30:00,2019-07-09 19:22:00,971.5
2019-07-10,34.9,27.0,7.1,15.0,237,78,25.6,74,31.0,2019-07-10 05:30:00,2019-07-10 19:22:00,971.1
2019-07-11,38.4,29.1,0.0,26.6,248,73,23.3,57,33.4,2019-07-11 05:31:00,2019-07-11 19:22:00,971.1
2019-07-12,38.2,29.9,0.5,18.8,263,76,21.6,51,33.4,2019-07-12 05:31:00,2019-07-12 19:21:00,973.5
2019-07-13,38.5,29.7,0.0,28.9,263,35,20.9,47,34.1,2019-07-13 05:32:00,2019-07-13 19:21:00,974.1
2019-07-14,36.8,29.3,0.0,27.4,261,43,21.3,52,32.9,2019-07-14 05:32:00,2019-07-14 19:21:00,973.0
2019-07-15,36.8,25.7,4.4,16.7,203,64,23.7,72,29.7,2019-07-15 05:33:00,2019-07-15 19:21:00,972.7
2019-07-16,29.1,24.6,20.6,13.8,101,75,24.5,89,26.6,2019-07-16 05:33:00,2019-07-16 19:20:00,975.9
2019-07-17,30.8,24.7,14.8,11.0,116,51,24.3,85,27.2,2019-07-17 05:34:00,2019-07-17 19:20:00,976.9
2019-07-18,32.2,24.7,12.8,8.5,187,56,24.0,82,27.5,2019-07-18 05:34:00,2019-07-18 19:20:00,976.8
2019-07-19,33.3,25.3,6.7,8.0,156,53,25.2,79,29.4,2019-07-19 05:35:00,2019-07-19 19:19:00,977.0
2019-07-20,33.9,25.9,12.5,12.3,113,50,26.0,80,30.0,2019-07-20 05:35:00,2019-07-20 19:19:00,977.8
2019-07-21,33.1,27.2,11.1,13.0,120,47,26.1,81,29.7,2019-07-21 05:36:00,2019-07-21 19:18:00,977.4
2019-07-22,34.2,27.5,6.1,11.2,108,61,26.5,80,30.4,2019-07-22 05:36:00,2019-07-22 19:18:00,976.4
2019-07-23,35.5,28.0,4.6,11.0,184,66,26.8,77,31.6,2019-07-23 05:37:00,2019-07-23 19:17:00,975.1
2019-07-24,36.7,28.0,6.8,17.8,263,46,26.2,74,31.5,2019-07-24 05:38:00,2019-07-24 19:17:00,973.4
2019-07-25,29.9,26.0,10.9,10.8,230,95,25.0,86,27.6,2019-07-25 05:38:00,2019-07-25 19:16:00,975.1
2019-07-26,29.9,25.5,26.9,19.3,81,96,24.8,87,27.2,2019-07-26 05:39:00,2019-07-26 19:16:00,973.3
2019-07-27,30.1,25.2,6.0,18.2,107,98,24.7,90,26.6,2019-07-27 05:39:00,2019-07-27 19:15:00,973.4
2019-07-28,31.8,25.5,7.3,18.5,107,89,25.6,86,28.1,2019-07-28 05:40:00,2019-07-28 19:15:00,975.3
2019-07-29,33.0,26.1,1.3,19.6,104,49,25.1,79,29.2,2019-07-29 05:40:00,2019-07-29 19:14:00,976.5
2019-07-30,32.1,26.2,0.8,18.1,102,80,24.6,78,28.9,2019-07-30 05:41:00,2019-07-30 19:13:00,976.3
2019-07-31,31.8,27.0,0.5,14.3,95,97,24.8,78,29.0,2019-07-31 05:42:00,2019-07-31 19:13:00,975.7
2019-08-01,32.2,26.8,2.1,13.6,120,76,25.7,82,29.3,2019-08-01 05:42:00,2019-08-01 19:12:00,975.1
2019-08-02,31.5,26.1,12.9,10.5,111,90,25.9,85,28.7,2019-08-02 05:43:00,2019-08-02 19:11:00,974.3
2019-08-03,30.8,26.4,6.8,12.8,98,95,26.0,88,28.3,2019-08-03 05:43:00,2019-08-03 19:11:00,974.2
2019-08-04,32.6,26.2,4.2,7.3,97,89,26.5,87,28.9,2019-08-04 05:44:00,2019-08-04 19:10:00,973.3
2019-08-05,32.9,26.5,18.5,9.7,139,78,26.5,86,29.2,2019-08-05 05:44:00,2019-08-05 19:09:00,971.7
2019-08-06,31.0,26.0,20.7,12.4,121,96,25.8,89,27.9,2019-08-06 05:45:00,2019-08-06 19:08:00,972.1
2019-08-07,30.9,25.7,7.0,12.4,84,75,25.9,88,28.2,2019-08-07 05:45:00,2019-08-07 19:08:00,971.8
2019-08-08,33.8,27.2,0.5,14.4,96,76,25.7,78,30.1,2019-08-08 05:46:00,2019-08-08 19:07:00,971.6
2019-08-09,31.4,27.6,0.8,28.5,95,77,24.3,75,29.3,2019-08-09 05:47:00,2019-08-09 19:06:00,973.5
2019-08-10,32.2,26.0,1.7,24.5,117,75,24.7,80,28.8,2019-08-10 05:47:00,2019-08-10 19:05:00,974.2
2019-08-11,32.8,26.4,0.3,11.3,158,52,25.4,79,29.5,2019-08-11 05:48:00,2019-08-11 19:04:00,975.7
2019-08-12,32.2,26.9,7.6,13.3,280,94,25.4,80,29.3,2019-08-12 05:48:00,2019-08-12 19:04:00,975.9
2019-08-13,33.2,26.9,20.1,19.2,296,86,25.9,84,29.1,2019-08-13 05:49:00,2019-08-13 19:03:00,976.1
2019-08-14,31.6,25.5,2.8,8.6,95,94,26.1,88,28.3,2019-08-14 05:49:00,2019-08-14 19:02:00,977.3
2019-08-15,31.9,27.0,11.2,22.0,78,97,25.5,82,29.0,2019-08-15 05:50:00,2019-08-15 19:01:00,977.1
2019-08-16,30.9,26.1,9.4,23.6,89,77,24.9,84,27.9,2019-08-16 05:50:00,2019-08-16 19:00:00,975.3
2019-08-17,27.7,25.3,8.4,28.3,126,98,24.2,90,26.1,2019-08-17 05:51:00,2019-08-17 18:59:00,974.6
2019-08-18,30.7,24.4,31.0,15.8,234,99,24.3,87,26.8,2019-08-18 05:51:00,2019-08-18 18:58:00,978.0
2019-08-19,31.7,24.2,1.3,8.9,295,24,24.9,84,28.0,2019-08-19 05:52:00,2019-08-19 18:57:00,980.3
2019-08-20,32.7,25.2,0.8,16.6,324,33,24.9,82,28.5,2019-08-20 05:53:00,2019-08-20 18:56:00,979.6
2019-08-21,33.9,24.6,0.0,15.8,306,38,24.7,78,29.3,2019-08-21 05:53:00,2019-08-21 18:55:00,978.1
2019-08-22,32.1,25.5,0.8,9.7,8,82,25.5,84,28.6,2019-08-22 05:54:00,2019-08-22 18:54:00,978.5
2019-08-23,32.9,25.6,4.0,5.5,235,61,25.7,82,29.2,2019-08-23 05:54:00,2019-08-23 18:53:00,978.4
2019-08-24,33.6,26.2,3.9,14.0,126,83,25.7,83,29.1,2019-08-24 05:55:00,2019-08-24 18:52:00,978.6
2019-08-25,30.4,26.1,12.9,13.0,104,96,25.3,88,27.5,2019-08-25 05:55:00,2019-08-25 18:51:00,979.2
2019-08-26,32.3,25.6,0.6,17.0,96,58,25.5,83,28.8,2019-08-26 05:56:00,2019-08-26 18:50:00,978.8
2019-08-27,33.4,26.1,0.1,9.7,103,65,25.8,80,29.8,2019-08-27 05:56:00,2019-08-27 18:49:00,977.9
2019-08-28,34.0,26.9,0.4,12.9,99,44,26.0,78,30.4,2019-08-28 05:57:00,2019-08-28 18:48:00,979.0
2019-08-29,33.6,27.3,1.0,12.7,125,49,26.2,80,30.1,2019-08-29 05:57:00,2019-08-29 18:47:00,980.0
2019-08-30,33.5,26.5,0.9,9.8,155,53,26.3,81,30.1,2019-08-30 05:58:00,2019-08-30 18:45:00,977.7
2019-08-31,33.0,26.8,6.4,10.7,131,81,26.0,78,30.5,2019-08-31 05:58:00,2019-08-31 18:44:00,975.7
2019-09-01,31.6,26.4,4.7,13.8,105,95,25.9,86,28.6,2019-09-01 05:59:00,2019-09-01 18:43:00,977.7
2019-09-02,33.2,25.8,1.3,9.4,99,72,26.2,83,29.5,2019-09-02 05:59:00,2019-09-02 18:42:00,977.9
2019-09-03,33.5,26.7,5.5,10.4,263,47,26.1,80,30.2,2019-09-03 06:00:00,2019-09-03 18:41:00,976.8
2019-09-04,32.2,25.5,7.8,12.6,119,96,26.1,85,29.0,2019-09-04 06:00:00,2019-09-04 18:40:00,976.5
2019-09-05,32.6,26.6,0.6,11.9,114,63,25.9,82,29.4,2019-09-05 06:01:00,2019-09-05 18:39:00,976.6
2019-09-06,32.9,26.9,0.4,12.1,116,85,26.0,81,29.7,2019-09-06 06:01:00,2019-09-06 18:37:00,975.7
2019-09-07,32.0,26.5,2.1,13.7,120,97,25.9,85,28.8,2019-09-07 06:02:00,2019-09-07 18:36:00,976.2
2019-09-08,33.2,26.1,0.2,12.6,96,67,25.8,83,29.1,2019-09-08 06:02:00,2019-09-08 18:35:00,977.8
2019-09-09,34.2,25.7,0.1,9.0,29,44,25.5,78,30.1,2019-09-09 06:03:00,2019-09-09 18:34:00,976.4
2019-09-10,35.2,26.6,0.0,9.4,72,5,25.0,74,30.6,2019-09-10 06:03:00,2019-09-10 18:33:00,975.9
2019-09-11,35.7,26.5,0.4,10.2,145,19,25.5,73,31.2,2019-09-11 06:04:00,2019-09-11 18:31:00,977.1
2019-09-12,33.8,27.5,0.6,18.4,124,59,26.1,79,30.2,2019-09-12 06:04:00,2019-09-12 18:30:00,978.7
2019-09-13,33.6,26.4,0.6,16.1,115,51,25.2,77,29.8,2019-09-13 06:05:00,2019-09-13 18:29:00,979.5
2019-09-14,32.2,26.0,0.7,15.9,97,68,24.5,79,28.7,2019-09-14 06:05:00,2019-09-14 18:28:00,980.2
2019-09-15,31.6,25.5,5.2,12.3,98,82,24.8,83,28.1,2019-09-15 06:06:00,2019-09-15 18:27:00,980.4
2019-09-16,33.3,25.2,0.4,10.4,89,31,25.4,81,29.3,2019-09-16 06:06:00,2019-09-16 18:26:00,979.0
2019-09-17,32.1,26.0,2.0,13.0,145,31,25.2,80,29.2,2019-09-17 06:07:00,2019-09-17 18:24:00,979.9
2019-09-18,31.9,25.9,3.0,19.3,116,33,24.5,80,28.5,2019-09-18 06:07:00,2019-09-18 18:23:00,983.7
2019-09-19,30.3,24.7,1.0,16.6,109,33,23.0,80,26.9,2019-09-19 06:07:00,2019-09-19 18:22:00,985.7
2019-09-20,30.9,23.1,7.7,15.9,112,25,23.8,83,27.0,2019-09-20 06:08:00,2019-09-20 18:21:00,984.2
2019-09-21,31.6,24.6,0.7,11.9,134,22,23.7,80,27.8,2019-09-21 06:08:00,2019-09-21 18:20:00,983.1
2019-09-22,29.9,25.1,13.9,15.9,125,32,23.8,83,27.1,2019-09-22 06:09:00,2019-09-22 18:18:00,984.8
2019-09-23,31.1,23.5,2.0,12.8,103,31,22.9,81,26.7,2019-09-23 06:09:00,2019-09-23 18:17:00,986.0
2019-09-24,31.6,23.4,2.9,17.8,110,25,23.1,80,27.0,2019-09-24 06:10:00,2019-09-24 18:16:00,986.2
2019-09-25,31.1,24.1,3.6,19.2,102,35,23.5,81,27.2,2019-09-25 06:10:00,2019-09-25 18:15:00,987.5
2019-09-26,30.5,25.1,1.9,20.2,99,65,22.9,76,27.6,2019-09-26 06:11:00,2019-09-26 18:14:00,987.9
2019-09-27,30.3,24.3,0.5,19.5,80,50,22.3,78,26.6,2019-09-27 06:11:00,2019-09-27 18:12:00,986.6
2019-09-28,29.3,22.8,4.6,22.3,81,45,22.3,83,25.5,2019-09-28 06:12:00,2019-09-28 18:11:00,985.0
2019-09-29,27.3,23.1,2.0,14.7,98,49,22.0,84,25.0,2019-09-29 06:12:00,2019-09-29 18:10:00,985.5
2019-09-30,29.7,22.6,6.0,11.4,122,46,22.2,83,25.3,2019-09-30 06:13:00,2019-09-30 18:09:00,984.5
2019-10-01,28.7,22.3,4.5,12.6,106,63,22.3,85,25.1,2019-10-01 06:13:00,2019-10-01 18:08:00,984.0
2019-10-02,30.9,22.2,0.2,7.9,94,21,22.3,80,26.5,2019-10-02 06:14:00,2019-10-02 18:06:00,984.9
2019-10-03,32.4,22.9,0.0,11.5,153,25,21.7,73,27.5,2019-10-03 06:15:00,2019-10-03 18:05:00,984.9
2019-10-04,29.7,23.1,4.9,17.3,321,26,20.7,72,26.1,2019-10-04 06:15:00,2019-10-04 18:04:00,985.8
2019-10-05,31.9,21.9,0.0,16.7,319,2,18.7,66,26.1,2019-10-05 06:16:00,2019-10-05 18:03:00,985.7
2019-10-06,32.2,21.1,0.0,13.2,328,17,17.9,62,26.4,2019-10-06 06:16:00,2019-10-06 18:02:00,986.3
2019-10-07,31.5,22.1,0.0,17.4,308,37,18.0,62,26.3,2019-10-07 06:17:00,2019-10-07 18:01:00,987.5
2019-10-08,31.7,21.0,0.0,9.8,300,0,16.7,57,26.4,2019-10-08 06:17:00,2019-10-08 18:00:00,987.0
2019-10-09,30.0,20.3,0.0,9.6,173,11,17.1,61,25.5,2019-10-09 06:18:00,2019-10-09 17:59:00,987.0
2019-10-10,31.0,20.7,0.0,9.7,109,11,17.3,59,26.4,2019-10-10 06:18:00,2019-10-10 17:57:00,986.5
2019-10-11,32.1,20.5,0.0,10.7,324,7,15.8,54,26.6,2019-10-11 06:19:00,2019-10-11 17:56:00,986.1
2019-10-12,33.2,22.1,0.0,10.7,5,5,17.1,57,27.3,2019-10-12 06:20:00,2019-10-12 17:55:00,986.8
2019-10-13,33.4,22.9,0.0,13.7,329,19,16.4,52,27.7,2019-10-13 06:20:00,2019-10-13 17:54:00,987.4
2019-10-14,33.5,20.7,0.0,13.2,12,24,17.1,58,27.0,2019-10-14 06:21:00,2019-10-14 17:53:00,988.0
2019-10-15,33.3,21.2,0.0,9.7,72,8,18.3,62,27.1,2019-10-15 06:21:00,2019-10-15 17:52:00,988.8
2019-10-16,33.3,21.6,0.0,10.2,122,6,17.8,58,27.6,2019-10-16 06:22:00,2019-10-16 17:51:00,989.0
2019-10-17,32.1,22.1,0.0,10.2,154,12,18.4,61,27.0,2019-10-17 06:23:00,2019-10-17 17:50:00,988.9
2019-10-18,31.5,22.6,2.7,12.3,137,18,18.9,65,26.4,2019-10-18 06:23:00,2019-10-18 17:49:00,989.1
2019-10-19,30.8,21.1,2.5,10.1,240,30,18.4,67,25.5,2019-10-19 06:24:00,2019-10-19 17:48:00,990.3
2019-10-20,32.6,20.3,0.0,13.8,314,13,13.1,49,25.7,2019-10-20 06:24:00,2019-10-20 17:47:00,989.8
2019-10-21,31.8,18.9,0.0,20.5,313,11,13.3,51,25.0,2019-10-21 06:25:00,2019-10-21 17:46:00,988.1
2019-10-22,31.5,19.1,0.0,19.1,293,8,11.9,48,24.4,2019-10-22 06:26:00,2019-10-22 17:45:00,985.4
2019-10-23,31.6,17.7,0.0,12.5,311,0,13.8,54,24.4,2019-10-23 06:26:00,2019-10-23 17:44:00,984.6
2019-10-24,30.9,18.0,0.0,9.4,65,2,16.2,65,24.2,2019-10-24 06:27:00,2019-10-24 17:43:00,985.7
2019-10-25,29.9,19.7,0.0,9.9,120,5,16.2,63,24.4,2019-10-25 06:28:00,2019-10-25 17:42:00,987.1
2019-10-26,30.1,18.9,0.0,8.9,154,3,15.8,61,24.5,2019-10-26 06:28:00,2019-10-26 17:41:00,988.5
2019-10-27,31.5,18.5,0.0,13.2,311,0,14.7,58,24.5,2019-10-27 06:29:00,2019-10-27 17:40:00,987.9
2019-10-28,30.4,18.3,0.0,9.5,296,38,15.2,59,24.1,2019-10-28 06:30:00,2019-10-28 17:40:00,988.5
2019-10-29,29.4,19.5,0.0,7.1,293,95,17.1,65,24.4,2019-10-29 06:30:00,2019-10-29 17:39:00,989.2
2019-10-30,31.0,21.3,0.0,13.8,297,68,17.6,64,25.4,2019-10-30 06:31:00,2019-10-30 17:38:00,988.1
2019-10-31,30.9,18.3,0.0,12.7,310,0,17.1,66,24.3,2019-10-31 06:32:00,2019-10-31 17:37:00,987.3
2019-11-01,31.2,18.9,0.0,11.4,341,15,17.4,65,24.8,2019-11-01 06:32:00,2019-11-01 17:36:00,987.4
2019-11-02,30.4,19.8,0.2,18.9,332,48,17.9,69,24.4,2019-11-02 06:33:00,2019-11-02 17:36:00,988.8
2019-11-03,28.8,19.2,0.0,13.1,301,34,17.7,71,23.8,2019-11-03 06:34:00,2019-11-03 17:35:00,989.8
2019-11-04,29.0,19.1,0.0,19.7,302,3,15.5,63,23.7,2019-11-04 06:35:00,2019-11-04 17:34:00,989.6
2019-11-05,29.2,18.2,0.0,19.4,287,0,13.3,57,22.9,2019-11-05 06:35:00,2019-11-05 17:33:00,986.8
2019-11-06,29.8,16.9,0.0,11.2,183,12,14.1,59,23.3,2019-11-06 06:36:00,2019-11-06 17:33:00,984.6
2019-11-07,26.0,19.4,1.4,15.2,94,55,16.5,71,22.1,2019-11-07 06:37:00,2019-11-07 17:32:00,985.6
2019-11-08,26.8,17.2,0.8,11.4,17,29,16.5,74,21.9,2019-11-08 06:38:00,2019-11-08 17:31:00,988.6
2019-11-09,28.5,17.1,0.0,15.8,317,0,13.0,60,21.8,2019-11-09 06:38:00,2019-11-09 17:31:00,989.1
2019-11-10,27.5,15.5,0.0,13.4,319,4,12.3,60,20.8,2019-11-10 06:39:00,2019-11-10 17:30:00,989.1
2019-11-11,26.8,15.3,0.0,13.8,317,57,11.4,59,20.3,2019-11-11 06:40:00,2019-11-11 17:30:00,988.1
2019-11-12,27.4,12.8,0.0,11.9,318,30,11.3,62,19.6,2019-11-12 06:41:00,2019-11-12 17:29:00,988.9
2019-11-13,27.2,14.6,0.0,8.6,343,81,13.6,67,20.7,2019-11-13 06:41:00,2019-11-13 17:28:00,990.8
2019-11-14,27.6,17.3,0.0,12.4,355,72,15.0,69,21.4,2019-11-14 06:42:00,2019-11-14 17:28:00,991.5
2019-11-15,27.0,16.8,0.0,12.1,327,43,15.2,72,21.0,2019-11-15 06:43:00,2019-11-15 17:27:00,990.8
2019-11-16,28.6,16.9,0.0,21.4,313,1,14.4,64,21.9,2019-11-16 06:44:00,2019-11-16 17:27:00,990.3
2019-11-17,27.9,17.4,0.0,23.7,300,44,13.2,61,21.7,2019-11-17 06:45:00,2019-11-17 17:27:00,990.4
2019-11-18,25.8,15.3,0.0,16.9,283,39,12.3,64,19.9,2019-11-18 06:45:00,2019-11-18 17:26:00,989.8
2019-11-19,25.9,14.1,0.0,11.5,283,15,12.2,66,19.4,2019-11-19 06:46:00,2019-11-19 17:26:00,989.2
2019-11-20,25.9,13.0,0.0,10.6,10,22,11.8,65,19.1,2019-11-20 06:47:00,2019-11-20 17:26:00,989.7
2019-11-21,26.2,13.5,0.0,10.1,55,60,12.9,67,19.6,2019-11-21 06:48:00,2019-11-21 17:25:00,991.6
2019-11-22,27.0,14.3,0.0,9.8,337,71,13.3,65,20.6,2019-11-22 06:49:00,2019-11-22 17:25:00,991.6
2019-11-23,26.0,15.9,0.0,17.6,301,70,12.9,62,20.6,2019-11-23 06:49:00,2019-11-23 17:25:00,991.2
2019-11-24,26.0,16.0,0.0,13.6,308,80,13.4,64,20.7,2019-11-24 06:50:00,2019-11-24 17:24:00,990.6
2019-11-25,25.5,14.7,0.0,9.2,1,32,13.2,67,20.0,2019-11-25 06:51:00,2019-11-25 17:24:00,991.1
2019-11-26,25.0,16.1,0.9,17.6,30,67,13.5,67,20.1,2019-11-26 06:52:00,2019-11-26 17:24:00,991.0
2019-11-27,25.2,15.2,0.0,12.0,47,39,13.3,68,19.7,2019-11-27 06:53:00,2019-11-27 17:24:00,990.5
2019-11-28,22.7,16.2,22.1,18.5,85,48,15.3,83,18.3,2019-11-28 06:53:00,2019-11-28 17:24:00,991.5
2019-11-29,22.9,13.2,0.0,8.3,356,15,14.4,82,17.7,2019-11-29 06:54:00,2019-11-29 17:24:00,991.7
2019-11-30,22.2,13.3,0.0,12.0,304,1,12.7,78,17.0,2019-11-30 06:55:00,2019-11-30 17:24:00,991.9
2019-12-01,21.8,11.5,0.0,11.3,287,0,10.4,74,15.5,2019-12-01 06:56:00,2019-12-01 17:24:00,991.4
2019-12-02,21.9,11.1,0.0,14.3,288,0,9.3,70,15.4,2019-12-02 06:56:00,2019-12-02 17:24:00,992.1
2019-12-03,22.4,10.2,0.0,14.3,283,4,8.3,66,15.1,2019-12-03 06:57:00,2019-12-03 17:24:00,991.5
2019-12-04,21.8,9.5,0.0,9.3,317,78,9.7,72,15.3,2019-12-04 06:58:00,2019-12-04 17:24:00,993.6
2019-12-05,21.3,10.4,0.0,9.9,19,77,10.5,74,15.4,2019-12-05 06:59:00,2019-12-05 17:24:00,995.6
2019-12-06,21.8,10.1,0.0,9.2,324,93,12.0,82,15.4,2019-12-06 06:59:00,2019-12-06 17:24:00,994.7
2019-12-07,22.4,10.0,0.0,8.9,329,0,12.0,79,16.0,2019-12-07 07:00:00,2019-12-07 17:24:00,993.7
2019-12-08,22.5,10.1,0.0,10.2,346,0,11.5,79,15.7,2019-12-08 07:01:00,2019-12-08 17:24:00,993.5
2019-12-09,21.8,9.2,0.0,11.2,322,7,9.9,73,15.3,2019-12-09 07:01:00,2019-12-09 17:24:00,992.8
2019-12-10,21.4,8.5,0.0,10.8,313,2,9.1,70,15.1,2019-12-10 07:02:00,2019-12-10 17:24:00,990.3
2019-12-11,21.4,8.9,0.0,9.2,92,58,10.1,71,15.7,2019-12-11 07:03:00,2019-12-11 17:25:00,988.7
2019-12-12,18.4,13.5,5.9,23.7,113,90,11.7,78,15.6,2019-12-12 07:04:00,2019-12-12 17:25:00,987.7
2019-12-13,19.5,11.4,3.7,20.3,156,57,12.6,87,15.1,2019-12-13 07:04:00,2019-12-13 17:25:00,988.1
2019-12-14,17.7,9.8,0.0,8.6,8,63,10.1,85,13.0,2019-12-14 07:05:00,2019-12-14 17:25:00,994.3
2019-12-15,18.5,9.3,0.0,10.5,311,13,9.6,80,13.2,2019-12-15 07:06:00,2019-12-15 17:26:00,994.1
2019-12-16,18.3,9.1,0.0,13.0,300,1,8.8,80,12.4,2019-12-16 07:06:00,2019-12-16 17:26:00,994.0
2019-12-17,18.2,8.1,0.0,13.3,293,11,8.1,80,11.8,2019-12-17 07:07:00,2019-12-17 17:27:00,995.1
2019-12-18,18.0,7.9,0.0,14.0,287,31,8.0,78,11.9,2019-12-18 07:07:00,2019-12-18 17:27:00,994.1
2019-12-19,17.2,5.8,0.0,8.8,352,79,7.9,80,11.5,2019-12-19 07:08:00,2019-12-19 17:27:00,992.7
2019-12-20,18.0,8.5,0.0,7.5,338,49,9.2,79,13.0,2019-12-20 07:08:00,2019-12-20 17:28:00,990.5
2019-12-21,16.2,10.3,0.2,8.9,306,62,10.2,81,13.4,2019-12-21 07:09:00,2019-12-21 17:28:00,991.6
2019-12-22,18.5,8.2,0.0,13.3,310,1,9.6,84,12.5,2019-12-22 07:09:00,2019-12-22 17:29:00,992.6
2019-12-23,18.6,8.2,0.0,14.4,297,13,8.5,82,11.8,2019-12-23 07:10:00,2019-12-23 17:29:00,991.7
2019-12-24,15.3,5.8,0.0,9.4,21,38,8.0,90,9.6,2019-12-24 07:10:00,2019-12-24 17:30:00,993.4
2019-12-25,15.3,5.2,0.0,12.4,309,28,6.4,87,8.7,2019-12-25 07:11:00,2019-12-25 17:30:00,992.7
2019-12-26,14.9,4.3,0.0,14.8,305,3,5.7,84,8.4,2019-12-26 07:11:00,2019-12-26 17:31:00,992.2
2019-12-27,13.6,3.3,0.0,9.7,308,22,5.2,88,7.3,2019-12-27 07:12:00,2019-12-27 17:31:00,993.2
2019-12-28,13.1,3.0,0.0,8.6,345,44,4.9,90,6.7,2019-12-28 07:12:00,2019-12-28 17:32:00,993.9
2019-12-29,13.1,3.8,0.0,10.2,342,36,4.9,86,7.3,2019-12-29 07:12:00,2019-12-29 17:33:00,994.2
2019-12-30,12.8,3.3,0.0,10.2,95,51,5.1,89,6.9,2019-12-30 07:13:00,2019-12-30 17:33:00,993.5
2019-12-31,12.9,2.0,0.0,10.2,126,53,3.5,78,7.6,2019-12-31 07:13:00,2019-12-31 17:34:00,994.6
2020-01-01,17.7,2.9,0.0,12.0,70,79,6.1,79,10.0,2020-01-01 07:13:00,2020-01-01 17:35:00,995.3
2020-01-02,19.5,6.8,0.0,12.4,79,28,9.0,79,12.9,2020-01-02 07:13:00,2020-01-02 17:35:00,995.2
2020-01-03,19.0,8.3,0.1,9.8,49,11,10.0,78,14.0,2020-01-03 07:14:00,2020-01-03 17:36:00,993.3
2020-01-04,18.9,8.8,0.5,9.7,18,25,10.1,82,13.4,2020-01-04 07:14:00,2020-01-04 17:37:00,992.1
2020-01-05,19.8,7.9,0.0,12.9,309,33,8.3,74,13.3,2020-01-05 07:14:00,2020-01-05 17:37:00,992.6
2020-01-06,17.1,10.3,0.0,11.6,25,87,9.2,76,13.5,2020-01-06 07:14:00,2020-01-06 17:38:00,993.5
2020-01-07,17.8,11.1,2.1,13.0,109,83,11.1,83,14.0,2020-01-07 07:14:00,2020-01-07 17:39:00,991.0
2020-01-08,15.3,10.3,17.5,14.5,17,69,11.5,92,12.8,2020-01-08 07:15:00,2020-01-08 17:40:00,988.9
2020-01-09,16.0,7.1,0.0,16.1,314,2,6.5,78,10.5,2020-01-09 07:15:00,2020-01-09 17:41:00,993.7
2020-01-10,16.6,5.8,0.0,16.1,306,0,6.0,77,10.1,2020-01-10 07:15:00,2020-01-10 17:41:00,994.1
2020-01-11,16.9,5.5,0.0,11.3,303,17,6.2,77,10.3,2020-01-11 07:15:00,2020-01-11 17:42:00,993.7
2020-01-12,19.7,6.0,0.0,10.9,310,25,7.7,78,11.8,2020-01-12 07:15:00,2020-01-12 17:43:00,990.9
2020-01-13,20.6,9.2,16.6,19.3,138,46,11.5,83,14.6,2020-01-13 07:15:00,2020-01-13 17:44:00,986.4
2020-01-14,18.3,10.5,0.3,11.7,326,48,11.6,86,14.0,2020-01-14 07:15:00,2020-01-14 17:44:00,989.8
2020-01-15,18.6,7.4,0.0,12.2,333,3,9.3,83,12.4,2020-01-15 07:15:00,2020-01-15 17:45:00,990.9
2020-01-16,15.8,9.4,11.1,10.0,351,64,10.7,90,12.4,2020-01-16 07:14:00,2020-01-16 17:46:00,989.8
2020-01-17,17.9,10.2,0.6,11.0,344,35,11.0,88,13.0,2020-01-17 07:14:00,2020-01-17 17:47:00,990.8
2020-01-18,17.2,8.9,0.2,10.9,356,53,10.5,89,12.5,2020-01-18 07:14:00,2020-01-18 17:48:00,992.7
2020-01-19,17.6,7.8,0.0,12.7,299,1,8.5,82,11.7,2020-01-19 07:14:00,2020-01-19 17:48:00,993.3
2020-01-20,17.5,7.2,0.0,12.5,296,69,9.3,84,12.1,2020-01-20 07:14:00,2020-01-20 17:49:00,992.3
2020-01-21,18.2,9.3,0.0,9.5,79,44,10.2,86,12.9,2020-01-21 07:13:00,2020-01-21 17:50:00,993.0
2020-01-22,18.8,7.4,0.0,15.1,307,13,9.2,82,12.5,2020-01-22 07:13:00,2020-01-22 17:51:00,994.8
2020-01-23,17.8,8.5,0.0,23.2,298,25,6.0,66,12.5,2020-01-23 07:13:00,2020-01-23 17:52:00,993.5
2020-01-24,19.2,8.4,0.0,22.6,290,64,5.0,60,12.8,2020-01-24 07:13:00,2020-01-24 17:53:00,990.9
2020-01-25,18.2,5.3,0.0,9.8,309,13,7.0,74,11.8,2020-01-25 07:12:00,2020-01-25 17:54:00,991.1
2020-01-26,20.2,7.1,0.0,10.5,318,19,9.7,79,13.6,2020-01-26 07:12:00,2020-01-26 17:54:00,989.4
2020-01-27,20.0,8.6,0.4,16.7,59,55,9.6,77,14.0,2020-01-27 07:11:00,2020-01-27 17:55:00,986.9
2020-01-28,19.3,11.0,16.0,20.7,102,42,11.4,83,14.2,2020-01-28 07:11:00,2020-01-28 17:56:00,985.3
2020-01-29,18.5,10.3,0.5,10.2,349,34,9.9,82,13.3,2020-01-29 07:11:00,2020-01-29 17:57:00,991.1
2020-01-30,18.2,8.5,0.0,17.8,312,2,8.2,77,12.6,2020-01-30 07:10:00,2020-01-30 17:58:00,992.3
2020-01-31,17.5,7.4,0.0,12.7,308,1,7.4,74,12.1,2020-01-31 07:10:00,2020-01-31 17:59:00,990.2
2020-02-01,18.3,7.6,0.0,12.5,342,2,7.3,74,12.3,2020-02-01 07:09:00,2020-02-01 17:59:00,992.7
2020-02-02,18.1,6.8,0.0,14.4,299,0,7.2,76,11.7,2020-02-02 07:09:00,2020-02-02 18:00:00,994.2
2020-02-03,18.8,6.5,0.0,11.8,304,1,7.0,74,12.0,2020-02-03 07:08:00,2020-02-03 18:01:00,993.1
2020-02-04,19.6,7.2,0.0,10.4,103,9,8.2,74,13.0,2020-02-04 07:07:00,2020-02-04 18:02:00,991.3
2020-02-05,19.0,8.3,0.0,16.0,321,16,8.0,74,12.9,2020-02-05 07:07:00,2020-02-05 18:03:00,991.7
2020-02-06,17.5,6.9,0.0,11.2,311,3,6.9,75,11.7,2020-02-06 07:06:00,2020-02-06 18:03:00,991.1
2020-02-07,18.3,8.1,0.1,12.0,347,7,7.2,71,12.7,2020-02-07 07:06:00,2020-02-07 18:04:00,993.4
2020-02-08,19.1,7.0,0.0,10.7,300,0,7.6,75,12.4,2020-02-08 07:05:00,2020-02-08 18:05:00,995.3
2020-02-09,19.8,7.0,0.0,10.2,311,24,8.0,75,12.8,2020-02-09 07:04:00,2020-02-09 18:06:00,995.7
2020-02-10,20.1,7.4,0.0,11.1,314,42,7.9,73,13.2,2020-02-10 07:03:00,2020-02-10 18:06:00,993.8
2020-02-11,20.6,7.2,0.0,11.2,325,6,7.9,73,13.5,2020-02-11 07:03:00,2020-02-11 18:07:00,993.9
2020-02-12,23.8,9.1,0.0,19.5,292,29,9.4,68,15.9,2020-02-12 07:02:00,2020-02-12 18:08:00,993.3
2020-02-13,26.6,13.0,0.0,20.6,291,9,10.1,57,19.2,2020-02-13 07:01:00,2020-02-13 18:09:00,990.6
2020-02-14,24.0,13.8,0.0,29.0,301,0,7.7,51,18.5,2020-02-14 07:00:00,2020-02-14 18:10:00,987.9
2020-02-15,24.7,12.2,0.0,21.3,290,0,5.6,47,17.5,2020-02-15 06:59:00,2020-02-15 18:10:00,988.0
2020-02-16,25.0,11.0,0.0,12.2,307,0,8.7,60,17.1,2020-02-16 06:59:00,2020-02-16 18:11:00,990.9
2020-02-17,25.5,9.1,0.0,17.7,291,1,7.2,56,17.5,2020-02-17 06:58:00,2020-02-17 18:12:00,992.1
2020-02-18,25.4,10.3,0.0,20.2,284,2,5.2,48,17.0,2020-02-18 06:57:00,2020-02-18 18:12:00,989.3
2020-02-19,25.2,10.0,0.0,21.5,122,62,8.3,54,18.2,2020-02-19 06:56:00,2020-02-19 18:13:00,988.1
2020-02-20,26.3,15.0,2.1,25.4,118,42,12.1,62,20.0,2020-02-20 06:55:00,2020-02-20 18:14:00,987.7
2020-02-21,18.9,13.6,13.4,25.2,78,61,13.4,84,16.2,2020-02-21 06:54:00,2020-02-21 18:15:00,991.5
2020-02-22,21.5,13.9,0.7,11.9,66,53,14.0,79,17.8,2020-02-22 06:53:00,2020-02-22 18:15:00,995.1
2020-02-23,23.2,13.2,2.6,17.8,5,25,14.2,82,17.5,2020-02-23 06:52:00,2020-02-23 18:16:00,993.1
2020-02-24,23.5,12.3,0.1,11.8,320,14,13.4,78,17.6,2020-02-24 06:51:00,2020-02-24 18:17:00,989.7
2020-02-25,24.4,13.1,0.0,16.3,315,5,12.8,74,18.0,2020-02-25 06:50:00,2020-02-25 18:17:00,988.6
2020-02-26,25.0,12.7,0.0,11.2,347,13,13.2,74,18.6,2020-02-26 06:50:00,2020-02-26 18:18:00,989.2
2020-02-27,25.4,13.4,0.0,12.1,108,50,14.3,76,19.1,2020-02-27 06:49:00,2020-02-27 18:19:00,989.7
2020-02-28,25.6,16.0,0.0,19.3,119,79,15.1,74,20.3,2020-02-28 06:47:00,2020-02-28 18:19:00,988.3
2020-02-29,21.9,16.1,9.1,22.3,126,48,15.5,82,18.7,2020-02-29 06:46:00,2020-02-29 18:20:00,987.7
2020-03-01,24.9,15.1,0.0,14.8,102,17,15.2,80,19.1,2020-03-01 06:45:00,2020-03-01 18:21:00,988.4
2020-03-02,25.4,14.8,0.2,9.4,0,11,15.4,78,19.7,2020-03-02 06:44:00,2020-03-02 18:21:00,987.9
2020-03-03,26.0,13.6,0.0,10.5,352,4,13.2,70,19.6,2020-03-03 06:43:00,2020-03-03 18:22:00,986.4
2020-03-04,24.9,13.9,1.0,17.2,123,27,13.8,72,19.2,2020-03-04 06:42:00,2020-03-04 18:23:00,985.5
2020-03-05,24.5,14.5,13.0,27.8,103,49,14.3,79,18.2,2020-03-05 06:41:00,2020-03-05 18:23:00,985.2
2020-03-06,21.3,13.7,23.3,30.4,127,80,13.9,86,16.4,2020-03-06 06:40:00,2020-03-06 18:24:00,984.4
2020-03-07,20.4,12.8,1.7,18.9,134,44,13.1,85,15.9,2020-03-07 06:39:00,2020-03-07 18:24:00,988.7
2020-03-08,22.7,11.6,0.0,16.4,312,27,12.2,79,16.5,2020-03-08 06:38:00,2020-03-08 18:25:00,990.7
2020-03-09,23.6,11.8,0.0,20.3,304,0,10.1,67,17.0,2020-03-09 06:37:00,2020-03-09 18:26:00,988.1
2020-03-10,23.7,10.1,0.0,11.0,283,21,10.5,68,17.1,2020-03-10 06:36:00,2020-03-10 18:26:00,986.7
2020-03-11,23.9,14.9,2.6,20.9,119,61,13.8,74,18.7,2020-03-11 06:34:00,2020-03-11 18:27:00,984.6
2020-03-12,25.7,14.3,0.0,21.1,121,23,12.6,67,19.6,2020-03-12 06:33:00,2020-03-12 18:27:00,986.7
2020-03-13,24.7,13.7,10.0,23.2,321,20,11.2,65,18.7,2020-03-13 06:32:00,2020-03-13 18:28:00,988.4
2020-03-14,20.7,13.5,4.2,20.4,21,51,13.1,82,16.4,2020-03-14 06:31:00,2020-03-14 18:29:00,990.1
2020-03-15,21.3,11.2,0.1,10.7,355,48,12.0,78,16.3,2020-03-15 06:30:00,2020-03-15 18:29:00,991.7
2020-03-16,23.9,12.8,0.0,12.0,323,36,13.1,75,18.0,2020-03-16 06:29:00,2020-03-16 18:30:00,991.2
2020-03-17,25.6,13.5,0.0,14.1,320,0,13.0,71,18.9,2020-03-17 06:28:00,2020-03-17 18:30:00,991.2
2020-03-18,27.1,14.3,0.0,14.8,313,18,13.7,67,20.4,2020-03-18 06:27:00,2020-03-18 18:31:00,989.5
2020-03-19,27.4,15.2,0.2,12.5,331,49,15.0,71,20.8,2020-03-19 06:25:00,2020-03-19 18:32:00,986.6
2020-03-20,29.0,16.0,0.4,16.7,109,55,14.7,69,21.2,2020-03-20 06:24:00,2020-03-20 18:32:00,985.4
2020-03-21,28.4,15.2,1.6,9.2,56,28,15.4,70,21.7,2020-03-21 06:23:00,2020-03-21 18:33:00,985.7
2020-03-22,28.6,15.5,0.0,13.8,347,20,15.1,68,22.0,2020-03-22 06:22:00,2020-03-22 18:33:00,987.5
2020-03-23,29.2,16.2,0.0,9.4,8,34,13.9,61,22.5,2020-03-23 06:21:00,2020-03-23 18:34:00,987.3
2020-03-24,30.2,18.2,0.7,10.8,139,70,15.9,64,23.6,2020-03-24 06:20:00,2020-03-24 18:34:00,985.8
2020-03-25,30.3,17.8,0.0,21.8,339,51,15.4,62,23.8,2020-03-25 06:18:00,2020-03-25 18:35:00,986.6
2020-03-26,29.7,18.8,0.0,19.6,307,88,15.3,61,23.5,2020-03-26 06:17:00,2020-03-26 18:35:00,987.4
2020-03-27,25.2,19.2,6.0,16.2,214,77,16.3,74,21.4,2020-03-27 06:16:00,2020-03-27 18:36:00,989.1
2020-03-28,27.3,16.1,0.1,17.3,321,3,14.6,69,21.3,2020-03-28 06:15:00,2020-03-28 18:37:00,989.5
2020-03-29,28.2,16.4,0.0,22.5,316,3,12.7,59,21.9,2020-03-29 06:14:00,2020-03-29 18:37:00,987.7
2020-03-30,28.8,15.8,0.0,19.2,311,42,11.6,55,21.9,2020-03-30 06:13:00,2020-03-30 18:38:00,987.7
2020-03-31,30.1,16.1,0.1,20.1,327,46,13.0,56,22.7,2020-03-31 06:11:00,2020-03-31 18:38:00,986.3
2020-04-01,31.1,17.6,0.0,13.0,357,12,14.0,56,23.9,2020-04-01 06:10:00,2020-04-01 18:39:00,985.5
2020-04-02,29.5,17.8,0.0,20.9,318,23,12.2,53,23.3,2020-04-02 06:09:00,2020-04-02 18:39:00,985.9
2020-04-03,29.4,16.1,0.0,19.1,311,12,8.9,44,22.4,2020-04-03 06:08:00,2020-04-03 18:40:00,987.3
2020-04-04,31.0,15.5,0.0,17.2,322,1,10.4,48,23.2,2020-04-04 06:07:00,2020-04-04 18:40:00,987.2
2020-04-05,31.6,17.0,0.0,15.5,345,14,13.0,53,24.0,2020-04-05 06:06:00,2020-04-05 18:41:00,987.8
2020-04-06,33.4,18.4,0.0,18.0,348,14,12.3,46,26.2,2020-04-06 06:05:00,2020-04-06 18:42:00,986.6
2020-04-07,32.8,18.4,0.4,19.6,330,43,11.9,46,25.0,2020-04-07 06:04:00,2020-04-07 18:42:00,984.8
2020-04-08,31.5,18.7,0.0,16.7,331,10,11.8,46,24.9,2020-04-08 06:03:00,2020-04-08 18:43:00,985.3
2020-04-09,31.5,17.5,0.0,15.8,317,37,11.2,46,24.4,2020-04-09 06:01:00,2020-04-09 18:43:00,985.9
2020-04-10,34.0,18.0,0.0,17.2,335,49,12.3,47,25.7,2020-04-10 06:00:00,2020-04-10 18:44:00,986.7
2020-04-11,35.1,19.2,0.0,13.8,348,22,12.9,42,27.7,2020-04-11 05:59:00,2020-04-11 18:44:00,987.8
2020-04-12,34.9,20.8,0.0,15.0,311,71,13.1,42,28.0,2020-04-12 05:58:00,2020-04-12 18:45:00,985.6
2020-04-13,37.0,20.8,0.0,20.6,309,69,13.6,41,29.3,2020-04-13 05:57:00,2020-04-13 18:45:00,983.6
2020-04-14,37.9,22.8,0.0,22.0,80,91,14.3,41,30.1,2020-04-14 05:56:00,2020-04-14 18:46:00,984.0
2020-04-15,37.6,25.1,0.0,20.6,121,67,13.3,38,30.4,2020-04-15 05:55:00,2020-04-15 18:47:00,983.6
2020-04-16,37.8,23.1,0.0,16.9,323,44,11.8,36,30.3,2020-04-16 05:54:00,2020-04-16 18:47:00,982.3
2020-04-17,34.7,25.2,0.0,20.4,14,64,11.7,34,29.6,2020-04-17 05:53:00,2020-04-17 18:48:00,982.1
2020-04-18,35.5,23.5,0.0,25.1,59,32,12.7,38,29.0,2020-04-18 05:52:00,2020-04-18 18:48:00,983.3
2020-04-19,33.9,22.3,0.0,14.4,330,53,13.1,43,27.9,2020-04-19 05:51:00,2020-04-19 18:49:00,983.3
2020-04-20,33.9,21.6,0.4,14.5,290,53,13.3,45,26.8,2020-04-20 05:50:00,2020-04-20 18:49:00,984.1
2020-04-21,32.2,19.6,0.0,14.8,14,16,14.2,51,26.1,2020-04-21 05:49:00,2020-04-21 18:50:00,984.4
2020-04-22,34.1,20.0,0.0,13.8,349,29,11.9,41,27.5,2020-04-22 05:48:00,2020-04-22 18:51:00,983.0
2020-04-23,35.5,24.3,0.0,20.2,219,61,12.3,38,28.9,2020-04-23 05:47:00,2020-04-23 18:51:00,982.4
2020-04-24,35.4,21.7,0.0,11.4,76,13,13.2,41,28.9,2020-04-24 05:46:00,2020-04-24 18:52:00,980.8
2020-04-25,33.7,23.6,0.5,17.1,141,34,14.3,43,28.5,2020-04-25 05:45:00,2020-04-25 18:52:00,981.5
2020-04-26,31.8,23.4,1.0,29.5,120,22,17.7,58,26.9,2020-04-26 05:44:00,2020-04-26 18:53:00,984.0
2020-04-27,30.4,20.8,2.8,21.1,110,24,19.0,69,25.4,2020-04-27 05:43:00,2020-04-27 18:54:00,986.8
2020-04-28,32.3,21.6,0.2,14.8,92,22,18.5,64,26.4,2020-04-28 05:42:00,2020-04-28 18:54:00,986.8
2020-04-29,34.7,21.1,0.0,12.6,150,7,17.6,55,28.6,2020-04-29 05:41:00,2020-04-29 18:55:00,984.3
2020-04-30,36.1,24.1,0.2,23.2,106,42,17.4,51,29.4,2020-04-30 05:41:00,2020-04-30 18:55:00,984.0
2020-05-01,38.4,22.4,0.0,17.3,83,19,18.3,54,30.5,2020-05-01 05:40:00,2020-05-01 18:56:00,982.2
2020-05-02,36.6,24.3,0.9,29.5,111,24,19.2,57,29.3,2020-05-02 05:39:00,2020-05-02 18:57:00,981.6
2020-05-03,34.7,23.5,21.8,25.5,107,66,20.0,64,27.7,2020-05-03 05:38:00,2020-05-03 18:57:00,982.5
2020-05-04,32.9,21.0,0.0,14.6,54,29,19.4,66,27.2,2020-05-04 05:37:00,2020-05-04 18:58:00,983.9
2020-05-05,34.4,23.1,0.0,25.6,342,33,16.1,50,28.8,2020-05-05 05:37:00,2020-05-05 18:58:00,983.1
2020-05-06,35.2,21.7,0.0,18.8,123,25,14.7,45,28.6,2020-05-06 05:36:00,2020-05-06 18:59:00,982.1
2020-05-07,35.8,22.1,0.0,17.7,76,16,14.0,44,28.6,2020-05-07 05:35:00,2020-05-07 19:00:00,982.8
2020-05-08,38.1,23.1,0.0,13.7,132,5,14.1,40,30.7,2020-05-08 05:34:00,2020-05-08 19:00:00,981.2
2020-05-09,39.5,25.2,0.0,14.7,119,22,15.4,41,31.6,2020-05-09 05:34:00,2020-05-09 19:01:00,981.8
2020-05-10,36.3,24.5,0.8,17.7,117,40,18.9,54,29.6,2020-05-10 05:33:00,2020-05-10 19:01:00,982.8
2020-05-11,35.8,22.8,0.3,15.3,125,37,18.7,57,29.1,2020-05-11 05:32:00,2020-05-11 19:02:00,984.1
2020-05-12,35.5,23.1,0.0,17.0,91,26,18.5,55,29.4,2020-05-12 05:32:00,2020-05-12 19:03:00,983.4
2020-05-13,35.5,25.8,0.3,14.9,354,60,19.3,55,29.7,2020-05-13 05:31:00,2020-05-13 19:03:00,982.2
2020-05-14,36.8,24.1,0.0,13.2,63,20,19.0,53,30.5,2020-05-14 05:30:00,2020-05-14 19:04:00,981.6
2020-05-15,38.2,24.7,0.0,20.4,323,9,15.1,41,31.4,2020-05-15 05:30:00,2020-05-15 19:04:00,980.9
2020-05-16,38.1,24.6,0.0,18.4,314,4,11.8,33,31.5,2020-05-16 05:29:00,2020-05-16 19:05:00,980.2
2020-05-17,38.7,24.1,0.0,16.0,310,31,11.7,32,31.8,2020-05-17 05:29:00,2020-05-17 19:06:00,978.9
2020-05-18,38.7,23.8,0.0,17.2,338,12,10.2,30,31.4,2020-05-18 05:28:00,2020-05-18 19:06:00,978.0
2020-05-19,38.6,24.7,0.0,14.3,347,8,6.7,22,32.1,2020-05-19 05:28:00,2020-05-19 19:07:00,977.5
2020-05-20,37.7,23.3,0.0,21.2,318,0,8.0,26,30.8,2020-05-20 05:27:00,2020-05-20 19:07:00,977.1
2020-05-21,40.2,24.0,0.0,22.7,303,0,9.0,26,32.2,2020-05-21 05:27:00,2020-05-21 19:08:00,976.2
2020-05-22,42.1,25.3,0.0,11.8,325,1,10.8,26,34.0,2020-05-22 05:26:00,2020-05-22 19:09:00,976.2
2020-05-23,41.7,27.7,0.0,18.1,99,14,12.2,28,34.6,2020-05-23 05:26:00,2020-05-23 19:09:00,977.6
2020-05-24,42.3,27.7,0.0,23.7,314,9,10.9,25,35.6,2020-05-24 05:26:00,2020-05-24 19:10:00,977.9
2020-05-25,43.2,27.8,0.0,23.1,303,1,9.7,22,35.7,2020-05-25 05:25:00,2020-05-25 19:10:00,977.6
2020-05-26,44.2,29.6,0.0,19.7,298,17,8.3,19,36.9,2020-05-26 05:25:00,2020-05-26 19:11:00,976.0
2020-05-27,43.7,28.9,0.0,17.1,347,10,9.3,21,36.5,2020-05-27 05:25:00,2020-05-27 19:11:00,974.4
2020-05-28,38.2,28.6,0.1,29.8,114,58,17.5,41,33.0,2020-05-28 05:24:00,2020-05-28 19:12:00,975.8
2020-05-29,35.1,25.9,4.2,27.5,115,56,20.4,58,30.1,2020-05-29 05:24:00,2020-05-29 19:13:00,978.7
2020-05-30,32.7,23.5,5.4,20.0,129,57,19.6,61,28.2,2020-05-30 05:24:00,2020-05-30 19:13:00,981.0
2020-05-31,32.6,22.9,0.2,16.2,114,38,20.3,69,26.8,2020-05-31 05:24:00,2020-05-31 19:14:00,982.6
2020-06-01,33.3,21.6,0.0,9.6,33,37,20.5,67,27.8,2020-06-01 05:23:00,2020-06-01 19:14:00,983.2
2020-06-02,34.4,24.0,0.0,14.1,274,21,20.3,62,29.0,2020-06-02 05:23:00,2020-06-02 19:15:00,981.4
2020-06-03,35.8,24.2,0.0,11.3,7,13,19.9,58,29.9,2020-06-03 05:23:00,2020-06-03 19:15:00,979.4
2020-06-04,34.4,24.9,0.0,11.8,133,71,19.7,57,29.6,2020-06-04 05:23:00,2020-06-04 19:15:00,978.6
2020-06-05,34.4,24.8,0.0,12.2,160,14,19.9,60,29.0,2020-06-05 05:23:00,2020-06-05 19:16:00,978.5
2020-06-06,34.4,24.4,0.0,13.1,132,43,19.9,58,29.5,2020-06-06 05:23:00,2020-06-06 19:16:00,978.1
2020-06-07,36.2,26.7,1.2,15.0,144,15,21.2,59,30.6,2020-06-07 05:23:00,2020-06-07 19:17:00,977.9
2020-06-08,35.5,25.6,0.1,13.2,353,11,21.6,60,30.8,2020-06-08 05:22:00,2020-06-08 19:17:00,977.5
2020-06-09,37.9,26.7,0.0,12.3,315,8,21.1,51,33.0,2020-06-09 05:22:00,2020-06-09 19:18:00,977.4
2020-06-10,38.4,28.3,0.0,19.4,325,15,21.9,52,33.7,2020-06-10 05:22:00,2020-06-10 19:18:00,976.8
2020-06-11,37.6,27.7,0.0,11.6,60,7,22.4,53,33.5,2020-06-11 05:22:00,2020-06-11 19:18:00,975.7
2020-06-12,38.5,28.9,0.0,16.6,115,13,22.0,52,33.8,2020-06-12 05:23:00,2020-06-12 19:19:00,974.7
2020-06-13,38.5,29.6,0.0,15.3,103,16,22.9,55,33.6,2020-06-13 05:23:00,2020-06-13 19:19:00,975.1
2020-06-14,38.5,29.2,0.0,12.1,84,23,23.1,56,33.6,2020-06-14 05:23:00,2020-06-14 19:20:00,976.6
2020-06-15,40.1,29.2,0.0,18.2,313,8,20.4,47,34.3,2020-06-15 05:23:00,2020-06-15 19:20:00,974.7
2020-06-16,39.2,28.5,0.1,14.3,146,13,20.8,48,33.8,2020-06-16 05:23:00,2020-06-16 19:20:00,972.5
2020-06-17,39.9,29.0,0.0,17.6,113,5,21.9,52,33.9,2020-06-17 05:23:00,2020-06-17 19:21:00,972.1
2020-06-18,41.2,28.1,0.0,18.4,113,8,21.8,50,34.6,2020-06-18 05:23:00,2020-06-18 19:21:00,972.6
2020-06-19,40.3,30.0,0.0,19.3,120,28,23.5,53,34.9,2020-06-19 05:23:00,2020-06-19 19:21:00,974.4
2020-06-20,39.2,29.5,1.2,19.9,139,27,22.5,54,33.7,2020-06-20 05:24:00,2020-06-20 19:21:00,976.0
2020-06-21,38.6,28.7,0.0,13.8,105,13,22.3,54,33.4,2020-06-21 05:24:00,2020-06-21 19:22:00,975.7
2020-06-22,36.5,27.6,1.0,10.9,84,15,23.1,61,31.9,2020-06-22 05:24:00,2020-06-22 19:22:00,975.7
2020-06-23,35.1,28.4,2.0,21.0,106,34,23.7,64,31.5,2020-06-23 05:24:00,2020-06-23 19:22:00,977.9
2020-06-24,33.1,28.3,3.1,15.1,108,57,24.6,72,30.3,2020-06-24 05:24:00,2020-06-24 19:22:00,978.7
2020-06-25,37.1,26.7,0.0,10.2,311,21,24.3,66,31.9,2020-06-25 05:25:00,2020-06-25 19:22:00,976.2
2020-06-26,36.4,27.9,1.4,18.8,282,30,24.5,65,32.4,2020-06-26 05:25:00,2020-06-26 19:22:00,975.3
2020-06-27,38.3,29.5,0.1,29.5,277,45,23.5,57,33.7,2020-06-27 05:25:00,2020-06-27 19:22:00,974.5
2020-06-28,38.9,30.3,0.2,26.2,270,32,23.1,51,35.0,2020-06-28 05:26:00,2020-06-28 19:22:00,973.8
2020-06-29,39.7,29.7,0.5,24.6,75,19,23.1,54,34.4,2020-06-29 05:26:00,2020-06-29 19:22:00,975.6
2020-06-30,36.4,27.2,0.0,17.1,111,28,24.1,63,32.2,2020-06-30 05:26:00,2020-06-30 19:23:00,977.0
2020-07-01,38.2,28.6,0.0,14.2,111,9,23.9,59,33.4,2020-07-01 05:27:00,2020-07-01 19:23:00,975.9
2020-07-02,40.6,29.9,0.1,15.7,180,9,23.4,53,35.1,2020-07-02 05:27:00,2020-07-02 19:23:00,973.5
2020-07-03,41.2,31.0,0.0,22.9,120,10,24.4,56,35.0,2020-07-03 05:28:00,2020-07-03 19:22:00,973.0
2020-07-04,37.7,28.7,0.0,21.4,111,13,24.9,64,33.1,2020-07-04 05:28:00,2020-07-04 19:22:00,973.4
2020-07-05,34.6,24.9,4.1,18.1,69,61,23.4,70,29.9,2020-07-05 05:28:00,2020-07-05 19:22:00,973.7
2020-07-06,34.7,26.5,0.3,16.3,106,53,24.3,70,30.6,2020-07-06 05:29:00,2020-07-06 19:22:00,973.8
2020-07-07,32.9,27.1,1.5,23.8,104,71,24.0,74,29.3,2020-07-07 05:29:00,2020-07-07 19:22:00,976.5
2020-07-08,32.8,25.6,5.4,19.0,136,83,25.2,82,28.8,2020-07-08 05:30:00,2020-07-08 19:22:00,977.6
2020-07-09,33.6,26.8,2.2,12.8,215,85,25.7,78,30.2,2020-07-09 05:30:00,2020-07-09 19:22:00,974.4
2020-07-10,37.8,28.7,1.6,17.0,283,85,24.4,63,32.7,2020-07-10 05:31:00,2020-07-10 19:22:00,972.2
2020-07-11,36.4,26.0,0.9,19.2,258,23,24.1,64,31.9,2020-07-11 05:31:00,2020-07-11 19:21:00,972.8
2020-07-12,35.5,28.8,0.5,14.7,254,54,24.5,66,31.7,2020-07-12 05:32:00,2020-07-12 19:21:00,974.2
2020-07-13,36.2,27.3,0.1,15.3,280,49,24.1,65,31.9,2020-07-13 05:32:00,2020-07-13 19:21:00,974.6
2020-07-14,38.6,28.9,0.0,13.6,259,58,23.9,60,33.2,2020-07-14 05:33:00,2020-07-14 19:21:00,975.3
2020-07-15,36.4,28.0,0.1,18.3,102,16,24.8,68,31.9,2020-07-15 05:33:00,2020-07-15 19:20:00,976.2
2020-07-16,33.6,28.2,4.6,21.1,101,57,25.1,73,30.7,2020-07-16 05:34:00,2020-07-16 19:20:00,975.3
2020-07-17,34.9,28.2,10.8,17.7,111,69,25.8,74,31.1,2020-07-17 05:34:00,2020-07-17 19:20:00,976.0
2020-07-18,35.8,27.3,2.5,15.1,108,91,26.0,74,31.6,2020-07-18 05:35:00,2020-07-18 19:19:00,976.8
2020-07-19,34.6,27.1,14.1,17.2,261,90,26.4,80,30.5,2020-07-19 05:35:00,2020-07-19 19:19:00,975.4
2020-07-20,33.3,26.3,15.3,17.4,270,79,25.1,79,29.3,2020-07-20 05:36:00,2020-07-20 19:18:00,973.9
2020-07-21,32.4,25.1,13.5,11.9,169,50,24.7,82,28.2,2020-07-21 05:36:00,2020-07-21 19:18:00,976.6
2020-07-22,30.3,25.3,14.4,15.6,275,64,24.6,86,27.2,2020-07-22 05:37:00,2020-07-22 19:17:00,977.9
2020-07-23,32.8,24.4,0.2,8.4,307,13,24.1,79,28.5,2020-07-23 05:37:00,2020-07-23 19:17:00,977.0
2020-07-24,32.4,26.1,1.6,13.1,106,26,24.6,78,28.8,2020-07-24 05:38:00,2020-07-24 19:16:00,979.8
2020-07-25,32.3,25.8,1.9,14.2,109,33,25.3,82,28.8,2020-07-25 05:39:00,2020-07-25 19:16:00,981.2
2020-07-26,34.1,25.6,2.6,11.3,102,25,25.8,80,29.9,2020-07-26 05:39:00,2020-07-26 19:15:00,981.0
2020-07-27,34.3,27.8,2.7,16.3,271,45,25.9,75,31.0,2020-07-27 05:40:00,2020-07-27 19:15:00,978.5
2020-07-28,35.5,29.1,0.4,19.6,260,74,24.9,67,31.8,2020-07-28 05:40:00,2020-07-28 19:14:00,976.3
2020-07-29,33.9,27.8,0.1,18.4,164,99,24.8,72,30.5,2020-07-29 05:41:00,2020-07-29 19:14:00,976.8
2020-07-30,31.9,25.8,3.9,12.8,151,69,24.9,79,28.9,2020-07-30 05:41:00,2020-07-30 19:13:00,978.4
2020-07-31,33.1,25.4,8.5,9.5,109,89,26.0,84,29.2,2020-07-31 05:42:00,2020-07-31 19:12:00,977.7
2020-08-01,32.8,26.8,5.6,8.4,139,93,26.2,84,29.4,2020-08-01 05:43:00,2020-08-01 19:12:00,977.1
2020-08-02,35.2,27.5,0.2,15.3,287,39,25.9,75,31.1,2020-08-02 05:43:00,2020-08-02 19:11:00,975.2
2020-08-03,35.9,28.5,1.3,15.5,264,41,25.9,72,31.7,2020-08-03 05:44:00,2020-08-03 19:10:00,971.4
2020-08-04,36.9,27.3,0.9,11.7,322,19,26.0,73,31.7,2020-08-04 05:44:00,2020-08-04 19:09:00,969.6
2020-08-05,33.7,28.1,2.1,19.3,89,60,26.4,79,30.5,2020-08-05 05:45:00,2020-08-05 19:09:00,971.0
2020-08-06,34.8,27.6,0.1,34.1,96,68,24.7,71,30.9,2020-08-06 05:45:00,2020-08-06 19:08:00,973.7
2020-08-07,33.6,27.2,0.9,26.4,109,53,25.2,76,29.9,2020-08-07 05:46:00,2020-08-07 19:07:00,976.6
2020-08-08,34.5,27.4,3.3,8.9,180,49,26.3,78,30.8,2020-08-08 05:46:00,2020-08-08 19:06:00,974.9
2020-08-09,33.3,26.9,22.8,12.9,91,99,26.5,83,29.8,2020-08-09 05:47:00,2020-08-09 19:05:00,974.1
2020-08-10,31.1,26.5,2.4,13.8,117,95,26.3,87,28.8,2020-08-10 05:48:00,2020-08-10 19:05:00,975.3
2020-08-11,31.8,26.5,15.8,11.7,220,99,26.5,87,28.9,2020-08-11 05:48:00,2020-08-11 19:04:00,975.1
2020-08-12,33.8,26.3,3.4,15.5,265,97,26.3,83,29.8,2020-08-12 05:49:00,2020-08-12 19:03:00,974.2
2020-08-13,27.5,25.8,84.6,12.8,60,95,25.7,95,26.6,2020-08-13 05:49:00,2020-08-13 19:02:00,973.5
2020-08-14,30.9,25.6,5.0,19.4,100,90,25.6,89,27.6,2020-08-14 05:50:00,2020-08-14 19:01:00,972.9
2020-08-15,32.3,25.9,2.6,14.6,115,51,26.2,86,28.9,2020-08-15 05:50:00,2020-08-15 19:00:00,972.9
2020-08-16,31.9,26.0,6.2,14.2,116,60,26.3,87,28.7,2020-08-16 05:51:00,2020-08-16 18:59:00,974.1
2020-08-17,32.8,26.7,2.1,14.2,128,64,26.4,86,29.1,2020-08-17 05:51:00,2020-08-17 18:58:00,974.4
2020-08-18,32.3,27.6,9.7,10.6,204,78,26.6,84,29.8,2020-08-18 05:52:00,2020-08-18 18:57:00,975.0
2020-08-19,29.1,26.1,16.7,9.4,168,100,25.7,92,27.1,2020-08-19 05:52:00,2020-08-19 18:56:00,974.9
2020-08-20,29.1,24.5,8.8,14.3,90,99,25.1,93,26.5,2020-08-20 05:53:00,2020-08-20 18:55:00,977.1
2020-08-21,32.2,25.9,0.2,18.9,91,35,24.5,79,28.6,2020-08-21 05:53:00,2020-08-21 18:54:00,978.4
2020-08-22,32.6,26.1,0.1,26.6,90,33,23.6,75,28.6,2020-08-22 05:54:00,2020-08-22 18:53:00,977.8
2020-08-23,31.4,25.8,2.0,25.0,90,47,24.5,81,28.1,2020-08-23 05:55:00,2020-08-23 18:52:00,976.5
2020-08-24,30.6,25.5,0.8,23.8,118,59,24.3,82,27.7,2020-08-24 05:55:00,2020-08-24 18:51:00,976.7
2020-08-25,31.8,25.6,0.9,16.5,142,37,24.6,80,28.5,2020-08-25 05:56:00,2020-08-25 18:50:00,978.7
2020-08-26,32.2,26.1,0.9,12.2,247,40,24.7,79,29.0,2020-08-26 05:56:00,2020-08-26 18:49:00,979.9
2020-08-27,31.5,26.6,1.1,12.5,300,71,24.8,80,28.7,2020-08-27 05:57:00,2020-08-27 18:48:00,979.4
2020-08-28,33.0,26.0,2.8,13.2,40,51,25.4,84,28.5,2020-08-28 05:57:00,2020-08-28 18:47:00,977.6
2020-08-29,32.5,25.4,1.8,14.2,100,39,25.3,83,28.5,2020-08-29 05:58:00,2020-08-29 18:46:00,977.3
2020-08-30,30.4,26.3,2.4,29.3,95,32,23.9,79,27.9,2020-08-30 05:58:00,2020-08-30 18:45:00,976.9
2020-08-31,31.5,25.2,1.5,21.3,143,51,23.4,77,27.9,2020-08-31 05:59:00,2020-08-31 18:43:00,979.1
2020-09-01,32.4,25.2,1.3,11.5,183,36,23.5,75,28.5,2020-09-01 05:59:00,2020-09-01 18:42:00,980.7
2020-09-02,32.4,25.5,0.8,11.2,253,93,24.1,76,28.8,2020-09-02 06:00:00,2020-09-02 18:41:00,982.5
2020-09-03,31.5,26.2,5.4,17.4,109,57,25.3,83,28.5,2020-09-03 06:00:00,2020-09-03 18:40:00,983.1
2020-09-04,32.3,26.2,2.5,15.5,124,34,25.2,81,28.9,2020-09-04 06:01:00,2020-09-04 18:39:00,982.1
2020-09-05,33.1,25.8,9.6,9.0,216,46,25.3,85,28.3,2020-09-05 06:01:00,2020-09-05 18:38:00,980.4
2020-09-06,31.3,25.9,5.3,9.2,289,46,25.5,86,28.2,2020-09-06 06:02:00,2020-09-06 18:36:00,979.3
2020-09-07,32.1,25.9,4.5,7.9,317,43,25.4,83,28.7,2020-09-07 06:02:00,2020-09-07 18:35:00,979.9
2020-09-08,32.9,26.1,0.4,8.2,297,47,25.1,79,29.3,2020-09-08 06:02:00,2020-09-08 18:34:00,980.5
2020-09-09,34.1,25.9,0.0,14.2,307,20,24.3,74,29.8,2020-09-09 06:03:00,2020-09-09 18:33:00,980.2
2020-09-10,34.3,26.0,0.0,15.0,291,23,23.8,72,29.8,2020-09-10 06:03:00,2020-09-10 18:32:00,977.9
2020-09-11,34.9,25.9,0.0,12.4,308,17,23.4,69,30.2,2020-09-11 06:04:00,2020-09-11 18:31:00,978.2
2020-09-12,34.7,25.5,0.0,10.1,19,36,23.7,70,30.2,2020-09-12 06:04:00,2020-09-12 18:29:00,980.8
2020-09-13,33.6,25.9,0.0,10.1,23,39,24.2,73,30.0,2020-09-13 06:05:00,2020-09-13 18:28:00,980.9
2020-09-14,33.7,26.5,0.6,10.7,65,44,25.0,77,29.8,2020-09-14 06:05:00,2020-09-14 18:27:00,979.8
2020-09-15,35.2,26.1,0.0,15.0,331,34,23.9,69,30.8,2020-09-15 06:06:00,2020-09-15 18:26:00,979.2
2020-09-16,36.3,26.8,0.0,13.3,292,13,23.6,65,31.4,2020-09-16 06:06:00,2020-09-16 18:25:00,978.9
2020-09-17,36.6,27.2,0.0,18.5,295,18,22.9,61,31.7,2020-09-17 06:07:00,2020-09-17 18:23:00,978.5
2020-09-18,37.3,27.4,0.0,15.6,286,22,22.3,58,32.1,2020-09-18 06:07:00,2020-09-18 18:22:00,977.6
2020-09-19,36.2,26.9,0.0,12.8,352,22,23.1,63,31.4,2020-09-19 06:08:00,2020-09-19 18:21:00,977.8
2020-09-20,36.0,26.4,0.0,16.7,355,21,23.0,67,30.7,2020-09-20 06:08:00,2020-09-20 18:20:00,977.4
2020-09-21,35.6,25.2,0.0,10.5,353,4,22.2,62,30.8,2020-09-21 06:09:00,2020-09-21 18:19:00,976.3
2020-09-22,33.5,26.7,5.7,16.2,100,28,24.6,73,30.2,2020-09-22 06:09:00,2020-09-22 18:17:00,976.8
2020-09-23,32.7,26.1,2.3,13.5,106,49,24.1,73,29.5,2020-09-23 06:10:00,2020-09-23 18:16:00,977.1
2020-09-24,35.4,25.5,0.0,16.9,29,29,22.8,70,29.6,2020-09-24 06:10:00,2020-09-24 18:15:00,978.7
2020-09-25,36.6,25.8,0.0,19.6,277,6,20.8,59,30.6,2020-09-25 06:11:00,2020-09-25 18:14:00,978.3
2020-09-26,34.6,24.3,0.0,18.1,277,20,19.1,56,29.2,2020-09-26 06:11:00,2020-09-26 18:13:00,978.4
2020-09-27,34.7,24.2,0.0,12.9,296,4,19.2,58,28.9,2020-09-27 06:12:00,2020-09-27 18:11:00,981.0
2020-09-28,34.8,23.5,0.0,19.3,307,0,18.4,57,28.5,2020-09-28 06:12:00,2020-09-28 18:10:00,982.2
2020-09-29,34.5,22.4,0.0,20.7,302,0,17.5,55,28.0,2020-09-29 06:13:00,2020-09-29 18:09:00,981.9
2020-09-30,34.5,22.0,0.0,20.7,300,1,16.1,51,27.9,2020-09-30 06:13:00,2020-09-30 18:08:00,980.6
2020-10-01,35.2,22.1,0.0,18.6,299,0,17.0,52,28.3,2020-10-01 06:14:00,2020-10-01 18:07:00,980.3
2020-10-02,34.7,21.7,0.0,13.3,295,0,18.2,59,27.9,2020-10-02 06:14:00,2020-10-02 18:06:00,980.8
2020-10-03,33.7,21.1,0.0,14.0,309,0,16.5,56,27.3,2020-10-03 06:15:00,2020-10-03 18:04:00,981.9
2020-10-04,33.5,18.3,0.0,14.5,304,0,14.9,52,26.4,2020-10-04 06:16:00,2020-10-04 18:03:00,982.7
2020-10-05,34.0,20.1,0.0,19.2,303,0,14.8,50,26.7,2020-10-05 06:16:00,2020-10-05 18:02:00,982.3
2020-10-06,34.1,19.4,0.0,18.0,310,0,15.4,52,26.7,2020-10-06 06:17:00,2020-10-06 18:01:00,982.7
2020-10-07,34.5,20.2,0.0,14.0,307,0,16.4,57,26.8,2020-10-07 06:17:00,2020-10-07 18:00:00,984.4
2020-10-08,34.0,19.4,0.0,13.5,308,0,16.3,56,26.9,2020-10-08 06:18:00,2020-10-08 17:59:00,985.0
2020-10-09,33.5,19.5,0.0,10.3,318,0,16.7,56,27.0,2020-10-09 06:18:00,2020-10-09 17:58:00,985.2
2020-10-10,33.7,20.5,0.0,13.2,298,8,16.6,55,27.3,2020-10-10 06:19:00,2020-10-10 17:57:00,984.0
2020-10-11,33.7,20.5,0.0,14.5,315,0,16.3,53,27.5,2020-10-11 06:19:00,2020-10-11 17:55:00,982.1
2020-10-12,33.2,20.2,0.0,10.6,39,0,18.1,60,27.3,2020-10-12 06:20:00,2020-10-12 17:54:00,980.6
2020-10-13,34.0,21.4,0.0,11.0,91,9,18.5,62,27.4,2020-10-13 06:21:00,2020-10-13 17:53:00,981.5
2020-10-14,33.1,22.5,0.0,12.7,61,22,20.0,66,27.6,2020-10-14 06:21:00,2020-10-14 17:52:00,982.9
2020-10-15,33.5,21.8,0.0,13.0,28,4,16.4,56,27.3,2020-10-15 06:22:00,2020-10-15 17:51:00,983.4
2020-10-16,32.9,18.5,0.0,10.5,352,0,12.1,47,25.6,2020-10-16 06:22:00,2020-10-16 17:50:00,983.2
2020-10-17,33.2,21.4,0.0,9.3,19,0,12.7,43,27.0,2020-10-17 06:23:00,2020-10-17 17:49:00,984.0
2020-10-18,33.2,19.3,0.0,12.7,305,2,9.8,39,26.1,2020-10-18 06:24:00,2020-10-18 17:48:00,984.0
2020-10-19,32.4,19.3,0.0,13.7,301,7,8.8,36,25.3,2020-10-19 06:24:00,2020-10-19 17:47:00,983.7
2020-10-20,33.0,17.3,0.0,14.7,330,0,7.6,36,24.9,2020-10-20 06:25:00,2020-10-20 17:46:00,983.3
2020-10-21,33.4,17.2,0.0,11.2,72,22,9.9,42,25.4,2020-10-21 06:25:00,2020-10-21 17:45:00,984.5
2020-10-22,32.5,20.3,0.0,10.9,51,36,11.7,42,26.2,2020-10-22 06:26:00,2020-10-22 17:44:00,983.2
2020-10-23,32.5,17.7,0.0,11.7,11,7,10.5,44,25.4,2020-10-23 06:27:00,2020-10-23 17:43:00,983.0
2020-10-24,32.4,18.7,0.0,12.2,314,0,10.0,43,24.9,2020-10-24 06:27:00,2020-10-24 17:42:00,983.9
2020-10-25,32.9,18.2,0.0,10.9,24,1,10.4,42,25.6,2020-10-25 06:28:00,2020-10-25 17:42:00,986.2
2020-10-26,32.2,18.5,0.0,11.3,341,20,9.9,42,25.1,2020-10-26 06:29:00,2020-10-26 17:41:00,987.6
2020-10-27,30.8,16.8,0.0,15.6,301,0,5.8,35,23.1,2020-10-27 06:29:00,2020-10-27 17:40:00,987.3
2020-10-28,30.2,15.3,0.0,10.4,317,0,7.5,39,23.1,2020-10-28 06:30:00,2020-10-28 17:39:00,988.0
2020-10-29,30.2,16.7,0.0,10.6,20,0,10.0,45,23.9,2020-10-29 06:31:00,2020-10-29 17:38:00,988.9
2020-10-30,30.1,14.5,0.0,14.2,302,0,9.0,46,22.4,2020-10-30 06:32:00,2020-10-30 17:37:00,988.7
2020-10-31,30.1,15.1,0.0,16.5,304,0,6.7,40,21.9,2020-10-31 06:32:00,2020-10-31 17:36:00,988.4
2020-11-01,29.0,14.3,0.0,16.3,287,0,2.6,30,21.4,2020-11-01 06:33:00,2020-11-01 17:36:00,989.0
2020-11-02,29.4,13.7,0.0,17.7,290,0,2.3,29,21.9,2020-11-02 06:34:00,2020-11-02 17:35:00,989.8
2020-11-03,29.7,12.8,0.0,12.0,266,0,3.1,32,21.9,2020-11-03 06:34:00,2020-11-03 17:34:00,989.1
2020-11-04,29.0,13.8,0.0,13.4,270,0,6.3,39,21.4,2020-11-04 06:35:00,2020-11-04 17:33:00,987.9
2020-11-05,30.1,14.6,0.0,10.2,283,0,7.3,40,22.6,2020-11-05 06:36:00,2020-11-05 17:33:00,989.2
2020-11-06,30.3,13.4,0.0,10.9,282,0,7.1,41,21.9,2020-11-06 06:37:00,2020-11-06 17:32:00,991.7
2020-11-07,29.5,14.2,0.0,15.1,284,0,7.2,42,21.4,2020-11-07 06:37:00,2020-11-07 17:31:00,992.6
2020-11-08,29.2,12.6,0.0,8.9,299,0,8.1,45,21.5,2020-11-08 06:38:00,2020-11-08 17:31:00,993.3
2020-11-09,28.7,12.7,0.0,11.1,355,0,9.8,52,20.9,2020-11-09 06:39:00,2020-11-09 17:30:00,991.9
2020-11-10,27.7,15.3,0.0,10.5,79,5,11.7,57,21.1,2020-11-10 06:40:00,2020-11-10 17:30:00,990.7
2020-11-11,27.7,14.5,0.0,10.8,83,0,12.1,62,20.6,2020-11-11 06:40:00,2020-11-11 17:29:00,992.4
2020-11-12,27.3,13.9,0.0,11.3,57,10,11.4,58,21.0,2020-11-12 06:41:00,2020-11-12 17:29:00,993.7
2020-11-13,27.2,13.4,0.0,8.1,293,0,10.4,53,21.0,2020-11-13 06:42:00,2020-11-13 17:28:00,992.4
2020-11-14,27.9,14.2,0.0,9.1,321,29,10.2,55,20.4,2020-11-14 06:43:00,2020-11-14 17:28:00,990.1
2020-11-15,29.0,15.8,4.2,20.1,131,37,12.5,61,21.1,2020-11-15 06:44:00,2020-11-15 17:27:00,989.6
2020-11-16,25.1,16.2,8.2,16.9,68,32,15.3,79,19.5,2020-11-16 06:44:00,2020-11-16 17:27:00,991.3
2020-11-17,24.1,14.5,0.0,11.7,316,8,13.4,74,18.7,2020-11-17 06:45:00,2020-11-17 17:26:00,989.8
2020-11-18,23.8,13.5,0.0,8.5,323,3,11.3,68,17.8,2020-11-18 06:46:00,2020-11-18 17:26:00,988.5
2020-11-19,23.2,12.7,0.0,9.5,351,23,9.8,63,17.2,2020-11-19 06:47:00,2020-11-19 17:26:00,989.0
2020-11-20,23.6,11.3,0.0,16.3,313,0,7.5,58,16.5,2020-11-20 06:48:00,2020-11-20 17:25:00,990.4
2020-11-21,22.6,11.6,0.0,21.9,297,0,6.1,52,16.3,2020-11-21 06:48:00,2020-11-21 17:25:00,990.8
2020-11-22,22.6,10.0,0.0,13.0,289,22,5.4,53,15.8,2020-11-22 06:49:00,2020-11-22 17:25:00,991.3
2020-11-23,23.1,9.0,0.0,11.3,33,3,6.9,58,15.8,2020-11-23 06:50:00,2020-11-23 17:25:00,991.6
2020-11-24,23.0,9.8,0.0,11.2,100,66,8.2,62,16.1,2020-11-24 06:51:00,2020-11-24 17:24:00,991.2
2020-11-25,22.1,13.7,0.0,14.5,78,90,9.7,64,17.0,2020-11-25 06:52:00,2020-11-25 17:24:00,991.5
2020-11-26,22.5,13.5,0.7,12.3,1,36,11.0,69,17.3,2020-11-26 06:52:00,2020-11-26 17:24:00,993.8
2020-11-27,24.1,12.3,0.0,15.2,307,0,10.5,67,17.3,2020-11-27 06:53:00,2020-11-27 17:24:00,995.4
2020-11-28,23.8,11.2,0.0,14.9,288,0,8.7,63,16.4,2020-11-28 06:54:00,2020-11-28 17:24:00,994.2
2020-11-29,23.4,9.8,0.0,11.4,288,2,7.9,64,15.6,2020-11-29 06:55:00,2020-11-29 17:24:00,992.9
2020-11-30,24.0,10.0,0.0,10.7,293,2,8.9,65,16.2,2020-11-30 06:55:00,2020-11-30 17:24:00,991.9
2020-12-01,24.5,10.1,0.0,11.2,297,0,10.1,69,16.6,2020-12-01 06:56:00,2020-12-01 17:24:00,992.1
2020-12-02,25.6,11.0,0.0,15.0,282,0,10.5,67,17.7,2020-12-02 06:57:00,2020-12-02 17:24:00,990.2
2020-12-03,25.5,11.6,0.0,9.4,286,0,11.0,64,18.5,2020-12-03 06:58:00,2020-12-03 17:24:00,989.3
2020-12-04,26.8,11.4,0.0,11.1,125,0,10.7,64,18.6,2020-12-04 06:58:00,2020-12-04 17:24:00,987.8
2020-12-05,26.5,13.1,0.0,11.9,118,0,12.2,68,18.9,2020-12-05 06:59:00,2020-12-05 17:24:00,988.2
2020-12-06,26.7,13.6,0.0,10.4,123,8,12.9,71,19.0,2020-12-06 07:00:00,2020-12-06 17:24:00,990.4
2020-12-07,26.0,13.0,0.0,12.1,291,0,13.0,74,18.4,2020-12-07 07:01:00,2020-12-07 17:24:00,991.9
2020-12-08,25.6,11.7,0.0,10.0,339,0,12.8,73,18.2,2020-12-08 07:01:00,2020-12-08 17:24:00,991.9
2020-12-09,26.0,12.5,0.0,9.7,338,0,12.9,67,19.4,2020-12-09 07:02:00,2020-12-09 17:24:00,990.2
2020-12-10,26.3,13.1,0.0,9.5,333,3,11.9,68,18.7,2020-12-10 07:03:00,2020-12-10 17:25:00,989.8
2020-12-11,25.4,13.0,0.2,9.5,107,24,12.7,70,18.9,2020-12-11 07:03:00,2020-12-11 17:25:00,989.5
2020-12-12,22.9,14.7,0.9,11.0,39,19,14.6,82,17.9,2020-12-12 07:04:00,2020-12-12 17:25:00,990.0
2020-12-13,21.0,10.7,0.0,16.9,312,0,8.3,68,15.1,2020-12-13 07:05:00,2020-12-13 17:25:00,990.3
2020-12-14,19.8,8.4,0.0,13.6,319,0,6.7,71,12.6,2020-12-14 07:05:00,2020-12-14 17:26:00,991.3
2020-12-15,18.5,6.4,0.0,11.3,330,0,5.6,72,11.3,2020-12-15 07:06:00,2020-12-15 17:26:00,993.4
2020-12-16,18.8,6.8,0.0,15.0,314,0,5.6,70,11.5,2020-12-16 07:07:00,2020-12-16 17:26:00,995.4
2020-12-17,16.4,5.3,0.0,17.1,301,0,3.4,65,10.2,2020-12-17 07:07:00,2020-12-17 17:27:00,994.6
2020-12-18,17.9,5.9,0.0,18.2,293,0,2.6,58,11.0,2020-12-18 07:08:00,2020-12-18 17:27:00,992.9
2020-12-19,19.7,6.3,0.0,17.3,290,0,3.9,59,12.2,2020-12-19 07:08:00,2020-12-19 17:28:00,993.5
2020-12-20,20.9,7.1,0.0,15.3,292,73,5.6,61,13.4,2020-12-20 07:09:00,2020-12-20 17:28:00,993.8
2020-12-21,19.6,7.9,0.0,11.3,297,82,7.6,70,13.2,2020-12-21 07:09:00,2020-12-21 17:29:00,992.0
2020-12-22,21.0,7.9,0.0,9.5,294,42,8.4,71,14.1,2020-12-22 07:10:00,2020-12-22 17:29:00,990.8
2020-12-23,21.2,6.2,0.0,10.2,302,0,8.4,72,14.0,2020-12-23 07:10:00,2020-12-23 17:30:00,989.8
2020-12-24,21.8,6.8,0.0,11.5,319,0,6.8,67,13.8,2020-12-24 07:11:00,2020-12-24 17:30:00,990.2
2020-12-25,20.9,6.4,0.0,14.5,308,0,6.3,65,13.3,2020-12-25 07:11:00,2020-12-25 17:31:00,991.3
2020-12-26,20.1,6.6,0.0,13.0,300,47,7.0,71,12.8,2020-12-26 07:11:00,2020-12-26 17:31:00,990.6
2020-12-27,22.0,9.3,0.2,21.9,152,38,7.6,64,14.9,2020-12-27 07:12:00,2020-12-27 17:32:00,988.2
2020-12-28,17.8,6.8,0.0,14.8,341,4,1.8,53,12.0,2020-12-28 07:12:00,2020-12-28 17:33:00,991.1
2020-12-29,16.5,5.5,0.0,16.8,317,2,4.0,67,10.3,2020-12-29 07:13:00,2020-12-29 17:33:00,992.2
2020-12-30,16.6,5.1,0.0,12.8,310,4,5.3,76,9.7,2020-12-30 07:13:00,2020-12-30 17:34:00,993.6
2020-12-31,17.1,4.9,0.0,11.2,292,49,5.9,79,9.7,2020-12-31 07:13:00,2020-12-31 17:35:00,992.8
2021-01-01,18.1,3.5,0.0,9.1,103,20,5.6,75,10.5,2021-01-01 07:13:00,2021-01-01 17:35:00,992.1
2021-01-02,18.5,9.7,4.5,12.9,108,49,8.7,72,13.7,2021-01-02 07:14:00,2021-01-02 17:36:00,991.0
2021-01-03,21.0,12.3,8.1,23.4,121,32,12.9,83,16.0,2021-01-03 07:14:00,2021-01-03 17:37:00,989.2
2021-01-04,22.3,13.0,5.6,14.2,96,70,14.5,88,16.6,2021-01-04 07:14:00,2021-01-04 17:37:00,990.6
2021-01-05,21.8,14.0,2.8,14.2,94,67,14.6,84,17.5,2021-01-05 07:14:00,2021-01-05 17:38:00,990.2
2021-01-06,21.8,14.8,2.7,13.3,117,38,15.0,86,17.5,2021-01-06 07:14:00,2021-01-06 17:39:00,989.9
2021-01-07,19.5,11.1,0.0,12.6,296,36,12.3,85,14.9,2021-01-07 07:15:00,2021-01-07 17:40:00,989.7
2021-01-08,19.1,9.0,0.0,9.8,342,37,10.7,85,13.4,2021-01-08 07:15:00,2021-01-08 17:40:00,989.2
2021-01-09,20.0,11.1,0.0,16.8,318,32,11.5,81,14.9,2021-01-09 07:15:00,2021-01-09 17:41:00,990.2
2021-01-10,17.7,8.7,0.0,15.6,305,12,7.4,74,12.3,2021-01-10 07:15:00,2021-01-10 17:42:00,990.6
2021-01-11,17.9,7.3,0.0,19.9,301,1,8.0,80,11.6,2021-01-11 07:15:00,2021-01-11 17:43:00,990.9
2021-01-12,18.2,6.8,0.0,17.6,284,0,7.3,77,11.4,2021-01-12 07:15:00,2021-01-12 17:43:00,991.2
2021-01-13,18.6,6.0,0.0,15.9,288,0,6.5,77,10.9,2021-01-13 07:15:00,2021-01-13 17:44:00,990.2
2021-01-14,18.8,4.8,0.0,10.3,83,37,7.1,79,11.3,2021-01-14 07:14:00,2021-01-14 17:45:00,990.6
2021-01-15,19.5,8.0,0.0,10.9,52,35,8.8,82,12.3,2021-01-15 07:14:00,2021-01-15 17:46:00,989.1
2021-01-16,17.1,5.3,0.0,11.2,310,26,7.8,86,10.3,2021-01-16 07:14:00,2021-01-16 17:47:00,987.8
2021-01-17,19.0,6.7,0.0,16.2,104,43,8.3,83,11.4,2021-01-17 07:14:00,2021-01-17 17:47:00,990.0
2021-01-18,18.2,10.4,3.0,13.6,89,51,11.0,86,13.4,2021-01-18 07:14:00,2021-01-18 17:48:00,990.9
2021-01-19,21.0,10.1,0.0,13.3,295,3,11.9,85,14.6,2021-01-19 07:14:00,2021-01-19 17:49:00,988.6
2021-01-20,20.1,10.1,0.0,17.9,284,0,11.2,83,14.2,2021-01-20 07:13:00,2021-01-20 17:50:00,988.9
2021-01-21,20.5,9.3,0.0,18.9,281,0,8.9,76,13.7,2021-01-21 07:13:00,2021-01-21 17:51:00,988.0
2021-01-22,21.2,7.4,0.0,13.5,113,1,8.7,76,13.4,2021-01-22 07:13:00,2021-01-22 17:52:00,989.1
2021-01-23,21.0,8.9,0.0,16.5,129,5,9.9,77,14.2,2021-01-23 07:13:00,2021-01-23 17:53:00,987.6
2021-01-24,19.2,9.0,0.0,14.5,304,7,9.1,79,13.1,2021-01-24 07:12:00,2021-01-24 17:53:00,990.4
2021-01-25,18.3,6.5,0.0,10.1,304,1,7.6,79,11.5,2021-01-25 07:12:00,2021-01-25 17:54:00,992.4
2021-01-26,18.3,7.2,0.0,13.8,290,0,7.2,77,11.7,2021-01-26 07:12:00,2021-01-26 17:55:00,992.1
2021-01-27,18.8,6.6,0.0,15.6,294,0,6.6,73,11.7,2021-01-27 07:11:00,2021-01-27 17:56:00,991.8
2021-01-28,18.1,5.6,0.0,11.9,316,0,6.0,75,10.8,2021-01-28 07:11:00,2021-01-28 17:57:00,992.5
2021-01-29,18.7,6.0,0.0,16.9,288,0,6.3,72,11.7,2021-01-29 07:10:00,2021-01-29 17:57:00,993.0
2021-01-30,19.1,6.5,0.0,15.9,283,6,5.6,67,12.0,2021-01-30 07:10:00,2021-01-30 17:58:00,991.5
2021-01-31,20.5,5.3,0.0,10.6,284,0,5.4,66,12.5,2021-01-31 07:09:00,2021-01-31 17:59:00,991.8
2021-02-01,22.6,7.1,0.0,11.6,12,0,8.6,72,14.3,2021-02-01 07:09:00,2021-02-01 18:00:00,993.4
2021-02-02,23.5,7.6,0.0,9.1,320,0,9.3,72,15.1,2021-02-02 07:08:00,2021-02-02 18:01:00,992.0
2021-02-03,23.9,12.0,0.1,14.8,122,7,11.7,72,17.2,2021-02-03 07:08:00,2021-02-03 18:02:00,990.6
2021-02-04,21.6,10.6,11.0,18.4,52,37,12.0,80,15.6,2021-02-04 07:07:00,2021-02-04 18:02:00,991.2
2021-02-05,19.7,8.5,0.0,12.6,327,29,10.1,83,13.4,2021-02-05 07:06:00,2021-02-05 18:03:00,992.2
2021-02-06,20.1,8.8,0.0,16.8,308,0,8.7,73,13.9,2021-02-06 07:06:00,2021-02-06 18:04:00,992.7
2021-02-07,21.3,9.6,0.0,19.4,296,0,9.0,70,14.7,2021-02-07 07:05:00,2021-02-07 18:05:00,992.5
2021-02-08,22.4,8.6,0.0,13.1,296,2,10.1,75,15.0,2021-02-08 07:04:00,2021-02-08 18:06:00,992.4
2021-02-09,24.1,10.2,0.0,12.2,284,60,10.4,71,16.6,2021-02-09 07:03:00,2021-02-09 18:06:00,989.4
2021-02-10,25.3,11.8,0.0,10.2,33,23,11.9,72,17.7,2021-02-10 07:03:00,2021-02-10 18:07:00,988.0
2021-02-11,24.0,11.3,0.0,11.1,329,22,11.9,75,17.0,2021-02-11 07:02:00,2021-02-11 18:08:00,988.7
2021-02-12,24.6,11.2,0.0,10.9,312,63,12.3,77,17.2,2021-02-12 07:01:00,2021-02-12 18:09:00,989.7
2021-02-13,24.1,11.7,0.0,11.0,340,50,12.2,78,16.9,2021-02-13 07:00:00,2021-02-13 18:09:00,989.9
2021-02-14,25.6,12.3,0.0,10.9,20,9,12.1,71,18.2,2021-02-14 07:00:00,2021-02-14 18:10:00,989.5
2021-02-15,27.0,12.1,0.0,10.7,347,17,11.9,68,18.9,2021-02-15 06:59:00,2021-02-15 18:11:00,987.8
2021-02-16,26.9,12.2,0.0,11.5,8,1,12.3,70,18.8,2021-02-16 06:58:00,2021-02-16 18:12:00,987.4
2021-02-17,25.7,11.7,0.0,9.2,330,0,11.8,71,18.1,2021-02-17 06:57:00,2021-02-17 18:12:00,989.1
2021-02-18,25.6,11.5,0.0,10.8,345,4,12.0,71,18.3,2021-02-18 06:56:00,2021-02-18 18:13:00,991.9
2021-02-19,25.5,11.1,0.0,13.3,317,2,12.3,74,17.9,2021-02-19 06:55:00,2021-02-19 18:14:00,994.2
2021-02-20,25.9,11.8,0.0,13.0,305,6,11.0,69,18.0,2021-02-20 06:55:00,2021-02-20 18:14:00,993.8
2021-02-21,25.9,11.7,0.0,15.5,295,4,11.4,66,18.7,2021-02-21 06:54:00,2021-02-21 18:15:00,992.2
2021-02-22,27.4,12.7,0.0,17.3,288,4,12.1,66,19.5,2021-02-22 06:53:00,2021-02-22 18:16:00,990.3
2021-02-23,29.6,13.1,0.0,10.5,281,5,11.1,56,21.5,2021-02-23 06:52:00,2021-02-23 18:17:00,988.0
2021-02-24,30.1,13.6,0.0,12.1,293,0,12.1,58,22.0,2021-02-24 06:51:00,2021-02-24 18:17:00,986.4
2021-02-25,30.3,13.7,0.0,15.0,291,0,13.1,59,22.5,2021-02-25 06:50:00,2021-02-25 18:18:00,985.2
2021-02-26,30.9,15.5,0.0,17.9,272,8,13.2,56,23.2,2021-02-26 06:49:00,2021-02-26 18:19:00,983.0
2021-02-27,30.4,19.0,0.0,15.5,285,15,9.9,42,24.1,2021-02-27 06:48:00,2021-02-27 18:19:00,982.6
2021-02-28,29.9,16.9,0.0,15.7,349,16,9.6,49,22.2,2021-02-28 06:47:00,2021-02-28 18:20:00,985.4
2021-03-01,27.5,14.3,0.0,21.4,317,0,7.1,46,20.4,2021-03-01 06:46:00,2021-03-01 18:20:00,989.2
2021-03-02,27.6,14.7,0.0,25.7,300,0,5.9,40,20.7,2021-03-02 06:45:00,2021-03-02 18:21:00,989.4
2021-03-03,29.4,15.1,0.0,18.8,301,0,7.0,39,22.3,2021-03-03 06:43:00,2021-03-03 18:22:00,987.6
2021-03-04,31.4,15.2,0.0,10.6,8,0,9.6,44,23.7,2021-03-04 06:42:00,2021-03-04 18:22:00,987.2
2021-03-05,30.1,15.9,0.0,24.1,308,0,8.6,45,22.6,2021-03-05 06:41:00,2021-03-05 18:23:00,986.8
2021-03-06,30.6,15.3,0.0,17.8,300,0,8.1,43,22.6,2021-03-06 06:40:00,2021-03-06 18:24:00,986.1
2021-03-07,33.2,15.4,0.0,18.0,117,3,9.9,42,24.8,2021-03-07 06:39:00,2021-03-07 18:24:00,984.8
2021-03-08,31.1,19.2,0.0,23.4,103,4,13.3,50,24.7,2021-03-08 06:38:00,2021-03-08 18:25:00,986.2
2021-03-09,32.2,18.5,0.2,11.6,100,24,15.1,59,24.7,2021-03-09 06:37:00,2021-03-09 18:25:00,987.3
2021-03-10,31.0,18.4,0.1,13.4,344,15,15.0,61,23.9,2021-03-10 06:36:00,2021-03-10 18:26:00,987.3
2021-03-11,32.6,16.6,0.0,10.9,57,2,12.1,53,24.8,2021-03-11 06:35:00,2021-03-11 18:27:00,988.3
2021-03-12,30.5,18.0,0.7,17.6,108,58,13.0,54,23.4,2021-03-12 06:34:00,2021-03-12 18:27:00,990.2
2021-03-13,30.3,16.2,0.0,11.8,324,21,14.3,61,23.3,2021-03-13 06:33:00,2021-03-13 18:28:00,991.0
2021-03-14,30.1,16.4,0.0,17.1,307,11,11.4,50,23.2,2021-03-14 06:31:00,2021-03-14 18:28:00,988.1
2021-03-15,31.7,17.6,0.0,17.3,300,20,12.3,51,24.1,2021-03-15 06:30:00,2021-03-15 18:29:00,987.1
2021-03-16,32.3,17.3,0.0,18.8,304,13,11.0,47,24.4,2021-03-16 06:29:00,2021-03-16 18:30:00,987.2
2021-03-17,32.9,17.6,0.0,11.6,318,28,10.4,42,25.1,2021-03-17 06:28:00,2021-03-17 18:30:00,985.9
2021-03-18,33.1,17.5,0.0,17.7,294,74,11.6,47,24.8,2021-03-18 06:27:00,2021-03-18 18:31:00,986.3
2021-03-19,32.3,19.5,0.0,17.9,276,85,13.0,51,24.7,2021-03-19 06:26:00,2021-03-19 18:31:00,985.8
2021-03-20,32.6,17.6,0.0,20.1,300,6,10.5,44,24.9,2021-03-20 06:24:00,2021-03-20 18:32:00,984.4
2021-03-21,33.7,18.0,0.0,21.1,316,10,10.9,42,25.8,2021-03-21 06:23:00,2021-03-21 18:32:00,983.9
2021-03-22,33.3,18.9,0.0,21.9,74,49,12.5,48,25.0,2021-03-22 06:22:00,2021-03-22 18:33:00,987.1
2021-03-23,32.3,20.2,0.5,30.6,112,38,12.6,49,24.7,2021-03-23 06:21:00,2021-03-23 18:34:00,988.4
2021-03-24,31.2,16.9,0.0,17.6,317,11,9.6,44,24.4,2021-03-24 06:20:00,2021-03-24 18:34:00,989.0
2021-03-25,30.6,16.7,0.0,23.3,302,4,8.5,40,23.5,2021-03-25 06:19:00,2021-03-25 18:35:00,988.5
2021-03-26,30.9,16.2,0.0,21.2,297,1,10.4,46,23.6,2021-03-26 06:18:00,2021-03-26 18:35:00,986.8
2021-03-27,32.9,17.8,0.0,12.0,301,0,12.0,45,25.6,2021-03-27 06:16:00,2021-03-27 18:36:00,985.0
2021-03-28,35.4,18.6,0.0,10.4,279,0,12.7,43,27.9,2021-03-28 06:15:00,2021-03-28 18:36:00,982.6
2021-03-29,37.7,21.6,0.0,13.7,126,0,11.0,37,29.3,2021-03-29 06:14:00,2021-03-29 18:37:00,980.0
2021-03-30,36.7,23.3,0.0,35.5,284,0,8.6,30,30.2,2021-03-30 06:13:00,2021-03-30 18:37:00,976.2
2021-03-31,34.2,21.9,0.0,27.9,301,0,2.5,23,27.6,2021-03-31 06:12:00,2021-03-31 18:38:00,977.5
2021-04-01,33.7,19.1,0.0,29.2,300,0,-2.9,16,26.1,2021-04-01 06:11:00,2021-04-01 18:39:00,978.4
2021-04-02,33.2,17.3,0.0,15.5,307,0,-2.8,17,25.3,2021-04-02 06:10:00,2021-04-02 18:39:00,981.6
2021-04-03,33.8,16.9,0.0,13.3,336,1,-1.5,19,25.2,2021-04-03 06:08:00,2021-04-03 18:40:00,984.1
2021-04-04,35.1,17.1,0.0,16.8,309,5,1.8,22,26.6,2021-04-04 06:07:00,2021-04-04 18:40:00,984.9
2021-04-05,38.0,19.5,0.0,18.1,78,68,6.4,26,29.4,2021-04-05 06:06:00,2021-04-05 18:41:00,983.4
2021-04-06,37.7,22.6,0.0,16.5,97,42,9.2,29,30.1,2021-04-06 06:05:00,2021-04-06 18:41:00,981.8
2021-04-07,35.6,21.5,0.0,19.9,321,4,8.5,31,28.7,2021-04-07 06:04:00,2021-04-07 18:42:00,984.4
2021-04-08,34.0,20.5,0.0,15.9,307,0,4.0,25,27.1,2021-04-08 06:03:00,2021-04-08 18:42:00,984.2
2021-04-09,35.3,18.6,0.0,16.7,336,23,1.4,21,26.9,2021-04-09 06:02:00,2021-04-09 18:43:00,985.0
2021-04-10,36.2,19.4,0.0,20.0,314,0,0.8,18,28.2,2021-04-10 06:01:00,2021-04-10 18:44:00,986.5
2021-04-11,37.3,20.2,0.0,15.6,311,4,2.1,20,29.1,2021-04-11 05:59:00,2021-04-11 18:44:00,986.4
2021-04-12,38.0,20.8,0.0,17.2,320,25,3.0,19,29.9,2021-04-12 05:58:00,2021-04-12 18:45:00,987.0
2021-04-13,37.9,22.0,0.0,19.8,296,21,5.0,22,30.3,2021-04-13 05:57:00,2021-04-13 18:45:00,985.4
2021-04-14,38.8,22.0,0.0,27.2,290,44,5.5,22,30.6,2021-04-14 05:56:00,2021-04-14 18:46:00,984.1
2021-04-15,38.8,23.0,0.0,19.6,289,21,3.6,19,31.0,2021-04-15 05:55:00,2021-04-15 18:46:00,983.0
2021-04-16,38.8,22.6,2.6,31.0,257,54,8.5,33,29.4,2021-04-16 05:54:00,2021-04-16 18:47:00,982.4
2021-04-17,34.2,19.7,0.0,17.7,307,16,12.0,44,27.5,2021-04-17 05:53:00,2021-04-17 18:48:00,984.9
2021-04-18,35.3,21.3,0.0,17.2,323,4,7.8,29,28.9,2021-04-18 05:52:00,2021-04-18 18:48:00,986.6
2021-04-19,37.1,21.4,0.0,19.0,312,6,7.9,29,29.5,2021-04-19 05:51:00,2021-04-19 18:49:00,982.7
2021-04-20,33.9,22.4,0.0,29.0,16,64,7.6,29,27.7,2021-04-20 05:50:00,2021-04-20 18:49:00,981.7
2021-04-21,31.9,19.0,0.0,23.0,267,19,11.1,41,26.2,2021-04-21 05:49:00,2021-04-21 18:50:00,983.4
2021-04-22,33.0,19.8,0.0,20.4,73,5,11.5,43,26.5,2021-04-22 05:48:00,2021-04-22 18:50:00,985.9
2021-04-23,34.3,22.5,0.0,24.5,110,33,10.2,35,27.7,2021-04-23 05:47:00,2021-04-23 18:51:00,984.3
2021-04-24,33.6,18.9,0.0,18.6,330,0,7.9,36,26.5,2021-04-24 05:46:00,2021-04-24 18:52:00,985.3
2021-04-25,36.7,21.1,0.0,20.9,317,0,6.6,27,28.7,2021-04-25 05:45:00,2021-04-25 18:52:00,985.1
2021-04-26,38.8,20.9,0.0,13.6,299,0,5.4,24,30.0,2021-04-26 05:44:00,2021-04-26 18:53:00,983.3
2021-04-27,41.0,23.4,0.0,19.2,306,4,6.3,22,32.8,2021-04-27 05:43:00,2021-04-27 18:53:00,982.4
2021-04-28,41.5,24.3,0.0,17.7,298,9,5.4,19,33.8,2021-04-28 05:43:00,2021-04-28 18:54:00,983.0
2021-04-29,40.7,25.5,0.0,23.8,319,20,7.2,21,33.3,2021-04-29 05:42:00,2021-04-29 18:55:00,983.1
2021-04-30,39.7,24.7,0.0,14.8,72,47,10.3,28,32.2,2021-04-30 05:41:00,2021-04-30 18:55:00,982.7
2021-05-01,39.4,24.9,0.0,24.1,139,55,11.2,30,32.2,2021-05-01 05:40:00,2021-05-01 18:56:00,982.6
2021-05-02,38.9,26.1,0.0,21.4,140,56,11.6,30,31.9,2021-05-02 05:39:00,2021-05-02 18:56:00,983.0
2021-05-03,37.0,25.3,0.0,16.9,290,37,11.7,31,31.7,2021-05-03 05:38:00,2021-05-03 18:57:00,981.6
2021-05-04,40.0,26.1,0.0,20.9,112,48,11.5,30,32.8,2021-05-04 05:37:00,2021-05-04 18:58:00,980.3
2021-05-05,38.6,26.1,0.3,23.2,94,21,15.2,39,31.5,2021-05-05 05:37:00,2021-05-05 18:58:00,981.2
2021-05-06,38.7,24.0,6.1,22.0,86,42,17.6,53,29.3,2021-05-06 05:36:00,2021-05-06 18:59:00,983.0
2021-05-07,36.2,21.7,4.1,24.0,68,16,17.4,56,28.3,2021-05-07 05:35:00,2021-05-07 18:59:00,984.9
2021-05-08,37.4,23.6,0.0,11.4,40,37,13.7,39,31.1,2021-05-08 05:34:00,2021-05-08 19:00:00,983.5
2021-05-09,37.9,25.2,0.0,22.3,125,24,14.8,40,31.0,2021-05-09 05:34:00,2021-05-09 19:01:00,981.7
2021-05-10,36.2,25.0,0.4,16.1,111,31,15.3,42,30.5,2021-05-10 05:33:00,2021-05-10 19:01:00,980.1
2021-05-11,38.4,25.1,0.1,28.5,111,22,15.3,41,31.3,2021-05-11 05:32:00,2021-05-11 19:02:00,979.1
2021-05-12,35.4,24.3,0.4,18.7,100,23,16.2,45,29.8,2021-05-12 05:32:00,2021-05-12 19:02:00,977.7
2021-05-13,31.7,22.3,1.5,24.5,91,37,18.1,58,27.3,2021-05-13 05:31:00,2021-05-13 19:03:00,979.0
2021-05-14,36.5,22.7,0.0,14.0,71,22,15.7,47,29.6,2021-05-14 05:31:00,2021-05-14 19:04:00,979.3
2021-05-15,35.7,24.7,0.0,13.8,67,22,15.0,41,30.2,2021-05-15 05:30:00,2021-05-15 19:04:00,980.4
2021-05-16,38.6,23.8,0.0,11.2,52,15,13.6,37,31.6,2021-05-16 05:29:00,2021-05-16 19:05:00,981.5
2021-05-17,37.3,26.6,0.0,18.0,199,89,14.0,35,32.3,2021-05-17 05:29:00,2021-05-17 19:05:00,981.7
2021-05-18,29.9,24.6,1.1,21.2,193,98,16.9,54,27.1,2021-05-18 05:28:00,2021-05-18 19:06:00,981.8
2021-05-19,24.3,20.8,98.7,21.8,64,100,19.4,87,21.7,2021-05-19 05:28:00,2021-05-19 19:07:00,979.4
2021-05-20,29.3,20.4,31.5,21.6,1,50,19.6,77,24.2,2021-05-20 05:27:00,2021-05-20 19:07:00,977.5
2021-05-21,31.6,20.8,2.3,14.4,112,26,21.3,76,26.1,2021-05-21 05:27:00,2021-05-21 19:08:00,980.4
2021-05-22,33.4,23.8,0.0,11.2,171,13,21.1,66,28.5,2021-05-22 05:26:00,2021-05-22 19:08:00,979.9
2021-05-23,33.9,22.8,0.0,17.3,278,21,18.4,56,28.4,2021-05-23 05:26:00,2021-05-23 19:09:00,980.8
2021-05-24,35.2,22.8,0.0,23.2,298,0,13.8,42,28.8,2021-05-24 05:26:00,2021-05-24 19:10:00,981.0
2021-05-25,37.1,24.9,0.0,20.4,321,0,12.6,35,30.1,2021-05-25 05:25:00,2021-05-25 19:10:00,977.7
2021-05-26,37.3,23.4,0.0,11.8,309,0,12.8,36,30.2,2021-05-26 05:25:00,2021-05-26 19:11:00,975.5
2021-05-27,37.7,23.0,0.0,11.8,48,0,16.0,44,30.2,2021-05-27 05:25:00,2021-05-27 19:11:00,975.8
2021-05-28,36.7,24.5,0.0,20.2,137,1,21.1,59,30.4,2021-05-28 05:24:00,2021-05-28 19:12:00,977.2
2021-05-29,37.1,26.2,0.0,21.5,135,2,20.9,55,31.1,2021-05-29 05:24:00,2021-05-29 19:12:00,978.6
2021-05-30,36.0,25.3,0.7,18.8,130,8,22.1,63,30.3,2021-05-30 05:24:00,2021-05-30 19:13:00,978.7
2021-05-31,36.8,26.3,0.1,12.0,140,26,22.0,59,31.6,2021-05-31 05:24:00,2021-05-31 19:13:00,975.9
2021-06-01,34.3,22.5,0.5,19.9,116,26,21.5,66,29.0,2021-06-01 05:23:00,2021-06-01 19:14:00,978.1
2021-06-02,34.8,23.5,5.4,10.7,314,34,21.4,64,29.3,2021-06-02 05:23:00,2021-06-02 19:14:00,980.1
2021-06-03,35.3,25.2,0.0,10.2,68,23,20.8,59,30.3,2021-06-03 05:23:00,2021-06-03 19:15:00,981.0
2021-06-04,36.0,25.2,0.0,10.0,32,26,21.7,62,30.4,2021-06-04 05:23:00,2021-06-04 19:15:00,981.0
2021-06-05,36.3,25.8,0.1,16.3,121,10,21.5,59,30.9,2021-06-05 05:23:00,2021-06-05 19:16:00,979.4
2021-06-06,37.5,25.9,0.0,13.1,276,7,20.0,52,31.9,2021-06-06 05:23:00,2021-06-06 19:16:00,978.8
2021-06-07,39.1,26.7,0.0,17.7,338,9,20.3,50,32.7,2021-06-07 05:23:00,2021-06-07 19:17:00,976.8
2021-06-08,40.9,29.0,0.0,26.2,276,9,18.4,39,35.0,2021-06-08 05:23:00,2021-06-08 19:17:00,974.5
2021-06-09,41.4,31.3,0.0,20.8,272,14,18.9,38,36.0,2021-06-09 05:23:00,2021-06-09 19:18:00,973.1
2021-06-10,38.1,29.8,0.0,22.3,106,17,23.4,58,33.0,2021-06-10 05:22:00,2021-06-10 19:18:00,973.6
2021-06-11,37.3,27.4,0.0,19.1,100,46,22.8,59,32.1,2021-06-11 05:23:00,2021-06-11 19:18:00,973.4
2021-06-12,37.8,28.7,0.0,21.7,114,14,23.0,59,32.4,2021-06-12 05:23:00,2021-06-12 19:19:00,974.4
2021-06-13,36.7,25.5,7.2,17.2,106,20,23.5,67,30.7,2021-06-13 05:23:00,2021-06-13 19:19:00,975.2
2021-06-14,36.5,26.2,0.0,12.5,100,12,22.4,61,31.3,2021-06-14 05:23:00,2021-06-14 19:20:00,973.4
2021-06-15,36.8,26.3,4.2,23.8,237,31,22.4,64,30.6,2021-06-15 05:23:00,2021-06-15 19:20:00,970.7
2021-06-16,35.3,25.6,2.3,13.2,95,34,23.5,72,29.4,2021-06-16 05:23:00,2021-06-16 19:20:00,973.1
2021-06-17,34.9,26.2,0.1,14.3,76,17,23.2,68,30.0,2021-06-17 05:23:00,2021-06-17 19:20:00,975.2
2021-06-18,33.7,25.8,0.7,15.6,93,24,22.9,70,29.3,2021-06-18 05:23:00,2021-06-18 19:21:00,975.9
2021-06-19,33.3,25.1,0.2,17.6,58,24,22.7,72,28.4,2021-06-19 05:23:00,2021-06-19 19:21:00,976.0
2021-06-20,33.3,25.2,1.1,12.7,63,60,23.3,73,28.9,2021-06-20 05:23:00,2021-06-20 19:21:00,976.5
2021-06-21,36.1,25.2,0.1,12.6,38,16,22.5,64,30.7,2021-06-21 05:24:00,2021-06-21 19:21:00,977.3
2021-06-22,39.2,28.4,0.0,17.5,289,33,20.0,48,33.5,2021-06-22 05:24:00,2021-06-22 19:22:00,976.7
2021-06-23,40.2,28.8,0.0,16.9,95,19,19.2,43,34.4,2021-06-23 05:24:00,2021-06-23 19:22:00,976.9
2021-06-24,38.5,28.2,0.0,19.9,123,14,22.7,58,32.5,2021-06-24 05:24:00,2021-06-24 19:22:00,977.0
2021-06-25,39.7,28.4,1.6,16.2,218,30,22.3,59,32.5,2021-06-25 05:25:00,2021-06-25 19:22:00,976.2
2021-06-26,37.8,26.6,0.0,12.2,91,23,21.8,57,32.0,2021-06-26 05:25:00,2021-06-26 19:22:00,977.7
2021-06-27,38.6,28.7,0.0,13.1,114,15,22.3,54,33.4,2021-06-27 05:25:00,2021-06-27 19:22:00,980.2
2021-06-28,39.9,28.6,0.0,10.3,90,9,21.1,49,34.3,2021-06-28 05:26:00,2021-06-28 19:22:00,978.9
2021-06-29,42.3,29.4,0.0,19.9,274,2,18.0,38,36.1,2021-06-29 05:26:00,2021-06-29 19:23:00,975.7
2021-06-30,43.3,30.2,0.0,33.9,274,40,15.8,30,36.9,2021-06-30 05:26:00,2021-06-30 19:23:00,972.9
2021-07-01,41.8,32.2,0.0,26.7,255,47,17.7,33,37.0,2021-07-01 05:27:00,2021-07-01 19:23:00,971.6
2021-07-02,41.2,31.2,0.1,22.4,261,43,20.1,42,35.5,2021-07-02 05:27:00,2021-07-02 19:23:00,972.9
2021-07-03,39.0,29.3,0.0,24.7,255,55,21.1,50,33.3,2021-07-03 05:28:00,2021-07-03 19:23:00,976.1
2021-07-04,40.3,28.6,0.0,12.7,266,34,21.1,48,34.2,2021-07-04 05:28:00,2021-07-04 19:23:00,977.4
2021-07-05,39.4,29.3,0.0,13.0,309,37,20.8,46,34.7,2021-07-05 05:28:00,2021-07-05 19:22:00,977.7
2021-07-06,39.9,29.6,0.0,15.3,292,17,20.9,45,35.2,2021-07-06 05:29:00,2021-07-06 19:22:00,976.3
2021-07-07,41.4,31.4,0.0,21.3,283,26,19.9,40,36.2,2021-07-07 05:29:00,2021-07-07 19:22:00,975.0
2021-07-08,40.3,32.3,0.0,21.2,297,54,19.6,39,36.0,2021-07-08 05:30:00,2021-07-08 19:22:00,975.1
2021-07-09,38.5,28.2,0.2,20.3,96,42,23.3,58,33.2,2021-07-09 05:30:00,2021-07-09 19:22:00,976.3
2021-07-10,38.1,29.7,1.2,15.8,107,32,23.7,58,33.6,2021-07-10 05:31:00,2021-07-10 19:22:00,976.1
2021-07-11,36.4,28.9,2.0,26.0,108,73,24.4,64,32.1,2021-07-11 05:31:00,2021-07-11 19:21:00,977.5
2021-07-12,34.0,28.0,4.9,23.1,112,78,24.0,69,30.5,2021-07-12 05:31:00,2021-07-12 19:21:00,979.3
2021-07-13,34.1,27.3,5.3,15.5,91,79,25.2,76,30.0,2021-07-13 05:32:00,2021-07-13 19:21:00,978.7
2021-07-14,33.5,27.4,9.4,15.6,65,95,25.6,81,29.3,2021-07-14 05:32:00,2021-07-14 19:21:00,978.1
2021-07-15,34.7,27.5,2.5,14.6,80,81,25.6,75,30.7,2021-07-15 05:33:00,2021-07-15 19:20:00,978.5
2021-07-16,34.7,27.5,3.8,13.7,93,52,25.7,74,31.0,2021-07-16 05:34:00,2021-07-16 19:20:00,980.0
2021-07-17,36.8,28.5,0.7,12.7,138,66,25.5,67,32.7,2021-07-17 05:34:00,2021-07-17 19:20:00,977.6
2021-07-18,34.4,27.3,24.9,18.4,197,100,26.3,81,30.2,2021-07-18 05:35:00,2021-07-18 19:19:00,974.7
2021-07-19,27.0,25.8,122.7,12.1,151,100,25.5,96,26.3,2021-07-19 05:35:00,2021-07-19 19:19:00,974.0
2021-07-20,30.6,25.8,27.3,10.9,149,95,25.5,88,27.8,2021-07-20 05:36:00,2021-07-20 19:18:00,974.0
2021-07-21,32.6,25.8,5.3,11.6,80,64,25.8,85,28.8,2021-07-21 05:36:00,2021-07-21 19:18:00,973.1
2021-07-22,30.5,25.7,5.1,13.7,85,81,25.6,87,28.0,2021-07-22 05:37:00,2021-07-22 19:18:00,972.0
2021-07-23,31.6,25.9,5.8,14.2,111,74,26.0,85,28.9,2021-07-23 05:37:00,2021-07-23 19:17:00,973.4
2021-07-24,33.9,26.8,0.7,12.5,112,41,26.5,82,30.2,2021-07-24 05:38:00,2021-07-24 19:17:00,974.5
2021-07-25,34.3,27.4,0.0,12.1,116,36,26.3,78,30.9,2021-07-25 05:38:00,2021-07-25 19:16:00,974.1
2021-07-26,30.7,27.9,4.9,12.5,115,99,26.1,85,29.0,2021-07-26 05:39:00,2021-07-26 19:16:00,973.1
2021-07-27,31.4,26.9,14.1,15.6,264,88,26.1,89,28.2,2021-07-27 05:40:00,2021-07-27 19:15:00,971.2
2021-07-28,29.0,26.1,18.7,14.3,285,100,25.3,90,27.1,2021-07-28 05:40:00,2021-07-28 19:14:00,972.6
2021-07-29,29.8,25.5,8.2,10.7,295,88,25.2,88,27.4,2021-07-29 05:41:00,2021-07-29 19:14:00,973.3
2021-07-30,30.3,25.6,11.0,14.4,91,91,25.3,89,27.3,2021-07-30 05:41:00,2021-07-30 19:13:00,974.2
2021-07-31,31.6,25.3,3.3,15.8,91,64,25.6,87,28.2,2021-07-31 05:42:00,2021-07-31 19:12:00,974.6
2021-08-01,32.1,26.6,0.9,11.9,217,72,25.8,83,29.1,2021-08-01 05:42:00,2021-08-01 19:12:00,973.8
2021-08-02,30.1,25.8,25.7,11.7,79,98,25.6,88,27.7,2021-08-02 05:43:00,2021-08-02 19:11:00,974.7
2021-08-03,31.9,26.2,8.2,17.6,54,65,25.7,85,28.6,2021-08-03 05:43:00,2021-08-03 19:10:00,975.5
2021-08-04,32.2,26.0,0.0,18.7,77,32,24.3,78,28.7,2021-08-04 05:44:00,2021-08-04 19:10:00,976.2
2021-08-05,32.9,25.8,0.3,7.9,83,25,24.9,79,29.1,2021-08-05 05:45:00,2021-08-05 19:09:00,976.1
2021-08-06,33.3,26.2,2.0,7.8,68,67,25.9,81,29.7,2021-08-06 05:45:00,2021-08-06 19:08:00,975.9
2021-08-07,31.7,27.2,8.5,8.0,97,77,26.2,87,28.8,2021-08-07 05:46:00,2021-08-07 19:07:00,977.5
2021-08-08,31.4,26.4,17.1,8.6,105,89,26.1,89,28.3,2021-08-08 05:46:00,2021-08-08 19:06:00,979.0
2021-08-09,30.7,26.2,3.2,8.6,117,96,25.8,87,28.2,2021-08-09 05:47:00,2021-08-09 19:06:00,979.2
2021-08-10,34.5,26.4,0.7,20.3,265,48,25.1,77,29.9,2021-08-10 05:47:00,2021-08-10 19:05:00,977.5
2021-08-11,34.7,27.8,0.0,22.3,261,11,22.9,64,30.5,2021-08-11 05:48:00,2021-08-11 19:04:00,977.7
2021-08-12,34.5,26.7,0.0,19.1,258,20,23.0,66,30.2,2021-08-12 05:49:00,2021-08-12 19:03:00,978.8
2021-08-13,35.1,27.0,0.0,18.9,252,21,23.0,65,30.6,2021-08-13 05:49:00,2021-08-13 19:02:00,977.2
2021-08-14,34.9,27.2,0.0,22.7,259,19,22.8,64,30.6,2021-08-14 05:50:00,2021-08-14 19:01:00,975.2
2021-08-15,34.8,26.8,0.0,16.0,263,13,22.6,64,30.4,2021-08-15 05:50:00,2021-08-15 19:00:00,976.6
2021-08-16,35.1,26.7,0.0,11.8,271,9,23.0,66,30.4,2021-08-16 05:51:00,2021-08-16 18:59:00,979.5
2021-08-17,35.4,26.9,0.0,13.4,318,15,23.6,66,31.2,2021-08-17 05:51:00,2021-08-17 18:58:00,979.3
2021-08-18,35.3,26.6,0.0,11.0,347,25,23.8,66,31.2,2021-08-18 05:52:00,2021-08-18 18:57:00,977.5
2021-08-19,34.2,27.3,0.5,13.4,73,86,25.4,74,30.8,2021-08-19 05:52:00,2021-08-19 18:56:00,976.8
2021-08-20,29.3,26.4,2.0,17.9,101,100,25.3,86,27.8,2021-08-20 05:53:00,2021-08-20 18:55:00,979.2
2021-08-21,29.0,24.9,30.3,16.3,103,95,25.0,91,26.7,2021-08-21 05:53:00,2021-08-21 18:54:00,980.8
2021-08-22,31.1,24.9,9.8,14.5,116,87,25.4,88,27.6,2021-08-22 05:54:00,2021-08-22 18:53:00,980.7
2021-08-23,31.6,25.9,5.9,12.3,189,67,26.0,87,28.5,2021-08-23 05:54:00,2021-08-23 18:52:00,978.5
2021-08-24,32.0,26.5,2.1,9.2,196,99,26.5,87,29.0,2021-08-24 05:55:00,2021-08-24 18:51:00,977.2
2021-08-25,34.3,27.9,0.0,26.6,269,35,23.7,68,30.4,2021-08-25 05:55:00,2021-08-25 18:50:00,975.1
2021-08-26,33.8,27.3,0.0,22.7,265,58,22.8,67,29.7,2021-08-26 05:56:00,2021-08-26 18:49:00,974.4
2021-08-27,34.0,25.8,0.0,16.2,223,94,22.7,67,29.6,2021-08-27 05:56:00,2021-08-27 18:48:00,976.5
2021-08-28,33.4,26.6,0.0,11.3,144,50,24.1,74,29.4,2021-08-28 05:57:00,2021-08-28 18:47:00,977.4
2021-08-29,32.3,25.9,1.3,13.2,112,31,25.6,85,28.6,2021-08-29 05:57:00,2021-08-29 18:46:00,978.2
2021-08-30,30.8,25.2,1.2,13.9,97,39,24.8,86,27.4,2021-08-30 05:58:00,2021-08-30 18:45:00,981.3
2021-08-31,31.0,24.7,5.3,16.4,97,63,24.6,87,27.0,2021-08-31 05:58:00,2021-08-31 18:44:00,983.0
2021-09-01,29.8,24.2,10.7,13.1,73,90,24.6,90,26.4,2021-09-01 05:59:00,2021-09-01 18:42:00,982.6
2021-09-02,31.7,24.6,1.2,8.0,91,74,25.4,87,27.8,2021-09-02 05:59:00,2021-09-02 18:41:00,980.4
2021-09-03,30.9,25.3,11.3,13.8,131,94,25.1,89,27.1,2021-09-03 06:00:00,2021-09-03 18:40:00,979.0
2021-09-04,30.6,24.9,14.7,10.0,155,87,25.1,88,27.3,2021-09-04 06:00:00,2021-09-04 18:39:00,978.7
2021-09-05,31.8,25.4,3.8,9.9,190,33,25.5,86,28.2,2021-09-05 06:01:00,2021-09-05 18:38:00,978.8
2021-09-06,32.2,26.1,4.1,9.7,142,49,26.0,84,29.0,2021-09-06 06:01:00,2021-09-06 18:37:00,980.2
2021-09-07,30.5,25.7,7.6,16.2,85,77,25.8,88,28.0,2021-09-07 06:02:00,2021-09-07 18:36:00,981.7
2021-09-08,30.7,26.1,2.3,24.8,100,52,24.2,80,28.0,2021-09-08 06:02:00,2021-09-08 18:34:00,980.5
2021-09-09,30.9,24.9,4.4,20.3,95,73,24.6,84,27.7,2021-09-09 06:03:00,2021-09-09 18:33:00,979.5
2021-09-10,30.1,24.9,16.6,19.4,95,89,24.6,88,26.8,2021-09-10 06:03:00,2021-09-10 18:32:00,979.5
2021-09-11,28.7,23.9,15.3,25.5,103,99,24.2,91,25.9,2021-09-11 06:04:00,2021-09-11 18:31:00,979.3
2021-09-12,29.2,24.5,6.4,13.3,95,95,24.8,91,26.5,2021-09-12 06:04:00,2021-09-12 18:30:00,977.6
2021-09-13,31.5,25.5,7.8,9.2,67,73,25.4,88,27.6,2021-09-13 06:05:00,2021-09-13 18:29:00,977.8
2021-09-14,31.2,25.7,0.3,16.0,47,52,24.8,84,27.9,2021-09-14 06:05:00,2021-09-14 18:27:00,979.9
2021-09-15,32.2,25.6,0.0,19.2,82,19,23.8,77,28.4,2021-09-15 06:06:00,2021-09-15 18:26:00,981.0
2021-09-16,32.7,25.2,4.1,21.6,34,39,23.4,77,27.9,2021-09-16 06:06:00,2021-09-16 18:25:00,979.2
2021-09-17,29.1,23.5,1.5,26.6,48,45,22.0,75,26.8,2021-09-17 06:07:00,2021-09-17 18:24:00,978.6
2021-09-18,30.8,24.2,0.1,18.1,78,32,23.5,80,27.4,2021-09-18 06:07:00,2021-09-18 18:22:00,980.8
2021-09-19,31.6,25.1,0.3,13.5,111,8,24.3,81,28.1,2021-09-19 06:08:00,2021-09-19 18:21:00,982.5
2021-09-20,32.1,24.9,0.7,14.0,124,11,24.5,81,28.3,2021-09-20 06:08:00,2021-09-20 18:20:00,981.6
2021-09-21,31.2,26.0,1.7,13.4,124,31,24.7,83,28.0,2021-09-21 06:09:00,2021-09-21 18:19:00,980.7
2021-09-22,29.8,24.5,17.3,14.4,116,87,24.6,90,26.4,2021-09-22 06:09:00,2021-09-22 18:18:00,980.6
2021-09-23,29.4,24.5,6.4,14.8,93,71,24.5,88,26.6,2021-09-23 06:10:00,2021-09-23 18:16:00,982.0
2021-09-24,30.7,24.6,2.1,11.7,71,49,24.1,85,27.0,2021-09-24 06:10:00,2021-09-24 18:15:00,982.9
2021-09-25,30.8,24.5,2.1,9.9,63,29,24.4,86,27.2,2021-09-25 06:11:00,2021-09-25 18:14:00,981.7
2021-09-26,30.5,24.1,1.5,14.9,85,35,24.0,85,26.8,2021-09-26 06:11:00,2021-09-26 18:13:00,981.5
2021-09-27,31.9,24.5,0.2,8.2,72,16,24.3,81,28.1,2021-09-27 06:12:00,2021-09-27 18:12:00,981.9
2021-09-28,32.0,25.6,1.7,15.8,88,35,24.6,82,28.1,2021-09-28 06:12:00,2021-09-28 18:11:00,982.6
2021-09-29,31.5,25.2,0.2,16.0,102,10,24.2,80,28.2,2021-09-29 06:13:00,2021-09-29 18:09:00,983.7
2021-09-30,31.5,25.3,0.7,9.0,112,17,24.7,82,28.2,2021-09-30 06:13:00,2021-09-30 18:08:00,985.0
2021-10-01,32.2,25.2,0.2,6.6,226,17,25.0,82,28.6,2021-10-01 06:14:00,2021-10-01 18:07:00,984.5
2021-10-02,33.0,25.6,0.2,12.7,283,13,24.2,77,28.9,2021-10-02 06:14:00,2021-10-02 18:06:00,983.1
2021-10-03,33.4,25.7,0.0,16.8,275,10,23.7,74,29.1,2021-10-03 06:15:00,2021-10-03 18:05:00,981.3
2021-10-04,32.8,25.8,0.1,11.4,249,17,22.7,70,28.9,2021-10-04 06:15:00,2021-10-04 18:04:00,981.1
2021-10-05,32.2,24.6,2.3,8.8,80,23,23.7,77,28.4,2021-10-05 06:16:00,2021-10-05 18:02:00,983.7
2021-10-06,32.4,25.5,0.1,11.0,326,10,23.3,75,28.4,2021-10-06 06:16:00,2021-10-06 18:01:00,983.8
2021-10-07,32.4,23.2,0.0,11.7,299,1,21.2,71,27.3,2021-10-07 06:17:00,2021-10-07 18:00:00,982.5
2021-10-08,33.2,23.3,0.0,12.5,284,0,20.5,66,27.9,2021-10-08 06:18:00,2021-10-08 17:59:00,981.3
2021-10-09,34.1,23.1,0.0,12.6,275,0,19.9,61,28.5,2021-10-09 06:18:00,2021-10-09 17:58:00,981.7
2021-10-10,34.9,22.1,0.0,9.2,245,1,19.8,63,28.3,2021-10-10 06:19:00,2021-10-10 17:57:00,982.0
2021-10-11,34.7,22.2,0.0,10.2,213,1,19.0,61,28.0,2021-10-11 06:19:00,2021-10-11 17:56:00,981.7
2021-10-12,34.5,22.7,0.0,10.8,283,2,18.1,58,27.9,2021-10-12 06:20:00,2021-10-12 17:55:00,982.0
2021-10-13,32.8,21.3,0.0,19.3,309,0,15.4,54,26.4,2021-10-13 06:20:00,2021-10-13 17:53:00,982.8
2021-10-14,32.0,19.6,0.0,17.6,300,0,14.7,54,25.2,2021-10-14 06:21:00,2021-10-14 17:52:00,982.7
2021-10-15,33.1,19.6,0.0,12.1,303,0,15.2,53,25.8,2021-10-15 06:22:00,2021-10-15 17:51:00,980.7
2021-10-16,33.5,20.9,0.0,9.7,38,7,18.6,62,27.0,2021-10-16 06:22:00,2021-10-16 17:50:00,980.9
2021-10-17,31.0,23.0,3.3,18.1,77,83,21.8,77,26.4,2021-10-17 06:23:00,2021-10-17 17:49:00,982.3
2021-10-18,23.7,20.9,27.4,15.2,27,86,21.3,93,22.4,2021-10-18 06:23:00,2021-10-18 17:48:00,980.9
2021-10-19,28.9,19.3,0.0,18.2,301,3,19.8,80,23.8,2021-10-19 06:24:00,2021-10-19 17:47:00,982.8
2021-10-20,30.8,20.0,0.0,14.6,277,0,17.9,70,24.4,2021-10-20 06:25:00,2021-10-20 17:46:00,985.8
2021-10-21,29.6,18.2,0.0,21.8,271,0,14.8,61,23.3,2021-10-21 06:25:00,2021-10-21 17:45:00,985.5
2021-10-22,30.3,20.2,0.0,18.8,267,0,15.7,61,23.9,2021-10-22 06:26:00,2021-10-22 17:45:00,985.8
2021-10-23,29.7,19.5,0.0,11.5,174,4,16.6,65,23.9,2021-10-23 06:27:00,2021-10-23 17:44:00,987.4
2021-10-24,27.3,19.0,0.2,17.3,140,42,16.8,70,22.8,2021-10-24 06:27:00,2021-10-24 17:43:00,989.1
2021-10-25,27.3,17.3,0.0,10.2,340,4,17.6,78,22.0,2021-10-25 06:28:00,2021-10-25 17:42:00,989.6
2021-10-26,26.7,16.8,0.0,13.4,306,0,14.9,71,20.9,2021-10-26 06:29:00,2021-10-26 17:41:00,988.7
2021-10-27,27.3,15.6,0.0,15.2,306,0,13.2,64,20.9,2021-10-27 06:29:00,2021-10-27 17:40:00,990.3
2021-10-28,27.4,15.4,0.0,12.8,304,0,13.2,64,20.6,2021-10-28 06:30:00,2021-10-28 17:39:00,990.4
2021-10-29,28.3,14.8,0.0,9.0,318,0,12.9,63,21.0,2021-10-29 06:31:00,2021-10-29 17:38:00,991.9
2021-10-30,28.4,15.8,0.0,18.2,298,0,11.5,56,21.4,2021-10-30 06:31:00,2021-10-30 17:37:00,991.4
2021-10-31,28.9,16.3,0.0,15.2,274,0,10.9,51,22.2,2021-10-31 06:32:00,2021-10-31 17:37:00,989.1
2021-11-01,28.9,16.2,0.0,12.2,141,0,11.9,54,22.1,2021-11-01 06:33:00,2021-11-01 17:36:00,988.5
2021-11-02,27.8,16.4,0.0,14.7,140,2,14.2,65,21.5,2021-11-02 06:34:00,2021-11-02 17:35:00,990.0
2021-11-03,28.6,15.6,0.0,12.9,173,4,13.5,62,21.7,2021-11-03 06:34:00,2021-11-03 17:34:00,989.8
2021-11-04,27.6,15.2,0.0,9.4,287,4,13.6,64,21.2,2021-11-04 06:35:00,2021-11-04 17:34:00,988.9
2021-11-05,27.4,14.8,0.0,10.1,302,23,12.4,63,20.6,2021-11-05 06:36:00,2021-11-05 17:33:00,988.9
2021-11-06,28.4,14.6,0.0,19.9,289,33,11.2,57,20.9,2021-11-06 06:36:00,2021-11-06 17:32:00,987.2
2021-11-07,28.4,15.6,0.0,13.6,284,5,12.5,60,21.2,2021-11-07 06:37:00,2021-11-07 17:32:00,987.1
2021-11-08,28.7,14.7,0.0,13.1,294,10,12.1,60,21.0,2021-11-08 06:38:00,2021-11-08 17:31:00,988.8
2021-11-09,28.2,15.3,0.0,12.3,298,19,12.2,60,20.9,2021-11-09 06:39:00,2021-11-09 17:30:00,989.6
2021-11-10,28.8,13.8,0.0,12.4,285,41,12.0,61,20.7,2021-11-10 06:40:00,2021-11-10 17:30:00,988.9
2021-11-11,28.3,13.5,0.0,12.0,299,4,11.6,61,20.4,2021-11-11 06:40:00,2021-11-11 17:29:00,988.4
2021-11-12,28.0,14.5,0.0,12.8,305,8,11.3,60,20.2,2021-11-12 06:41:00,2021-11-12 17:29:00,988.7
2021-11-13,27.0,12.6,0.0,12.9,296,0,10.0,58,19.4,2021-11-13 06:42:00,2021-11-13 17:28:00,988.8
2021-11-14,26.3,11.7,0.0,10.3,286,0,8.4,54,18.6,2021-11-14 06:43:00,2021-11-14 17:28:00,987.8
2021-11-15,25.8,12.3,0.0,11.8,298,0,8.1,53,18.5,2021-11-15 06:43:00,2021-11-15 17:27:00,987.1
2021-11-16,25.3,11.3,0.0,11.0,294,0,8.7,57,17.9,2021-11-16 06:44:00,2021-11-16 17:27:00,988.1
2021-11-17,24.7,10.9,0.0,9.7,340,43,10.5,65,17.7,2021-11-17 06:45:00,2021-11-17 17:26:00,990.1
2021-11-18,24.6,12.0,0.0,6.3,338,51,12.0,66,19.1,2021-11-18 06:46:00,2021-11-18 17:26:00,989.0
2021-11-19,24.8,11.8,0.0,8.2,303,41,11.1,64,18.7,2021-11-19 06:47:00,2021-11-19 17:26:00,986.6
2021-11-20,25.1,15.6,0.0,9.1,289,49,10.4,58,19.3,2021-11-20 06:47:00,2021-11-20 17:25:00,986.9
2021-11-21,25.9,13.5,0.0,13.9,302,0,9.8,58,19.0,2021-11-21 06:48:00,2021-11-21 17:25:00,988.4
2021-11-22,26.0,12.9,0.0,21.6,289,0,7.5,51,18.8,2021-11-22 06:49:00,2021-11-22 17:25:00,988.2
2021-11-23,25.6,12.3,0.0,15.6,272,0,8.5,55,18.3,2021-11-23 06:50:00,2021-11-23 17:25:00,987.0
2021-11-24,26.0,11.4,0.0,10.2,118,0,9.5,58,18.6,2021-11-24 06:51:00,2021-11-24 17:24:00,988.4
2021-11-25,25.1,12.0,0.0,8.7,149,0,11.9,70,17.9,2021-11-25 06:51:00,2021-11-25 17:24:00,989.6
2021-11-26,25.2,11.8,0.0,9.3,151,0,12.1,69,18.4,2021-11-26 06:52:00,2021-11-26 17:24:00,989.5
2021-11-27,25.2,13.0,0.0,10.6,122,2,13.2,72,18.8,2021-11-27 06:53:00,2021-11-27 17:24:00,990.6
2021-11-28,25.1,13.6,0.0,9.8,84,5,13.8,74,18.9,2021-11-28 06:54:00,2021-11-28 17:24:00,992.2
2021-11-29,24.9,11.4,0.0,15.0,301,20,10.4,64,18.1,2021-11-29 06:54:00,2021-11-29 17:24:00,992.5
2021-11-30,24.8,12.5,0.0,14.7,294,100,10.7,65,18.0,2021-11-30 06:55:00,2021-11-30 17:24:00,991.7
2021-12-01,21.9,13.5,0.0,8.9,326,100,11.8,73,17.1,2021-12-01 06:56:00,2021-12-01 17:24:00,992.0
2021-12-02,19.7,14.1,3.9,11.3,296,100,13.0,81,16.4,2021-12-02 06:57:00,2021-12-02 17:24:00,992.1
2021-12-03,22.6,12.8,0.0,9.2,292,31,13.4,80,17.2,2021-12-03 06:58:00,2021-12-03 17:24:00,992.2
2021-12-04,24.0,11.7,0.0,9.8,280,0,12.0,73,17.4,2021-12-04 06:58:00,2021-12-04 17:24:00,991.0
2021-12-05,24.3,13.4,0.5,9.1,133,37,13.0,70,19.0,2021-12-05 06:59:00,2021-12-05 17:24:00,991.2
2021-12-06,23.2,14.3,1.6,12.9,332,21,14.1,79,18.2,2021-12-06 07:00:00,2021-12-06 17:24:00,991.5
2021-12-07,22.8,12.6,0.0,16.3,307,0,10.9,71,16.7,2021-12-07 07:01:00,2021-12-07 17:24:00,992.4
2021-12-08,22.1,11.1,0.0,12.2,288,0,9.2,68,15.5,2021-12-08 07:01:00,2021-12-08 17:24:00,992.3
2021-12-09,22.0,9.3,0.0,8.0,294,0,9.1,70,15.1,2021-12-09 07:02:00,2021-12-09 17:24:00,994.5
2021-12-10,22.1,10.0,0.0,11.9,286,0,8.9,68,15.4,2021-12-10 07:03:00,2021-12-10 17:25:00,994.6
2021-12-11,21.7,9.5,0.0,13.6,273,8,7.7,65,14.6,2021-12-11 07:03:00,2021-12-11 17:25:00,993.5
2021-12-12,21.0,8.9,0.0,8.0,249,56,7.7,65,14.5,2021-12-12 07:04:00,2021-12-12 17:25:00,994.0
2021-12-13,19.3,8.2,0.0,7.1,152,61,7.9,66,14.6,2021-12-13 07:05:00,2021-12-13 17:25:00,992.9
2021-12-14,20.7,8.8,0.0,9.4,74,26,9.2,71,14.9,2021-12-14 07:05:00,2021-12-14 17:26:00,992.1
2021-12-15,20.6,9.2,0.0,11.3,339,0,7.3,67,14.0,2021-12-15 07:06:00,2021-12-15 17:26:00,992.4
2021-12-16,18.1,9.9,0.0,16.2,338,43,8.0,70,13.6,2021-12-16 07:06:00,2021-12-16 17:26:00,993.2
2021-12-17,17.9,8.0,0.0,18.3,315,3,3.6,57,12.3,2021-12-17 07:07:00,2021-12-17 17:27:00,995.1
2021-12-18,17.8,6.3,0.0,22.0,297,0,4.1,65,11.2,2021-12-18 07:08:00,2021-12-18 17:27:00,994.9
2021-12-19,17.5,6.1,0.0,17.5,293,5,3.8,63,11.1,2021-12-19 07:08:00,2021-12-19 17:27:00,994.5
2021-12-20,18.1,5.9,0.0,13.3,294,12,5.3,67,11.6,2021-12-20 07:09:00,2021-12-20 17:28:00,993.4
2021-12-21,19.5,5.2,0.0,10.6,307,9,6.5,71,12.1,2021-12-21 07:09:00,2021-12-21 17:28:00,991.9
2021-12-22,20.1,5.9,0.0,10.5,318,43,6.7,67,13.3,2021-12-22 07:10:00,2021-12-22 17:29:00,989.7
2021-12-23,21.1,8.4,0.0,9.9,132,48,8.9,72,14.2,2021-12-23 07:10:00,2021-12-23 17:29:00,989.0
2021-12-24,21.4,9.7,0.0,10.4,126,34,9.7,75,14.5,2021-12-24 07:11:00,2021-12-24 17:30:00,988.9
2021-12-25,21.1,10.6,0.0,10.1,90,28,10.1,72,15.5,2021-12-25 07:11:00,2021-12-25 17:31:00,990.9
2021-12-26,18.4,10.8,4.6,14.0,99,94,11.4,80,15.0,2021-12-26 07:11:00,2021-12-26 17:31:00,992.6
2021-12-27,19.7,10.7,3.2,13.2,50,72,9.5,72,14.9,2021-12-27 07:12:00,2021-12-27 17:32:00,993.9
2021-12-28,19.5,10.5,1.7,8.3,32,82,9.8,78,13.9,2021-12-28 07:12:00,2021-12-28 17:32:00,993.0
2021-12-29,19.1,8.4,0.0,14.8,308,28,7.6,72,13.0,2021-12-29 07:13:00,2021-12-29 17:33:00,993.7
2021-12-30,17.9,5.2,0.0,11.5,333,40,4.1,67,10.7,2021-12-30 07:13:00,2021-12-30 17:34:00,997.6
2021-12-31,17.8,5.0,0.0,10.2,294,40,4.9,71,10.5,2021-12-31 07:13:00,2021-12-31 17:34:00,997.5
2022-01-01,18.1,5.7,0.0,9.7,285,8,6.4,76,10.9,2022-01-01 07:13:00,2022-01-01 17:35:00,996.2
2022-01-02,18.8,6.8,0.0,9.1,295,65,7.6,77,11.9,2022-01-02 07:14:00,2022-01-02 17:36:00,994.9
2022-01-03,20.2,7.4,0.0,10.4,285,29,7.7,75,12.6,2022-01-03 07:14:00,2022-01-03 17:36:00,993.1
2022-01-04,22.0,8.1,0.2,9.3,288,56,8.6,71,14.5,2022-01-04 07:14:00,2022-01-04 17:37:00,992.3
2022-01-05,15.0,11.6,9.6,20.5,124,99,11.0,86,13.3,2022-01-05 07:14:00,2022-01-05 17:38:00,991.1
2022-01-06,18.6,12.0,0.9,20.4,134,78,11.6,83,14.6,2022-01-06 07:14:00,2022-01-06 17:38:00,991.2
2022-01-07,19.9,12.7,1.9,19.7,132,66,13.0,86,15.6,2022-01-07 07:14:00,2022-01-07 17:39:00,990.8
2022-01-08,17.1,14.1,16.2,21.8,123,82,13.8,90,15.4,2022-01-08 07:15:00,2022-01-08 17:40:00,990.2
2022-01-09,17.1,10.4,3.6,14.0,298,72,12.3,89,14.1,2022-01-09 07:15:00,2022-01-09 17:41:00,989.8
2022-01-10,16.9,8.0,0.0,11.8,303,5,8.2,82,11.5,2022-01-10 07:15:00,2022-01-10 17:42:00,992.3
2022-01-11,17.4,7.3,0.0,13.1,301,2,7.7,79,11.5,2022-01-11 07:15:00,2022-01-11 17:42:00,992.4
2022-01-12,17.1,7.6,0.0,10.1,279,41,7.9,80,11.3,2022-01-12 07:15:00,2022-01-12 17:43:00,991.8
2022-01-13,17.4,7.2,0.0,6.4,285,36,7.7,75,12.3,2022-01-13 07:15:00,2022-01-13 17:44:00,992.1
2022-01-14,16.6,6.2,0.0,11.2,323,33,7.3,81,10.7,2022-01-14 07:14:00,2022-01-14 17:45:00,992.7
2022-01-15,16.8,5.8,0.0,9.8,315,25,7.6,87,9.9,2022-01-15 07:14:00,2022-01-15 17:46:00,994.2
2022-01-16,15.8,5.9,0.0,8.6,291,63,7.7,86,10.2,2022-01-16 07:14:00,2022-01-16 17:46:00,995.0
2022-01-17,14.1,4.7,0.0,6.7,293,61,7.3,85,9.7,2022-01-17 07:14:00,2022-01-17 17:47:00,995.6
2022-01-18,16.1,5.4,0.0,11.5,285,50,7.6,88,9.6,2022-01-18 07:14:00,2022-01-18 17:48:00,993.5
2022-01-19,17.7,6.6,0.7,10.1,304,54,9.1,89,11.0,2022-01-19 07:14:00,2022-01-19 17:49:00,990.5
2022-01-20,17.7,9.3,0.9,7.6,129,41,10.6,85,13.1,2022-01-20 07:14:00,2022-01-20 17:50:00,986.6
2022-01-21,18.4,7.2,0.0,11.3,127,45,9.5,85,12.2,2022-01-21 07:13:00,2022-01-21 17:51:00,986.4
2022-01-22,16.1,11.9,22.8,31.8,120,91,10.6,85,13.2,2022-01-22 07:13:00,2022-01-22 17:51:00,982.2
2022-01-23,16.7,9.2,3.5,12.1,159,63,10.4,86,12.7,2022-01-23 07:13:00,2022-01-23 17:52:00,984.6
2022-01-24,16.2,7.1,0.6,12.6,307,11,7.7,83,10.7,2022-01-24 07:12:00,2022-01-24 17:53:00,988.4
2022-01-25,16.4,6.2,0.0,13.6,292,23,6.7,80,10.3,2022-01-25 07:12:00,2022-01-25 17:54:00,989.3
2022-01-26,16.8,6.3,0.0,16.6,290,11,7.3,81,10.7,2022-01-26 07:12:00,2022-01-26 17:55:00,990.3
2022-01-27,17.8,7.0,0.0,21.1,288,0,6.5,73,11.5,2022-01-27 07:11:00,2022-01-27 17:56:00,991.6
2022-01-28,17.9,7.1,0.0,21.3,283,0,6.2,71,11.6,2022-01-28 07:11:00,2022-01-28 17:56:00,991.4
2022-01-29,19.5,6.8,0.0,12.9,283,0,7.3,73,12.4,2022-01-29 07:10:00,2022-01-29 17:57:00,991.4
2022-01-30,20.3,8.9,0.0,20.3,287,0,8.4,72,13.7,2022-01-30 07:10:00,2022-01-30 17:58:00,987.1
2022-01-31,20.9,8.2,0.0,9.8,133,0,10.0,80,13.6,2022-01-31 07:09:00,2022-01-31 17:59:00,986.5
2022-02-01,20.8,8.7,0.0,14.1,299,18,11.1,85,13.9,2022-02-01 07:09:00,2022-02-01 18:00:00,986.1
2022-02-02,20.5,9.0,0.0,20.4,229,13,10.0,78,14.2,2022-02-02 07:08:00,2022-02-02 18:00:00,985.9
2022-02-03,15.1,10.3,16.6,32.2,111,76,10.2,85,12.7,2022-02-03 07:08:00,2022-02-03 18:01:00,982.0
2022-02-04,16.5,8.2,0.2,19.1,305,41,8.6,84,11.5,2022-02-04 07:07:00,2022-02-04 18:02:00,984.5
2022-02-05,16.7,5.7,0.0,10.2,340,28,8.0,83,10.9,2022-02-05 07:06:00,2022-02-05 18:03:00,988.7
2022-02-06,20.5,7.4,0.0,10.0,137,0,8.8,75,13.7,2022-02-06 07:06:00,2022-02-06 18:04:00,990.6
2022-02-07,22.3,8.3,0.0,11.2,152,18,10.9,78,15.2,2022-02-07 07:05:00,2022-02-07 18:05:00,989.7
2022-02-08,22.1,10.7,1.4,9.7,118,16,12.6,81,16.1,2022-02-08 07:04:00,2022-02-08 18:05:00,988.1
2022-02-09,18.6,10.3,3.6,13.9,51,51,11.3,83,14.4,2022-02-09 07:04:00,2022-02-09 18:06:00,989.8
2022-02-10,20.1,8.0,0.0,19.9,296,19,8.7,75,13.8,2022-02-10 07:03:00,2022-02-10 18:07:00,992.2
2022-02-11,20.2,9.9,0.0,23.0,289,0,7.3,65,14.2,2022-02-11 07:02:00,2022-02-11 18:08:00,990.9
2022-02-12,21.1,9.4,0.0,17.7,285,0,8.0,67,14.3,2022-02-12 07:01:00,2022-02-12 18:08:00,989.5
2022-02-13,22.4,8.4,0.0,11.2,289,0,8.8,70,14.7,2022-02-13 07:01:00,2022-02-13 18:09:00,988.2
2022-02-14,23.1,9.2,0.0,10.7,143,0,9.4,70,15.5,2022-02-14 07:00:00,2022-02-14 18:10:00,988.2
2022-02-15,23.2,11.0,0.0,11.3,266,1,9.5,65,16.5,2022-02-15 06:59:00,2022-02-15 18:11:00,988.3
2022-02-16,23.7,10.0,0.0,13.0,305,2,10.0,69,16.2,2022-02-16 06:58:00,2022-02-16 18:11:00,986.3
2022-02-17,24.2,10.6,0.0,13.1,324,4,9.6,64,17.3,2022-02-17 06:57:00,2022-02-17 18:12:00,986.0
2022-02-18,25.0,10.0,0.0,15.5,317,10,8.8,61,17.3,2022-02-18 06:57:00,2022-02-18 18:13:00,987.3
2022-02-19,24.0,10.4,0.0,18.2,303,0,8.2,61,16.6,2022-02-19 06:56:00,2022-02-19 18:14:00,988.6
2022-02-20,23.7,12.5,0.0,24.8,291,0,8.1,57,17.2,2022-02-20 06:55:00,2022-02-20 18:14:00,983.7
2022-02-21,24.5,11.2,0.0,13.3,277,1,7.4,54,17.5,2022-02-21 06:54:00,2022-02-21 18:15:00,983.3
2022-02-22,25.4,12.5,0.0,30.2,122,25,9.1,56,18.6,2022-02-22 06:53:00,2022-02-22 18:16:00,985.1
2022-02-23,23.8,14.2,0.0,27.4,115,34,12.3,68,18.6,2022-02-23 06:52:00,2022-02-23 18:16:00,988.9
2022-02-24,25.0,12.3,0.0,12.7,340,51,12.3,72,18.2,2022-02-24 06:51:00,2022-02-24 18:17:00,990.6
2022-02-25,25.0,12.6,0.0,17.9,98,18,12.0,68,18.6,2022-02-25 06:50:00,2022-02-25 18:18:00,991.1
2022-02-26,23.5,14.3,1.5,25.3,92,22,11.7,69,17.8,2022-02-26 06:49:00,2022-02-26 18:18:00,991.7
2022-02-27,23.4,12.3,0.0,14.2,348,10,9.7,64,17.1,2022-02-27 06:48:00,2022-02-27 18:19:00,993.0
2022-02-28,23.0,10.9,0.0,15.4,304,11,8.5,63,16.4,2022-02-28 06:47:00,2022-02-28 18:20:00,991.5
2022-03-01,24.4,10.7,0.0,10.5,306,5,9.5,65,17.1,2022-03-01 06:46:00,2022-03-01 18:20:00,991.6
2022-03-02,25.6,11.3,0.0,9.6,302,5,10.2,62,18.5,2022-03-02 06:45:00,2022-03-02 18:21:00,991.3
2022-03-03,26.9,13.0,1.6,9.4,12,28,11.8,63,19.5,2022-03-03 06:44:00,2022-03-03 18:22:00,990.2
2022-03-04,25.1,13.3,0.0,16.7,307,7,12.6,70,18.8,2022-03-04 06:43:00,2022-03-04 18:22:00,991.2
2022-03-05,25.7,13.1,0.0,19.2,295,1,11.5,65,18.9,2022-03-05 06:42:00,2022-03-05 18:23:00,989.5
2022-03-06,26.3,13.9,0.0,11.3,270,90,11.8,63,19.6,2022-03-06 06:41:00,2022-03-06 18:24:00,988.5
2022-03-07,28.0,14.2,0.0,10.8,100,49,12.1,60,20.9,2022-03-07 06:40:00,2022-03-07 18:24:00,989.8
2022-03-08,29.6,14.2,0.0,14.3,320,36,11.3,57,21.5,2022-03-08 06:38:00,2022-03-08 18:25:00,989.1
2022-03-09,30.1,15.4,0.0,17.4,303,20,10.7,51,22.1,2022-03-09 06:37:00,2022-03-09 18:25:00,988.1
2022-03-10,29.0,16.4,0.0,19.6,303,29,11.1,51,22.2,2022-03-10 06:36:00,2022-03-10 18:26:00,988.1
2022-03-11,28.9,15.8,0.0,18.9,293,0,12.3,57,22.0,2022-03-11 06:35:00,2022-03-11 18:27:00,988.1
2022-03-12,30.0,15.3,0.0,16.3,293,0,11.7,54,22.2,2022-03-12 06:34:00,2022-03-12 18:27:00,986.8
2022-03-13,31.5,16.9,0.0,16.7,295,0,14.3,59,23.5,2022-03-13 06:33:00,2022-03-13 18:28:00,986.4
2022-03-14,31.9,16.1,0.0,12.9,302,0,16.4,64,24.2,2022-03-14 06:32:00,2022-03-14 18:28:00,986.0
2022-03-15,33.4,18.8,0.0,15.6,292,0,18.0,64,26.1,2022-03-15 06:31:00,2022-03-15 18:29:00,983.5
2022-03-16,34.6,19.9,0.0,24.5,287,25,17.1,58,27.0,2022-03-16 06:29:00,2022-03-16 18:29:00,981.3
2022-03-17,33.2,20.1,0.0,11.6,352,13,18.7,64,26.5,2022-03-17 06:28:00,2022-03-17 18:30:00,982.1
2022-03-18,34.0,21.8,0.0,13.8,131,19,19.7,66,27.3,2022-03-18 06:27:00,2022-03-18 18:31:00,983.2
2022-03-19,34.6,20.4,0.0,9.8,157,5,18.6,60,27.8,2022-03-19 06:26:00,2022-03-19 18:31:00,981.3
2022-03-20,36.1,21.8,0.0,13.4,186,1,14.6,48,28.1,2022-03-20 06:25:00,2022-03-20 18:32:00,979.7
2022-03-21,35.9,20.1,0.0,17.0,316,1,13.1,45,27.8,2022-03-21 06:24:00,2022-03-21 18:32:00,982.1
2022-03-22,34.9,20.7,0.0,25.0,302,0,12.6,43,27.8,2022-03-22 06:22:00,2022-03-22 18:33:00,982.9
2022-03-23,35.3,18.9,0.0,16.3,277,9,11.2,38,27.5,2022-03-23 06:21:00,2022-03-23 18:33:00,982.6
2022-03-24,34.4,20.7,0.0,21.3,277,0,10.6,37,27.4,2022-03-24 06:20:00,2022-03-24 18:34:00,980.9
2022-03-25,34.5,19.4,0.0,21.1,301,0,7.1,31,26.8,2022-03-25 06:19:00,2022-03-25 18:35:00,982.5
2022-03-26,34.7,19.7,0.0,30.5,292,0,7.0,30,27.2,2022-03-26 06:18:00,2022-03-26 18:35:00,984.2
2022-03-27,36.2,20.1,0.0,20.6,286,0,6.5,28,28.0,2022-03-27 06:17:00,2022-03-27 18:36:00,984.0
2022-03-28,37.6,20.2,0.0,18.1,295,0,7.2,28,28.9,2022-03-28 06:16:00,2022-03-28 18:36:00,983.1
2022-03-29,38.4,19.1,0.0,19.2,286,0,6.7,27,29.1,2022-03-29 06:14:00,2022-03-29 18:37:00,981.1
2022-03-30,38.3,20.6,0.0,12.9,313,0,7.9,28,29.4,2022-03-30 06:13:00,2022-03-30 18:37:00,981.2
2022-03-31,38.7,21.3,0.0,15.0,124,0,12.2,38,29.5,2022-03-31 06:12:00,2022-03-31 18:38:00,981.8
2022-04-01,35.9,21.5,0.0,20.4,292,0,5.6,26,28.9,2022-04-01 06:11:00,2022-04-01 18:38:00,982.5
2022-04-02,37.4,19.9,0.0,11.6,268,0,4.8,24,28.9,2022-04-02 06:10:00,2022-04-02 18:39:00,983.8
2022-04-03,38.8,21.9,0.0,14.2,266,0,2.3,19,30.1,2022-04-03 06:09:00,2022-04-03 18:40:00,983.1
2022-04-04,37.9,21.8,0.0,17.3,279,14,2.0,18,29.1,2022-04-04 06:07:00,2022-04-04 18:40:00,982.9
2022-04-05,38.2,20.8,0.0,17.9,295,54,2.6,20,29.4,2022-04-05 06:06:00,2022-04-05 18:41:00,985.8
2022-04-06,38.7,20.9,0.0,19.1,293,29,2.9,19,30.2,2022-04-06 06:05:00,2022-04-06 18:41:00,985.7
2022-04-07,39.3,21.4,0.0,18.3,293,0,2.7,18,31.0,2022-04-07 06:04:00,2022-04-07 18:42:00,984.9
2022-04-08,40.8,23.0,0.0,17.3,296,0,1.8,16,32.1,2022-04-08 06:03:00,2022-04-08 18:42:00,982.4
2022-04-09,41.6,22.4,0.0,18.3,283,5,2.4,16,32.9,2022-04-09 06:02:00,2022-04-09 18:43:00,980.8
2022-04-10,41.0,24.2,0.0,22.7,290,0,2.9,16,33.3,2022-04-10 06:01:00,2022-04-10 18:43:00,980.1
2022-04-11,41.4,24.5,0.0,17.1,271,49,4.3,18,32.9,2022-04-11 06:00:00,2022-04-11 18:44:00,979.4
2022-04-12,39.8,26.0,0.0,17.0,255,94,5.9,20,32.3,2022-04-12 05:59:00,2022-04-12 18:45:00,979.4
2022-04-13,38.9,23.8,0.0,17.5,249,3,5.3,20,32.5,2022-04-13 05:58:00,2022-04-13 18:45:00,979.0
2022-04-14,39.3,25.2,0.0,19.0,291,19,3.8,18,31.8,2022-04-14 05:57:00,2022-04-14 18:46:00,978.6
2022-04-15,38.9,24.0,0.0,19.7,321,10,4.7,20,31.1,2022-04-15 05:55:00,2022-04-15 18:46:00,978.5
2022-04-16,39.5,23.1,0.0,21.4,313,2,3.4,19,31.7,2022-04-16 05:54:00,2022-04-16 18:47:00,978.2
2022-04-17,40.6,24.0,0.0,15.7,190,16,4.2,19,32.0,2022-04-17 05:53:00,2022-04-17 18:47:00,979.1
2022-04-18,41.3,24.1,0.0,15.1,344,2,6.3,21,32.7,2022-04-18 05:52:00,2022-04-18 18:48:00,980.9
2022-04-19,41.8,25.2,0.0,24.0,284,3,4.8,17,34.1,2022-04-19 05:51:00,2022-04-19 18:49:00,982.6
2022-04-20,40.8,27.2,0.0,24.0,291,50,4.8,17,33.9,2022-04-20 05:50:00,2022-04-20 18:49:00,981.4
2022-04-21,36.7,26.3,0.0,26.9,300,70,7.4,23,31.5,2022-04-21 05:49:00,2022-04-21 18:50:00,982.2
2022-04-22,38.3,22.6,0.0,18.5,298,2,8.4,28,30.9,2022-04-22 05:48:00,2022-04-22 18:50:00,983.2
2022-04-23,39.2,23.8,0.0,16.3,312,0,4.4,20,31.6,2022-04-23 05:47:00,2022-04-23 18:51:00,983.2
2022-04-24,39.7,24.3,0.0,29.0,297,6,4.4,19,32.1,2022-04-24 05:46:00,2022-04-24 18:52:00,981.5
2022-04-25,40.5,25.1,0.0,19.6,285,27,5.7,20,33.0,2022-04-25 05:45:00,2022-04-25 18:52:00,980.4
2022-04-26,40.6,25.1,0.0,22.9,301,4,5.5,20,33.0,2022-04-26 05:45:00,2022-04-26 18:53:00,980.7
2022-04-27,41.2,23.9,0.0,19.4,290,0,3.5,17,33.2,2022-04-27 05:44:00,2022-04-27 18:53:00,980.3
2022-04-28,43.0,26.1,0.0,15.6,281,7,4.3,16,34.9,2022-04-28 05:43:00,2022-04-28 18:54:00,980.1
2022-04-29,43.5,27.1,0.0,22.3,288,5,2.9,14,35.8,2022-04-29 05:42:00,2022-04-29 18:54:00,979.7
2022-04-30,43.3,28.3,0.0,20.4,276,4,3.1,14,35.7,2022-04-30 05:41:00,2022-04-30 18:55:00,977.0
2022-05-01,41.4,26.4,0.0,27.5,110,21,12.4,31,33.0,2022-05-01 05:40:00,2022-05-01 18:56:00,976.3
2022-05-02,40.9,26.1,0.0,22.3,110,12,15.3,37,32.6,2022-05-02 05:39:00,2022-05-02 18:56:00,976.7
2022-05-03,39.4,26.8,0.1,22.2,103,19,17.1,42,32.8,2022-05-03 05:38:00,2022-05-03 18:57:00,979.2
2022-05-04,39.2,26.1,0.2,28.0,80,27,17.2,47,31.0,2022-05-04 05:38:00,2022-05-04 18:57:00,981.6
2022-05-05,38.2,23.5,0.0,14.9,334,4,16.2,47,30.6,2022-05-05 05:37:00,2022-05-05 18:58:00,981.6
2022-05-06,39.3,25.7,0.0,14.8,262,7,13.1,33,32.3,2022-05-06 05:36:00,2022-05-06 18:59:00,981.2
2022-05-07,39.9,26.1,0.0,17.8,7,5,11.2,30,32.8,2022-05-07 05:35:00,2022-05-07 18:59:00,980.8
2022-05-08,41.2,25.5,0.0,18.8,141,1,13.4,34,33.0,2022-05-08 05:35:00,2022-05-08 19:00:00,979.2
2022-05-09,40.2,27.4,0.0,19.9,114,5,18.5,44,33.3,2022-05-09 05:34:00,2022-05-09 19:01:00,979.0
2022-05-10,39.7,28.2,0.0,16.8,114,11,19.3,45,33.4,2022-05-10 05:33:00,2022-05-10 19:01:00,979.2
2022-05-11,41.2,27.8,0.0,20.7,104,6,19.1,44,34.1,2022-05-11 05:33:00,2022-05-11 19:02:00,977.5
2022-05-12,42.7,28.7,0.0,23.7,128,3,18.0,41,35.1,2022-05-12 05:32:00,2022-05-12 19:02:00,976.0
2022-05-13,43.7,27.8,0.0,27.0,70,2,17.1,42,35.0,2022-05-13 05:31:00,2022-05-13 19:03:00,973.4
2022-05-14,44.3,27.6,0.0,18.0,278,0,10.1,26,35.9,2022-05-14 05:31:00,2022-05-14 19:04:00,973.6
2022-05-15,45.4,29.6,0.0,24.7,283,24,5.7,15,37.7,2022-05-15 05:30:00,2022-05-15 19:04:00,974.7
2022-05-16,42.0,31.5,0.0,26.1,276,54,9.6,22,36.4,2022-05-16 05:30:00,2022-05-16 19:05:00,975.2
2022-05-17,39.1,28.0,0.4,27.9,71,23,17.1,42,32.9,2022-05-17 05:29:00,2022-05-17 19:05:00,976.3
2022-05-18,42.3,27.6,0.0,13.1,92,14,13.8,32,34.8,2022-05-18 05:28:00,2022-05-18 19:06:00,977.5
2022-05-19,43.5,27.1,0.0,18.3,269,1,12.4,29,35.5,2022-05-19 05:28:00,2022-05-19 19:07:00,977.1
2022-05-20,45.2,28.2,0.0,27.8,255,22,9.8,22,36.8,2022-05-20 05:27:00,2022-05-20 19:07:00,974.2
2022-05-21,40.6,29.4,0.0,23.5,234,45,12.6,28,35.1,2022-05-21 05:27:00,2022-05-21 19:08:00,972.5
2022-05-22,40.0,25.8,0.0,25.8,126,9,13.4,33,33.4,2022-05-22 05:27:00,2022-05-22 19:08:00,971.2
2022-05-23,31.5,22.0,25.5,34.3,113,63,18.5,65,26.2,2022-05-23 05:26:00,2022-05-23 19:09:00,974.4
2022-05-24,33.1,21.5,0.0,21.0,118,26,19.0,64,26.9,2022-05-24 05:26:00,2022-05-24 19:09:00,979.4
2022-05-25,33.3,23.1,0.0,9.5,354,5,19.1,60,28.1,2022-05-25 05:25:00,2022-05-25 19:10:00,980.7
2022-05-26,35.5,23.8,0.0,12.7,46,0,18.5,54,29.6,2022-05-26 05:25:00,2022-05-26 19:11:00,978.7
2022-05-27,38.2,25.7,0.0,20.2,226,14,19.0,49,31.4,2022-05-27 05:25:00,2022-05-27 19:11:00,975.8
2022-05-28,39.7,27.0,1.2,14.4,217,14,20.2,49,32.9,2022-05-28 05:24:00,2022-05-28 19:12:00,973.9
2022-05-29,40.6,26.3,0.0,20.8,243,8,19.7,48,33.0,2022-05-29 05:24:00,2022-05-29 19:12:00,974.2
2022-05-30,40.7,27.6,0.2,32.0,163,5,19.0,47,32.8,2022-05-30 05:24:00,2022-05-30 19:13:00,975.4
2022-05-31,39.7,25.6,0.0,19.1,274,8,16.1,40,32.7,2022-05-31 05:24:00,2022-05-31 19:13:00,975.5
2022-06-01,40.5,25.4,0.0,19.5,275,8,13.7,34,33.6,2022-06-01 05:23:00,2022-06-01 19:14:00,976.3
2022-06-02,41.5,28.4,0.0,22.7,280,9,11.7,27,34.1,2022-06-02 05:23:00,2022-06-02 19:14:00,975.7
2022-06-03,42.5,27.2,0.0,18.0,283,6,8.5,22,34.9,2022-06-03 05:23:00,2022-06-03 19:15:00,975.0
2022-06-04,43.4,26.9,0.0,16.9,263,17,7.5,20,35.5,2022-06-04 05:23:00,2022-06-04 19:15:00,975.2
2022-06-05,42.9,28.8,0.0,20.8,270,14,8.1,19,35.8,2022-06-05 05:23:00,2022-06-05 19:16:00,975.6
2022-06-06,42.4,28.4,0.0,17.4,256,0,6.9,18,35.4,2022-06-06 05:23:00,2022-06-06 19:16:00,974.9
2022-06-07,43.3,29.6,0.0,24.8,273,4,10.0,21,36.4,2022-06-07 05:23:00,2022-06-07 19:17:00,974.3
2022-06-08,42.6,31.8,0.0,26.0,267,3,9.0,19,36.8,2022-06-08 05:23:00,2022-06-08 19:17:00,974.2
2022-06-09,42.9,30.7,0.0,22.0,262,15,11.1,22,36.7,2022-06-09 05:23:00,2022-06-09 19:18:00,973.3
2022-06-10,42.1,30.5,0.0,24.8,268,8,10.5,22,36.9,2022-06-10 05:22:00,2022-06-10 19:18:00,974.1
2022-06-11,43.3,31.2,0.0,26.7,278,5,10.4,20,37.2,2022-06-11 05:22:00,2022-06-11 19:18:00,974.3
2022-06-12,42.7,30.0,0.0,22.0,281,11,11.6,23,36.6,2022-06-12 05:22:00,2022-06-12 19:19:00,975.5
2022-06-13,43.1,31.7,0.0,26.1,274,24,13.7,26,37.3,2022-06-13 05:23:00,2022-06-13 19:19:00,977.1
2022-06-14,38.5,31.0,0.0,28.0,278,60,18.4,39,34.7,2022-06-14 05:23:00,2022-06-14 19:19:00,976.9
2022-06-15,41.9,29.4,0.0,25.6,266,8,18.6,40,35.7,2022-06-15 05:23:00,2022-06-15 19:20:00,975.1
2022-06-16,39.0,30.6,0.7,22.9,249,14,20.1,44,34.2,2022-06-16 05:23:00,2022-06-16 19:20:00,976.0
2022-06-17,36.5,23.8,11.6,15.7,242,21,21.9,64,29.9,2022-06-17 05:23:00,2022-06-17 19:20:00,976.8
2022-06-18,34.5,24.9,0.9,24.6,356,46,22.1,65,29.7,2022-06-18 05:23:00,2022-06-18 19:21:00,977.5
2022-06-19,32.0,23.7,9.9,15.8,255,88,22.9,82,26.6,2022-06-19 05:23:00,2022-06-19 19:21:00,977.2
2022-06-20,32.6,22.7,0.1,10.1,244,45,21.9,73,27.5,2022-06-20 05:23:00,2022-06-20 19:21:00,975.2
2022-06-21,32.1,24.3,9.3,11.2,152,28,22.2,72,27.9,2022-06-21 05:24:00,2022-06-21 19:21:00,974.7
2022-06-22,34.5,24.1,13.0,12.3,8,19,21.8,65,29.5,2022-06-22 05:24:00,2022-06-22 19:22:00,979.0
2022-06-23,36.7,26.3,0.0,21.0,312,15,19.4,52,31.1,2022-06-23 05:24:00,2022-06-23 19:22:00,979.8
2022-06-24,37.4,24.3,0.0,17.6,299,0,16.6,45,30.9,2022-06-24 05:24:00,2022-06-24 19:22:00,977.4
2022-06-25,38.3,24.9,0.0,13.1,39,4,16.2,40,32.5,2022-06-25 05:25:00,2022-06-25 19:22:00,975.1
2022-06-26,39.2,28.6,0.0,20.9,112,30,21.6,51,33.6,2022-06-26 05:25:00,2022-06-26 19:22:00,976.1
2022-06-27,38.7,30.3,0.0,20.2,112,48,23.3,54,34.3,2022-06-27 05:25:00,2022-06-27 19:22:00,976.9
2022-06-28,41.0,28.1,0.9,16.3,107,78,23.5,56,34.2,2022-06-28 05:26:00,2022-06-28 19:23:00,974.3
2022-06-29,41.9,29.3,0.0,23.1,96,91,23.7,58,33.9,2022-06-29 05:26:00,2022-06-29 19:23:00,971.8
2022-06-30,31.3,26.4,1.4,22.4,94,100,24.6,79,28.6,2022-06-30 05:26:00,2022-06-30 19:23:00,974.5
2022-07-01,32.0,24.8,1.0,9.7,82,96,24.4,81,28.1,2022-07-01 05:27:00,2022-07-01 19:23:00,975.1
2022-07-02,35.0,26.1,2.3,14.3,123,58,24.4,74,29.9,2022-07-02 05:27:00,2022-07-02 19:23:00,973.7
2022-07-03,34.4,25.4,4.5,15.1,120,81,25.3,81,29.2,2022-07-03 05:27:00,2022-07-03 19:23:00,974.9
2022-07-04,35.2,25.9,15.5,9.4,111,76,25.5,75,30.7,2022-07-04 05:28:00,2022-07-04 19:23:00,974.4
2022-07-05,36.4,27.0,0.2,15.5,101,82,25.5,70,32.0,2022-07-05 05:28:00,2022-07-05 19:22:00,974.2
2022-07-06,35.8,28.6,4.0,19.8,103,71,25.7,75,30.8,2022-07-06 05:29:00,2022-07-06 19:22:00,977.2
2022-07-07,35.5,27.4,0.5,15.3,90,64,25.1,70,31.5,2022-07-07 05:29:00,2022-07-07 19:22:00,978.8
2022-07-08,36.9,29.0,0.1,15.9,98,33,24.4,63,32.6,2022-07-08 05:30:00,2022-07-08 19:22:00,976.3
2022-07-09,34.1,28.6,1.2,18.2,105,91,24.7,69,31.0,2022-07-09 05:30:00,2022-07-09 19:22:00,974.6
2022-07-10,33.2,27.2,7.5,10.7,80,89,24.9,77,29.5,2022-07-10 05:30:00,2022-07-10 19:22:00,976.1
2022-07-11,35.0,26.9,0.1,8.2,24,22,25.1,71,31.2,2022-07-11 05:31:00,2022-07-11 19:22:00,976.6
2022-07-12,35.0,28.3,2.7,12.6,86,49,25.3,71,31.2,2022-07-12 05:31:00,2022-07-12 19:21:00,975.9
2022-07-13,35.4,27.8,0.2,13.4,79,28,25.6,74,30.9,2022-07-13 05:32:00,2022-07-13 19:21:00,974.0
2022-07-14,34.7,28.1,10.6,17.9,66,60,25.2,77,29.9,2022-07-14 05:32:00,2022-07-14 19:21:00,974.0
2022-07-15,36.4,28.9,2.6,18.5,86,47,24.5,68,31.4,2022-07-15 05:33:00,2022-07-15 19:20:00,975.5
2022-07-16,33.6,27.9,20.5,13.0,103,60,24.7,75,29.6,2022-07-16 05:34:00,2022-07-16 19:20:00,976.6
2022-07-17,34.2,25.7,10.3,16.8,91,67,25.7,80,29.6,2022-07-17 05:34:00,2022-07-17 19:20:00,978.2
2022-07-18,35.5,25.9,3.2,10.2,56,26,25.9,76,30.9,2022-07-18 05:35:00,2022-07-18 19:19:00,977.0
2022-07-19,35.3,27.4,1.7,18.5,85,59,25.9,75,31.0,2022-07-19 05:35:00,2022-07-19 19:19:00,975.9
2022-07-20,33.4,26.6,26.9,16.7,266,99,25.7,83,28.9,2022-07-20 05:36:00,2022-07-20 19:19:00,975.7
2022-07-21,30.7,24.6,16.5,10.4,110,99,24.6,84,27.8,2022-07-21 05:36:00,2022-07-21 19:18:00,978.0
2022-07-22,31.3,25.1,5.0,10.2,77,100,25.1,86,27.8,2022-07-22 05:37:00,2022-07-22 19:18:00,979.3
2022-07-23,30.9,25.0,15.4,21.1,97,100,25.0,85,27.7,2022-07-23 05:37:00,2022-07-23 19:17:00,977.9
2022-07-24,33.3,25.7,7.8,23.0,109,91,25.1,81,28.9,2022-07-24 05:38:00,2022-07-24 19:17:00,977.6
2022-07-25,32.5,25.8,9.9,24.7,111,49,24.4,79,28.7,2022-07-25 05:38:00,2022-07-25 19:16:00,979.8
2022-07-26,31.5,25.3,2.8,18.9,111,57,24.1,79,28.2,2022-07-26 05:39:00,2022-07-26 19:16:00,980.9
2022-07-27,32.1,25.3,4.9,16.6,119,92,24.6,81,28.3,2022-07-27 05:39:00,2022-07-27 19:15:00,980.7
2022-07-28,31.7,25.0,21.8,11.4,179,97,24.9,86,27.6,2022-07-28 05:40:00,2022-07-28 19:15:00,981.6
2022-07-29,30.2,24.7,16.9,14.3,261,99,24.9,87,27.3,2022-07-29 05:41:00,2022-07-29 19:14:00,980.9
2022-07-30,31.3,25.4,4.9,10.7,251,100,24.9,86,27.7,2022-07-30 05:41:00,2022-07-30 19:13:00,979.1
2022-07-31,32.9,25.5,1.0,10.5,229,89,24.4,81,28.4,2022-07-31 05:42:00,2022-07-31 19:13:00,976.7
2022-08-01,31.5,25.2,10.0,12.2,268,74,24.7,84,27.8,2022-08-01 05:42:00,2022-08-01 19:12:00,977.0
2022-08-02,33.4,25.8,0.3,12.9,286,46,24.7,78,29.3,2022-08-02 05:43:00,2022-08-02 19:11:00,976.5
2022-08-03,32.9,26.5,0.6,12.0,265,95,25.2,80,29.1,2022-08-03 05:43:00,2022-08-03 19:10:00,977.9
2022-08-04,31.5,26.4,1.7,14.0,105,98,25.3,85,28.1,2022-08-04 05:44:00,2022-08-04 19:10:00,978.6
2022-08-05,31.0,24.6,5.7,13.2,110,68,24.9,86,27.6,2022-08-05 05:45:00,2022-08-05 19:09:00,977.2
2022-08-06,32.4,25.6,1.9,6.3,140,69,25.3,83,28.7,2022-08-06 05:45:00,2022-08-06 19:08:00,975.2
2022-08-07,30.7,25.2,18.6,13.8,111,99,25.0,85,27.7,2022-08-07 05:46:00,2022-08-07 19:07:00,975.3
2022-08-08,33.3,24.8,0.2,7.9,92,76,25.1,80,29.0,2022-08-08 05:46:00,2022-08-08 19:07:00,975.0
2022-08-09,33.5,27.4,0.4,17.2,87,40,25.6,77,30.3,2022-08-09 05:47:00,2022-08-09 19:06:00,974.8
2022-08-10,34.5,27.6,0.4,18.5,100,44,24.9,72,30.9,2022-08-10 05:47:00,2022-08-10 19:05:00,973.2
2022-08-11,28.7,26.6,3.8,25.5,72,85,24.4,82,27.8,2022-08-11 05:48:00,2022-08-11 19:04:00,975.5
2022-08-12,33.7,25.2,0.2,26.8,89,33,23.6,72,29.3,2022-08-12 05:48:00,2022-08-12 19:03:00,975.3
2022-08-13,33.2,26.3,0.8,20.9,117,21,24.4,75,29.4,2022-08-13 05:49:00,2022-08-13 19:02:00,975.2
2022-08-14,32.7,26.2,5.5,17.3,267,69,25.1,85,27.9,2022-08-14 05:50:00,2022-08-14 19:02:00,977.7
2022-08-15,31.0,25.6,1.6,18.4,71,91,24.4,82,27.9,2022-08-15 05:50:00,2022-08-15 19:01:00,978.9
2022-08-16,30.3,25.4,8.4,32.4,99,75,23.4,79,27.4,2022-08-16 05:51:00,2022-08-16 19:00:00,977.4
2022-08-17,32.0,25.2,0.3,23.2,135,28,23.4,75,28.3,2022-08-17 05:51:00,2022-08-17 18:59:00,978.5
2022-08-18,33.4,25.5,0.8,13.5,230,14,23.5,73,29.2,2022-08-18 05:52:00,2022-08-18 18:58:00,977.7
2022-08-19,34.0,26.6,0.5,18.4,283,48,23.8,71,29.9,2022-08-19 05:52:00,2022-08-19 18:57:00,977.7
2022-08-20,30.6,24.6,6.8,12.4,346,96,24.1,81,27.8,2022-08-20 05:53:00,2022-08-20 18:56:00,978.9
2022-08-21,33.5,25.6,0.3,10.5,302,85,24.5,76,29.4,2022-08-21 05:53:00,2022-08-21 18:55:00,977.1
2022-08-22,32.9,25.8,6.5,16.2,55,99,24.4,77,29.2,2022-08-22 05:54:00,2022-08-22 18:54:00,975.3
2022-08-23,33.1,25.9,1.2,32.7,107,69,23.2,71,29.3,2022-08-23 05:54:00,2022-08-23 18:53:00,976.7
2022-08-24,32.3,25.8,0.7,19.2,126,82,23.5,76,28.3,2022-08-24 05:55:00,2022-08-24 18:52:00,980.8
2022-08-25,33.6,25.1,0.5,7.0,171,51,23.4,73,29.1,2022-08-25 05:55:00,2022-08-25 18:50:00,980.2
2022-08-26,34.8,26.5,0.5,16.0,283,28,22.7,65,30.2,2022-08-26 05:56:00,2022-08-26 18:49:00,979.5
2022-08-27,35.0,27.6,1.2,21.1,285,21,22.0,61,30.6,2022-08-27 05:56:00,2022-08-27 18:48:00,978.7
2022-08-28,35.5,27.5,0.1,21.5,269,47,20.8,55,31.0,2022-08-28 05:57:00,2022-08-28 18:47:00,979.2
2022-08-29,34.8,27.2,0.6,14.1,273,56,21.4,61,30.1,2022-08-29 05:57:00,2022-08-29 18:46:00,982.9
2022-08-30,36.8,26.3,0.0,11.3,208,51,23.2,68,30.5,2022-08-30 05:58:00,2022-08-30 18:45:00,983.4
2022-08-31,36.8,27.7,0.2,19.8,271,57,22.7,61,31.4,2022-08-31 05:58:00,2022-08-31 18:44:00,980.8
2022-09-01,36.8,27.8,0.5,14.5,266,95,22.8,60,31.8,2022-09-01 05:59:00,2022-09-01 18:43:00,980.7
2022-09-02,36.7,27.4,0.0,13.1,263,47,21.9,58,31.9,2022-09-02 05:59:00,2022-09-02 18:42:00,981.9
2022-09-03,37.7,27.5,0.0,22.2,279,11,20.2,52,32.0,2022-09-03 06:00:00,2022-09-03 18:41:00,979.5
2022-09-04,36.9,27.7,0.0,21.0,261,6,20.4,51,32.1,2022-09-04 06:00:00,2022-09-04 18:39:00,978.3
2022-09-05,36.2,27.0,0.0,15.8,261,10,20.3,53,31.4,2022-09-05 06:01:00,2022-09-05 18:38:00,980.1
2022-09-06,37.4,27.1,0.0,11.9,292,12,20.2,52,31.7,2022-09-06 06:01:00,2022-09-06 18:37:00,981.3
2022-09-07,37.3,27.2,0.0,14.6,333,5,20.3,53,32.0,2022-09-07 06:02:00,2022-09-07 18:36:00,983.0
2022-09-08,36.6,26.6,0.0,12.9,50,7,20.7,53,31.8,2022-09-08 06:02:00,2022-09-08 18:35:00,983.7
2022-09-09,35.0,27.7,0.2,12.1,110,13,23.3,63,31.5,2022-09-09 06:03:00,2022-09-09 18:34:00,983.3
2022-09-10,34.3,24.8,3.1,16.2,105,30,23.6,69,30.2,2022-09-10 06:03:00,2022-09-10 18:32:00,982.5
2022-09-11,33.6,24.5,3.7,15.0,89,35,22.8,68,29.7,2022-09-11 06:04:00,2022-09-11 18:31:00,980.5
2022-09-12,35.1,26.9,1.0,16.6,88,25,22.5,64,30.2,2022-09-12 06:04:00,2022-09-12 18:30:00,978.7
2022-09-13,34.3,25.2,1.6,28.8,90,41,22.2,67,29.5,2022-09-13 06:05:00,2022-09-13 18:29:00,979.3
2022-09-14,30.5,25.2,6.1,30.2,75,72,22.9,77,27.5,2022-09-14 06:05:00,2022-09-14 18:28:00,979.9
2022-09-15,30.1,24.2,9.2,23.2,60,84,23.4,86,26.1,2022-09-15 06:06:00,2022-09-15 18:26:00,978.2
2022-09-16,30.9,23.4,13.4,15.1,358,74,22.9,84,26.2,2022-09-16 06:06:00,2022-09-16 18:25:00,975.8
2022-09-17,33.5,23.6,0.8,14.5,271,39,22.9,78,27.4,2022-09-17 06:07:00,2022-09-17 18:24:00,977.8
2022-09-18,33.2,23.3,0.4,12.1,18,16,23.5,79,28.0,2022-09-18 06:07:00,2022-09-18 18:23:00,980.9
2022-09-19,33.5,24.7,0.0,13.0,356,13,23.0,75,28.5,2022-09-19 06:08:00,2022-09-19 18:22:00,981.2
2022-09-20,32.0,23.9,2.4,9.3,88,56,24.0,84,27.2,2022-09-20 06:08:00,2022-09-20 18:20:00,981.1
2022-09-21,31.5,24.5,1.7,10.5,60,68,24.2,84,27.4,2022-09-21 06:09:00,2022-09-21 18:19:00,981.0
2022-09-22,26.8,23.6,33.9,17.7,45,100,23.7,92,25.0,2022-09-22 06:09:00,2022-09-22 18:18:00,980.2
2022-09-23,28.1,23.5,48.2,17.7,79,100,23.6,94,24.7,2022-09-23 06:10:00,2022-09-23 18:17:00,979.4
2022-09-24,27.0,23.4,41.5,22.8,106,100,23.6,94,24.6,2022-09-24 06:10:00,2022-09-24 18:16:00,977.9
2022-09-25,30.8,23.6,0.9,16.0,231,40,23.1,84,26.3,2022-09-25 06:11:00,2022-09-25 18:14:00,980.5
2022-09-26,31.0,22.6,0.1,14.8,314,26,23.4,83,26.7,2022-09-26 06:11:00,2022-09-26 18:13:00,984.0
2022-09-27,31.4,22.6,0.0,13.5,301,7,22.4,79,26.6,2022-09-27 06:12:00,2022-09-27 18:12:00,982.8
2022-09-28,32.1,22.9,0.2,10.5,306,6,22.3,76,27.2,2022-09-28 06:12:00,2022-09-28 18:11:00,981.7
2022-09-29,31.7,22.8,0.0,14.8,307,2,22.3,76,27.1,2022-09-29 06:13:00,2022-09-29 18:10:00,981.7
2022-09-30,31.9,23.0,0.0,14.3,316,5,22.3,76,27.3,2022-09-30 06:13:00,2022-09-30 18:08:00,982.1
2022-10-01,32.6,23.2,0.0,12.0,318,4,22.0,72,28.0,2022-10-01 06:14:00,2022-10-01 18:07:00,981.2
2022-10-02,33.1,22.8,0.0,13.4,296,4,20.6,66,28.0,2022-10-02 06:14:00,2022-10-02 18:06:00,981.6
2022-10-03,33.2,23.1,0.0,22.9,305,0,19.0,61,27.7,2022-10-03 06:15:00,2022-10-03 18:05:00,982.4
2022-10-04,32.7,23.1,0.0,15.1,344,11,20.6,67,27.7,2022-10-04 06:15:00,2022-10-04 18:04:00,983.9
2022-10-05,31.7,22.9,0.1,14.6,87,32,22.4,77,27.1,2022-10-05 06:16:00,2022-10-05 18:03:00,983.6
2022-10-06,30.7,23.1,0.0,13.4,90,37,21.2,75,26.4,2022-10-06 06:16:00,2022-10-06 18:01:00,984.1
2022-10-07,26.2,23.0,1.1,14.8,79,98,21.3,82,24.5,2022-10-07 06:17:00,2022-10-07 18:00:00,985.1
2022-10-08,23.6,21.5,37.2,16.2,84,100,21.6,95,22.5,2022-10-08 06:17:00,2022-10-08 17:59:00,985.7
2022-10-09,25.9,21.0,47.1,18.1,62,99,21.3,93,22.6,2022-10-09 06:18:00,2022-10-09 17:58:00,984.7
2022-10-10,27.7,21.3,1.6,14.9,74,63,21.3,88,23.4,2022-10-10 06:19:00,2022-10-10 17:57:00,985.9
2022-10-11,26.6,20.9,2.7,9.4,200,63,21.1,87,23.4,2022-10-11 06:19:00,2022-10-11 17:56:00,985.4
2022-10-12,28.3,20.0,0.0,10.7,323,27,20.4,83,23.8,2022-10-12 06:20:00,2022-10-12 17:55:00,986.4
2022-10-13,29.0,19.0,0.0,14.1,304,1,18.2,72,23.8,2022-10-13 06:20:00,2022-10-13 17:54:00,987.5
2022-10-14,29.4,19.0,0.0,14.8,304,0,17.2,68,23.7,2022-10-14 06:21:00,2022-10-14 17:53:00,987.3
2022-10-15,29.6,18.7,0.0,12.3,293,0,17.4,69,23.9,2022-10-15 06:22:00,2022-10-15 17:52:00,986.6
2022-10-16,29.9,18.2,0.0,9.9,301,0,17.8,69,24.1,2022-10-16 06:22:00,2022-10-16 17:51:00,988.8
2022-10-17,30.3,18.3,0.0,10.8,265,0,16.4,63,24.2,2022-10-17 06:23:00,2022-10-17 17:50:00,988.9
2022-10-18,30.4,18.3,0.0,10.8,242,0,15.5,60,24.3,2022-10-18 06:23:00,2022-10-18 17:49:00,987.3
2022-10-19,30.1,18.7,0.0,12.1,200,0,16.8,66,23.7,2022-10-19 06:24:00,2022-10-19 17:48:00,987.1
2022-10-20,30.3,18.6,1.1,11.2,174,4,16.0,64,23.5,2022-10-20 06:25:00,2022-10-20 17:47:00,988.6
2022-10-21,29.9,17.2,0.0,9.7,246,0,16.4,65,24.0,2022-10-21 06:25:00,2022-10-21 17:46:00,990.8
2022-10-22,29.0,18.1,0.0,11.8,302,0,15.9,67,22.8,2022-10-22 06:26:00,2022-10-22 17:45:00,991.8
2022-10-23,28.5,16.0,0.0,8.7,305,0,14.1,63,22.0,2022-10-23 06:27:00,2022-10-23 17:44:00,990.7
2022-10-24,29.4,16.6,0.0,13.0,309,0,13.8,61,22.2,2022-10-24 06:27:00,2022-10-24 17:43:00,986.3
2022-10-25,29.2,16.2,0.0,18.7,293,0,12.5,56,22.1,2022-10-25 06:28:00,2022-10-25 17:42:00,984.5
2022-10-26,29.8,16.9,0.0,9.1,269,0,15.0,62,23.1,2022-10-26 06:28:00,2022-10-26 17:41:00,988.1
2022-10-27,30.0,16.9,0.0,9.4,272,0,15.4,61,24.0,2022-10-27 06:29:00,2022-10-27 17:40:00,988.3
2022-10-28,29.9,17.0,0.0,9.6,303,0,15.9,65,23.2,2022-10-28 06:30:00,2022-10-28 17:39:00,988.3
2022-10-29,29.3,17.3,0.0,8.3,284,0,15.2,63,23.4,2022-10-29 06:31:00,2022-10-29 17:38:00,989.2
2022-10-30,29.5,16.7,0.0,11.2,282,0,14.9,63,23.0,2022-10-30 06:31:00,2022-10-30 17:38:00,989.5
2022-10-31,29.2,16.2,0.0,8.4,252,0,15.4,63,23.2,2022-10-31 06:32:00,2022-10-31 17:37:00,989.4
2022-11-01,30.1,17.3,0.0,10.3,177,0,16.6,68,23.4,2022-11-01 06:33:00,2022-11-01 17:36:00,989.5
2022-11-02,29.2,17.7,0.0,13.9,299,0,17.1,70,23.1,2022-11-02 06:33:00,2022-11-02 17:35:00,987.9
2022-11-03,30.4,18.0,0.0,13.9,291,18,16.2,66,23.4,2022-11-03 06:34:00,2022-11-03 17:35:00,987.2
2022-11-04,30.6,20.7,0.0,8.7,78,8,17.5,65,24.8,2022-11-04 06:35:00,2022-11-04 17:34:00,988.6
2022-11-05,29.9,19.5,0.0,13.2,116,12,19.3,77,23.9,2022-11-05 06:36:00,2022-11-05 17:33:00,990.5
2022-11-06,29.3,19.0,0.0,9.4,148,73,19.1,78,23.4,2022-11-06 06:36:00,2022-11-06 17:33:00,990.9
2022-11-07,30.4,18.3,0.6,14.3,16,47,17.3,72,23.4,2022-11-07 06:37:00,2022-11-07 17:32:00,990.0
2022-11-08,28.6,17.7,6.9,25.2,297,61,16.9,75,21.8,2022-11-08 06:38:00,2022-11-08 17:31:00,990.6
2022-11-09,27.0,16.4,0.1,8.2,303,7,15.9,70,22.1,2022-11-09 06:39:00,2022-11-09 17:31:00,990.9
2022-11-10,25.8,17.2,0.0,12.8,319,10,16.0,74,21.1,2022-11-10 06:39:00,2022-11-10 17:30:00,991.9
2022-11-11,26.2,15.5,0.0,18.3,293,0,12.7,64,20.1,2022-11-11 06:40:00,2022-11-11 17:29:00,992.1
2022-11-12,26.2,15.4,0.0,19.7,294,0,11.3,59,20.0,2022-11-12 06:41:00,2022-11-12 17:29:00,991.5
2022-11-13,26.5,14.8,0.0,19.2,284,25,12.3,63,19.9,2022-11-13 06:42:00,2022-11-13 17:28:00,990.0
2022-11-14,27.5,15.1,0.0,15.3,117,27,12.8,62,20.9,2022-11-14 06:42:00,2022-11-14 17:28:00,990.6
2022-11-15,26.5,15.3,0.0,11.8,338,11,13.5,66,20.3,2022-11-15 06:43:00,2022-11-15 17:27:00,990.5
2022-11-16,25.1,15.8,0.0,17.0,310,2,10.8,60,19.4,2022-11-16 06:44:00,2022-11-16 17:27:00,989.6
2022-11-17,24.3,13.4,0.0,21.3,291,0,9.8,61,18.1,2022-11-17 06:45:00,2022-11-17 17:27:00,989.5
2022-11-18,24.2,12.2,0.0,13.1,301,5,8.2,57,17.3,2022-11-18 06:46:00,2022-11-18 17:26:00,990.6
2022-11-19,24.1,11.6,0.0,10.0,315,36,9.1,59,17.7,2022-11-19 06:46:00,2022-11-19 17:26:00,991.2
2022-11-20,25.0,11.6,0.0,13.2,300,36,9.8,62,17.5,2022-11-20 06:47:00,2022-11-20 17:25:00,989.6
2022-11-21,25.4,12.4,0.0,15.6,294,0,9.2,58,18.0,2022-11-21 06:48:00,2022-11-21 17:25:00,988.8
2022-11-22,25.0,12.6,0.0,14.8,289,0,8.4,55,17.9,2022-11-22 06:49:00,2022-11-22 17:25:00,988.8
2022-11-23,24.9,11.7,0.0,18.3,284,0,6.6,50,17.6,2022-11-23 06:50:00,2022-11-23 17:25:00,989.1
2022-11-24,24.9,12.1,0.0,14.6,280,0,7.4,54,17.2,2022-11-24 06:50:00,2022-11-24 17:24:00,989.0
2022-11-25,24.7,11.1,0.0,11.0,306,1,8.2,57,17.3,2022-11-25 06:51:00,2022-11-25 17:24:00,991.2
2022-11-26,24.8,11.6,0.0,15.1,291,11,8.2,57,17.2,2022-11-26 06:52:00,2022-11-26 17:24:00,988.2
2022-11-27,24.6,11.1,0.0,9.7,283,15,9.8,65,16.9,2022-11-27 06:53:00,2022-11-27 17:24:00,986.4
2022-11-28,24.3,10.0,0.0,9.1,289,0,9.6,63,17.4,2022-11-28 06:54:00,2022-11-28 17:24:00,988.0
2022-11-29,24.0,10.3,0.0,9.2,279,36,10.3,68,16.8,2022-11-29 06:54:00,2022-11-29 17:24:00,990.0
2022-11-30,23.8,11.5,0.0,9.4,284,19,11.1,71,16.8,2022-11-30 06:55:00,2022-11-30 17:24:00,991.1
2022-12-01,23.5,11.1,0.0,11.1,278,2,11.3,74,16.5,2022-12-01 06:56:00,2022-12-01 17:24:00,990.0
2022-12-02,23.4,11.0,0.0,8.1,264,44,11.6,74,16.7,2022-12-02 06:57:00,2022-12-02 17:24:00,989.0
2022-12-03,23.7,11.0,0.0,7.6,255,6,11.6,73,17.1,2022-12-03 06:57:00,2022-12-03 17:24:00,989.7
2022-12-04,23.5,11.3,0.0,12.0,279,0,11.2,74,16.5,2022-12-04 06:58:00,2022-12-04 17:24:00,990.3
2022-12-05,22.3,10.4,0.0,8.3,283,0,10.4,74,15.5,2022-12-05 06:59:00,2022-12-05 17:24:00,992.0
2022-12-06,22.6,11.0,0.0,17.6,287,0,9.8,69,16.0,2022-12-06 07:00:00,2022-12-06 17:24:00,990.9
2022-12-07,23.0,11.3,0.0,21.2,286,0,10.0,68,16.3,2022-12-07 07:00:00,2022-12-07 17:24:00,990.0
2022-12-08,22.8,10.9,0.0,15.2,298,0,10.7,73,16.0,2022-12-08 07:01:00,2022-12-08 17:24:00,990.5
2022-12-09,23.5,10.7,0.0,12.6,285,0,11.6,76,16.3,2022-12-09 07:02:00,2022-12-09 17:24:00,989.5
2022-12-10,25.0,10.5,0.0,11.2,308,0,11.2,71,16.9,2022-12-10 07:02:00,2022-12-10 17:24:00,989.7
2022-12-11,25.2,11.5,0.0,12.1,301,0,11.1,69,17.3,2022-12-11 07:03:00,2022-12-11 17:25:00,990.2
2022-12-12,24.6,11.5,0.0,13.2,298,0,9.0,62,16.9,2022-12-12 07:04:00,2022-12-12 17:25:00,989.5
2022-12-13,24.4,11.3,0.0,20.4,297,0,6.7,53,16.8,2022-12-13 07:04:00,2022-12-13 17:25:00,990.8
2022-12-14,22.1,11.2,0.0,19.4,292,0,6.2,55,15.7,2022-12-14 07:05:00,2022-12-14 17:25:00,990.7
2022-12-15,21.6,9.0,0.0,17.1,283,0,5.7,57,14.6,2022-12-15 07:06:00,2022-12-15 17:26:00,989.6
2022-12-16,21.2,8.6,0.0,13.1,269,0,7.4,66,14.0,2022-12-16 07:06:00,2022-12-16 17:26:00,988.6
2022-12-17,21.7,8.3,0.0,11.9,268,0,8.2,69,14.1,2022-12-17 07:07:00,2022-12-17 17:27:00,990.2
2022-12-18,21.5,8.3,0.0,9.6,291,0,9.8,76,14.3,2022-12-18 07:07:00,2022-12-18 17:27:00,990.6
2022-12-19,21.4,8.9,0.0,10.1,297,72,10.3,79,14.1,2022-12-19 07:08:00,2022-12-19 17:27:00,989.3
2022-12-20,20.8,8.6,0.0,10.1,290,33,9.3,77,13.6,2022-12-20 07:09:00,2022-12-20 17:28:00,988.6
2022-12-21,20.5,7.6,0.0,10.0,333,0,9.1,79,13.0,2022-12-21 07:09:00,2022-12-21 17:28:00,989.9
2022-12-22,20.3,8.5,0.0,10.5,326,2,9.0,79,12.9,2022-12-22 07:10:00,2022-12-22 17:29:00,989.6
2022-12-23,18.9,7.7,0.0,10.7,351,46,8.8,82,12.2,2022-12-23 07:10:00,2022-12-23 17:29:00,989.1
2022-12-24,18.9,8.5,0.0,15.0,313,10,7.6,75,12.4,2022-12-24 07:11:00,2022-12-24 17:30:00,990.6
2022-12-25,17.1,6.5,0.0,13.7,293,12,7.5,81,10.9,2022-12-25 07:11:00,2022-12-25 17:30:00,991.4
2022-12-26,18.4,6.3,0.0,10.9,303,1,8.1,83,11.1,2022-12-26 07:11:00,2022-12-26 17:31:00,993.1
2022-12-27,18.8,7.1,0.0,18.4,291,27,8.0,79,11.9,2022-12-27 07:12:00,2022-12-27 17:32:00,992.6
2022-12-28,19.6,7.8,0.0,19.8,282,10,7.8,72,13.1,2022-12-28 07:12:00,2022-12-28 17:32:00,992.2
2022-12-29,20.2,9.4,0.0,12.2,283,34,9.2,74,14.1,2022-12-29 07:12:00,2022-12-29 17:33:00,993.0
2022-12-30,20.7,11.1,0.0,13.9,133,25,10.2,75,14.9,2022-12-30 07:13:00,2022-12-30 17:33:00,993.6
2022-12-31,19.0,9.6,0.0,17.3,289,4,9.7,82,13.1,2022-12-31 07:13:00,2022-12-31 17:34:00,994.1
2023-01-01,18.3,7.9,0.0,8.7,275,27,8.6,79,12.5,2023-01-01 07:13:00,2023-01-01 17:35:00,994.9
2023-01-02,18.2,6.3,0.0,9.2,317,0,8.2,78,12.2,2023-01-02 07:14:00,2023-01-02 17:35:00,995.8
2023-01-03,16.6,6.0,0.0,9.7,316,30,8.0,85,10.6,2023-01-03 07:14:00,2023-01-03 17:36:00,996.7
2023-01-04,16.5,5.4,0.0,11.2,314,17,7.5,87,9.7,2023-01-04 07:14:00,2023-01-04 17:37:00,997.1
2023-01-05,15.4,5.4,0.0,10.2,302,41,7.0,89,8.9,2023-01-05 07:14:00,2023-01-05 17:38:00,998.0
2023-01-06,14.1,4.8,0.0,10.9,310,65,6.2,87,8.3,2023-01-06 07:14:00,2023-01-06 17:38:00,998.6
2023-01-07,15.3,3.8,0.0,13.2,297,42,6.0,87,8.2,2023-01-07 07:14:00,2023-01-07 17:39:00,996.6
2023-01-08,17.1,5.7,0.0,14.2,297,24,8.0,88,10.1,2023-01-08 07:14:00,2023-01-08 17:40:00,993.9
2023-01-09,17.4,5.7,0.0,7.7,299,88,9.1,88,11.1,2023-01-09 07:15:00,2023-01-09 17:41:00,994.7
2023-01-10,18.4,7.5,0.0,14.4,293,51,9.7,89,11.5,2023-01-10 07:15:00,2023-01-10 17:41:00,993.7
2023-01-11,19.7,7.6,0.0,13.7,340,55,9.6,86,12.1,2023-01-11 07:15:00,2023-01-11 17:42:00,989.5
2023-01-12,20.1,9.8,0.1,16.0,123,39,11.1,81,14.5,2023-01-12 07:15:00,2023-01-12 17:43:00,987.5
2023-01-13,18.6,10.6,18.2,16.6,91,34,11.7,87,13.9,2023-01-13 07:15:00,2023-01-13 17:44:00,988.2
2023-01-14,17.0,8.0,0.0,17.1,298,30,7.5,76,12.1,2023-01-14 07:15:00,2023-01-14 17:45:00,991.4
2023-01-15,15.3,5.5,0.0,15.9,293,4,2.8,66,9.4,2023-01-15 07:14:00,2023-01-15 17:45:00,990.3
2023-01-16,15.5,3.7,0.0,13.3,302,1,2.2,64,9.0,2023-01-16 07:14:00,2023-01-16 17:46:00,991.4
2023-01-17,16.4,3.6,0.0,14.4,296,0,2.0,64,9.0,2023-01-17 07:14:00,2023-01-17 17:47:00,991.9
2023-01-18,16.6,3.2,0.0,10.6,293,5,2.4,65,9.2,2023-01-18 07:14:00,2023-01-18 17:48:00,993.6
2023-01-19,18.4,6.4,0.3,15.5,329,62,5.2,64,12.2,2023-01-19 07:14:00,2023-01-19 17:49:00,993.8
2023-01-20,19.7,9.7,0.0,14.9,355,37,8.3,70,14.0,2023-01-20 07:14:00,2023-01-20 17:50:00,992.1
2023-01-21,20.5,7.0,0.0,8.7,324,0,9.3,79,13.2,2023-01-21 07:13:00,2023-01-21 17:50:00,991.5
2023-01-22,21.7,8.1,0.0,10.6,13,21,8.3,71,14.1,2023-01-22 07:13:00,2023-01-22 17:51:00,990.6
2023-01-23,22.8,8.4,0.0,10.0,32,23,8.0,64,15.5,2023-01-23 07:13:00,2023-01-23 17:52:00,990.2
2023-01-24,21.2,13.1,11.3,23.2,136,70,13.6,82,16.9,2023-01-24 07:12:00,2023-01-24 17:53:00,989.1
2023-01-25,21.1,11.9,1.0,11.5,312,50,13.4,83,16.4,2023-01-25 07:12:00,2023-01-25 17:54:00,990.6
2023-01-26,19.0,9.9,0.0,16.4,309,22,10.1,77,14.3,2023-01-26 07:12:00,2023-01-26 17:54:00,993.0
2023-01-27,18.6,7.5,0.0,17.4,296,0,6.0,68,12.1,2023-01-27 07:11:00,2023-01-27 17:55:00,992.9
2023-01-28,20.7,6.5,0.0,15.3,286,4,6.6,69,12.5,2023-01-28 07:11:00,2023-01-28 17:56:00,989.9
2023-01-29,16.4,8.3,4.2,15.2,117,96,10.2,84,12.8,2023-01-29 07:10:00,2023-01-29 17:57:00,989.2
2023-01-30,16.2,10.4,10.2,22.3,103,72,11.0,87,13.2,2023-01-30 07:10:00,2023-01-30 17:58:00,992.5
2023-01-31,20.5,9.7,0.0,20.7,297,33,11.0,84,14.1,2023-01-31 07:09:00,2023-01-31 17:59:00,993.5
2023-02-01,19.9,9.4,0.0,19.7,291,0,9.1,75,13.7,2023-02-01 07:09:00,2023-02-01 18:00:00,992.5
2023-02-02,21.5,9.4,0.0,19.4,293,0,7.9,65,14.7,2023-02-02 07:08:00,2023-02-02 18:00:00,991.1
2023-02-03,22.4,9.6,0.0,16.7,286,0,8.9,69,15.0,2023-02-03 07:08:00,2023-02-03 18:01:00,991.0
2023-02-04,22.7,10.3,0.0,18.7,282,0,9.3,66,15.9,2023-02-04 07:07:00,2023-02-04 18:02:00,988.7
2023-02-05,23.3,11.0,0.0,14.3,278,0,9.5,63,17.0,2023-02-05 07:07:00,2023-02-05 18:03:00,987.5
2023-02-06,25.1,10.4,0.0,11.5,158,8,11.9,70,17.6,2023-02-06 07:06:00,2023-02-06 18:04:00,986.7
2023-02-07,23.4,13.1,0.0,18.2,293,0,10.9,70,17.1,2023-02-07 07:05:00,2023-02-07 18:04:00,986.6
2023-02-08,22.6,10.2,0.0,16.1,290,15,6.5,55,15.7,2023-02-08 07:05:00,2023-02-08 18:05:00,988.8
2023-02-09,25.8,10.0,0.0,15.3,205,17,9.6,63,17.3,2023-02-09 07:04:00,2023-02-09 18:06:00,987.3
2023-02-10,25.5,12.9,0.0,15.9,142,20,12.9,72,18.6,2023-02-10 07:03:00,2023-02-10 18:07:00,986.3
2023-02-11,25.9,13.3,0.0,16.6,309,2,10.5,63,18.9,2023-02-11 07:02:00,2023-02-11 18:07:00,988.5
2023-02-12,21.9,10.6,0.0,23.8,306,0,3.2,47,15.8,2023-02-12 07:02:00,2023-02-12 18:08:00,992.5
2023-02-13,21.0,9.8,0.0,27.9,292,0,-0.5,35,15.0,2023-02-13 07:01:00,2023-02-13 18:09:00,990.8
2023-02-14,23.5,11.0,0.0,19.3,298,5,4.2,44,16.8,2023-02-14 07:00:00,2023-02-14 18:10:00,990.6
2023-02-15,25.7,12.8,0.0,20.9,291,0,8.7,55,18.3,2023-02-15 06:59:00,2023-02-15 18:10:00,988.1
2023-02-16,26.2,11.5,0.0,11.0,311,28,12.4,71,18.3,2023-02-16 06:58:00,2023-02-16 18:11:00,989.6
2023-02-17,26.7,13.3,0.0,9.9,352,51,14.9,77,19.6,2023-02-17 06:58:00,2023-02-17 18:12:00,990.9
2023-02-18,26.4,12.5,0.0,10.5,298,12,14.5,78,19.0,2023-02-18 06:57:00,2023-02-18 18:13:00,990.2
2023-02-19,27.9,14.8,0.0,10.4,29,41,14.8,70,21.0,2023-02-19 06:56:00,2023-02-19 18:13:00,989.2
2023-02-20,30.7,15.3,0.0,12.0,150,66,14.4,65,22.3,2023-02-20 06:55:00,2023-02-20 18:14:00,986.5
2023-02-21,29.1,15.1,0.0,14.2,264,23,12.7,58,21.9,2023-02-21 06:54:00,2023-02-21 18:15:00,985.8
2023-02-22,28.4,13.5,0.0,14.1,324,44,11.9,63,20.5,2023-02-22 06:53:00,2023-02-22 18:15:00,987.7
2023-02-23,27.4,14.0,0.0,18.9,294,0,9.3,53,20.0,2023-02-23 06:52:00,2023-02-23 18:16:00,988.0
2023-02-24,27.9,13.0,0.0,14.5,286,62,8.6,51,19.8,2023-02-24 06:51:00,2023-02-24 18:17:00,989.7
2023-02-25,28.4,13.4,0.0,9.9,292,2,10.6,54,21.0,2023-02-25 06:50:00,2023-02-25 18:18:00,991.4
2023-02-26,29.5,14.4,0.0,13.1,285,4,10.7,51,22.3,2023-02-26 06:49:00,2023-02-26 18:18:00,993.0
2023-02-27,29.8,15.6,0.0,15.0,323,27,11.0,53,22.2,2023-02-27 06:48:00,2023-02-27 18:19:00,992.6
2023-02-28,29.3,14.3,0.0,15.7,343,32,9.8,49,21.6,2023-02-28 06:47:00,2023-02-28 18:20:00,992.6
2023-03-01,29.7,15.7,0.0,17.5,19,38,10.1,50,21.8,2023-03-01 06:46:00,2023-03-01 18:20:00,993.8
2023-03-02,30.0,15.2,0.0,14.8,312,9,11.8,55,22.1,2023-03-02 06:45:00,2023-03-02 18:21:00,993.8
2023-03-03,30.6,16.8,0.0,18.1,297,11,12.7,56,22.6,2023-03-03 06:44:00,2023-03-03 18:21:00,994.2
2023-03-04,29.8,17.5,0.0,17.3,312,36,12.1,54,22.4,2023-03-04 06:43:00,2023-03-04 18:22:00,994.4
2023-03-05,29.6,16.3,0.0,20.8,303,6,11.3,53,22.4,2023-03-05 06:42:00,2023-03-05 18:23:00,993.3
2023-03-06,28.7,15.9,0.0,17.9,302,14,10.0,50,21.7,2023-03-06 06:41:00,2023-03-06 18:23:00,991.1
2023-03-07,28.7,15.8,0.0,13.8,278,54,9.4,48,21.8,2023-03-07 06:40:00,2023-03-07 18:24:00,990.8
2023-03-08,28.2,14.8,0.2,14.5,278,52,10.9,54,21.3,2023-03-08 06:39:00,2023-03-08 18:25:00,991.8
2023-03-09,27.5,15.9,0.5,13.8,255,13,12.7,62,21.0,2023-03-09 06:38:00,2023-03-09 18:25:00,991.9
2023-03-10,29.2,15.5,0.0,15.1,283,0,12.7,58,22.3,2023-03-10 06:36:00,2023-03-10 18:26:00,991.0
2023-03-11,30.0,16.2,0.0,13.0,286,3,11.6,51,23.2,2023-03-11 06:35:00,2023-03-11 18:26:00,990.6
2023-03-12,31.9,17.1,0.0,11.9,307,20,12.0,49,24.3,2023-03-12 06:34:00,2023-03-12 18:27:00,989.9
2023-03-13,32.1,17.5,0.0,15.8,316,59,12.1,49,24.3,2023-03-13 06:33:00,2023-03-13 18:28:00,988.6
2023-03-14,31.6,17.2,0.0,22.2,293,7,11.6,49,24.2,2023-03-14 06:32:00,2023-03-14 18:28:00,985.8
2023-03-15,32.3,17.2,0.0,20.4,326,53,10.5,43,24.8,2023-03-15 06:31:00,2023-03-15 18:29:00,984.9
2023-03-16,31.9,19.0,0.1,23.0,171,96,10.4,42,24.5,2023-03-16 06:30:00,2023-03-16 18:29:00,985.6
2023-03-17,28.5,19.5,1.7,16.7,118,77,13.1,55,22.9,2023-03-17 06:28:00,2023-03-17 18:30:00,987.3
2023-03-18,26.8,16.7,0.3,22.3,62,54,15.2,75,20.4,2023-03-18 06:27:00,2023-03-18 18:30:00,986.4
2023-03-19,25.2,15.2,0.7,12.0,113,83,16.5,83,19.8,2023-03-19 06:26:00,2023-03-19 18:31:00,984.5
2023-03-20,23.7,16.1,24.3,17.5,83,100,16.3,87,18.7,2023-03-20 06:25:00,2023-03-20 18:32:00,983.4
2023-03-21,23.1,14.6,3.2,10.8,56,40,15.2,84,18.3,2023-03-21 06:24:00,2023-03-21 18:32:00,984.4
2023-03-22,26.3,14.0,0.0,10.1,281,42,14.2,75,19.5,2023-03-22 06:23:00,2023-03-22 18:33:00,985.8
2023-03-23,28.0,15.5,0.0,14.7,294,30,13.6,65,21.5,2023-03-23 06:22:00,2023-03-23 18:33:00,984.6
2023-03-24,27.5,17.3,15.8,23.1,125,63,15.2,69,21.6,2023-03-24 06:20:00,2023-03-24 18:34:00,984.6
2023-03-25,26.3,17.4,1.1,19.8,92,24,16.8,78,21.2,2023-03-25 06:19:00,2023-03-25 18:34:00,987.1
2023-03-26,27.6,16.5,0.0,14.0,340,5,13.2,62,21.8,2023-03-26 06:18:00,2023-03-26 18:35:00,986.7
2023-03-27,26.8,15.5,0.0,18.3,294,0,12.7,62,20.8,2023-03-27 06:17:00,2023-03-27 18:36:00,986.0
2023-03-28,28.2,15.2,0.0,17.4,309,40,13.2,61,21.8,2023-03-28 06:16:00,2023-03-28 18:36:00,985.6
2023-03-29,30.8,16.7,0.2,11.8,77,46,13.1,55,23.3,2023-03-29 06:15:00,2023-03-29 18:37:00,986.1
2023-03-30,30.8,17.5,5.7,20.1,348,50,15.4,70,21.8,2023-03-30 06:13:00,2023-03-30 18:37:00,984.5
2023-03-31,24.2,17.0,9.4,17.4,109,82,16.3,83,19.6,2023-03-31 06:12:00,2023-03-31 18:38:00,984.2
2023-04-01,25.7,15.1,0.9,12.6,61,26,16.0,79,20.1,2023-04-01 06:11:00,2023-04-01 18:38:00,984.9
2023-04-02,28.3,15.9,0.0,16.8,308,27,15.6,69,22.2,2023-04-02 06:10:00,2023-04-02 18:39:00,983.9
2023-04-03,31.3,16.4,0.0,14.8,22,9,14.4,61,23.3,2023-04-03 06:09:00,2023-04-03 18:39:00,982.5
2023-04-04,28.0,17.2,0.2,15.6,328,13,13.9,61,22.2,2023-04-04 06:08:00,2023-04-04 18:40:00,984.7
2023-04-05,30.2,16.3,0.0,15.3,311,0,10.5,50,22.9,2023-04-05 06:07:00,2023-04-05 18:41:00,985.4
2023-04-06,31.3,16.7,0.0,16.5,322,7,8.8,41,23.9,2023-04-06 06:05:00,2023-04-06 18:41:00,987.4
2023-04-07,31.3,17.4,0.0,15.9,306,0,7.2,37,24.3,2023-04-07 06:04:00,2023-04-07 18:42:00,989.2
2023-04-08,31.8,17.1,0.0,16.2,287,0,6.2,34,24.4,2023-04-08 06:03:00,2023-04-08 18:42:00,989.8
2023-04-09,33.1,18.0,0.0,16.6,305,0,5.6,30,26.2,2023-04-09 06:02:00,2023-04-09 18:43:00,989.7
2023-04-10,33.3,19.7,0.0,15.5,299,18,6.1,29,26.4,2023-04-10 06:01:00,2023-04-10 18:43:00,987.9
2023-04-11,35.9,19.4,0.0,25.1,297,27,6.1,28,27.7,2023-04-11 06:00:00,2023-04-11 18:44:00,987.2
2023-04-12,36.4,23.1,0.0,24.6,283,44,7.7,27,29.4,2023-04-12 05:59:00,2023-04-12 18:44:00,986.8
2023-04-13,37.2,22.2,0.0,19.6,289,37,7.3,28,29.5,2023-04-13 05:58:00,2023-04-13 18:45:00,985.1
2023-04-14,37.3,21.8,0.0,17.2,287,50,7.4,27,29.5,2023-04-14 05:57:00,2023-04-14 18:46:00,984.3
2023-04-15,39.1,22.0,0.0,14.5,260,1,5.7,23,30.9,2023-04-15 05:56:00,2023-04-15 18:46:00,983.7
2023-04-16,39.2,22.7,0.0,18.3,261,19,7.9,25,31.3,2023-04-16 05:55:00,2023-04-16 18:47:00,982.9
2023-04-17,39.1,24.4,0.0,15.3,288,6,8.4,25,32.5,2023-04-17 05:54:00,2023-04-17 18:47:00,982.7
2023-04-18,39.1,25.5,0.0,23.5,275,19,8.2,23,32.6,2023-04-18 05:53:00,2023-04-18 18:48:00,983.8
2023-04-19,37.3,25.1,0.0,23.1,325,63,12.0,35,29.8,2023-04-19 05:52:00,2023-04-19 18:48:00,981.8
2023-04-20,34.7,23.3,0.0,15.5,251,82,14.0,44,28.1,2023-04-20 05:51:00,2023-04-20 18:49:00,978.7
2023-04-21,35.2,22.4,0.0,15.3,60,25,9.5,34,28.8,2023-04-21 05:50:00,2023-04-21 18:50:00,979.7
2023-04-22,35.1,20.8,0.0,17.2,17,11,5.3,26,28.6,2023-04-22 05:49:00,2023-04-22 18:50:00,980.6
2023-04-23,33.9,20.9,0.0,19.5,20,65,5.3,27,26.9,2023-04-23 05:48:00,2023-04-23 18:51:00,982.3
2023-04-24,31.9,20.0,0.0,17.7,116,47,8.6,35,26.1,2023-04-24 05:47:00,2023-04-24 18:51:00,985.9
2023-04-25,33.2,20.6,0.0,16.8,109,20,10.0,37,27.1,2023-04-25 05:46:00,2023-04-25 18:52:00,987.1
2023-04-26,35.6,22.1,0.0,11.9,120,58,9.4,32,28.9,2023-04-26 05:45:00,2023-04-26 18:53:00,983.9
2023-04-27,35.8,23.6,0.0,18.2,149,79,9.2,30,29.1,2023-04-27 05:44:00,2023-04-27 18:53:00,983.7
2023-04-28,33.5,22.4,0.0,9.6,157,86,10.9,36,27.9,2023-04-28 05:43:00,2023-04-28 18:54:00,984.5
2023-04-29,33.3,21.8,0.6,18.9,279,84,14.3,49,26.5,2023-04-29 05:42:00,2023-04-29 18:54:00,983.5
2023-04-30,30.4,21.2,1.4,20.2,23,88,16.0,61,24.6,2023-04-30 05:41:00,2023-04-30 18:55:00,982.8
2023-05-01,27.8,19.8,5.4,12.8,83,96,18.2,80,22.1,2023-05-01 05:40:00,2023-05-01 18:56:00,983.0
2023-05-02,28.0,19.3,5.4,18.4,98,87,18.8,81,22.5,2023-05-02 05:40:00,2023-05-02 18:56:00,984.5
2023-05-03,28.2,19.9,6.8,14.8,82,61,18.6,81,22.4,2023-05-03 05:39:00,2023-05-03 18:57:00,985.8
2023-05-04,29.7,18.7,0.0,7.8,80,21,18.5,73,24.2,2023-05-04 05:38:00,2023-05-04 18:57:00,985.2
2023-05-05,30.8,20.6,5.4,13.5,250,22,16.6,59,25.9,2023-05-05 05:37:00,2023-05-05 18:58:00,983.6
2023-05-06,35.4,20.7,0.0,21.7,288,12,14.5,48,27.4,2023-05-06 05:36:00,2023-05-06 18:59:00,981.8
2023-05-07,36.1,22.0,0.0,17.4,192,15,12.8,39,28.9,2023-05-07 05:36:00,2023-05-07 18:59:00,980.7
2023-05-08,36.6,21.9,0.0,22.2,125,17,13.2,40,29.2,2023-05-08 05:35:00,2023-05-08 19:00:00,980.2
2023-05-09,37.1,21.4,0.0,21.1,330,0,8.7,34,29.5,2023-05-09 05:34:00,2023-05-09 19:00:00,982.6
2023-05-10,36.5,21.9,0.0,22.9,299,0,4.1,22,29.7,2023-05-10 05:33:00,2023-05-10 19:01:00,982.2
2023-05-11,38.9,22.1,0.0,16.1,281,1,5.0,22,31.0,2023-05-11 05:33:00,2023-05-11 19:02:00,982.7
2023-05-12,41.7,23.1,0.0,16.0,252,11,7.1,22,33.3,2023-05-12 05:32:00,2023-05-12 19:02:00,981.4
2023-05-13,41.5,25.1,0.0,13.7,104,11,9.2,25,33.3,2023-05-13 05:31:00,2023-05-13 19:03:00,980.6
2023-05-14,40.5,26.5,0.0,25.0,25,24,11.0,28,32.5,2023-05-14 05:31:00,2023-05-14 19:03:00,978.1
2023-05-15,40.5,25.2,0.0,14.3,289,4,9.3,25,33.4,2023-05-15 05:30:00,2023-05-15 19:04:00,977.4
2023-05-16,38.6,26.8,0.0,26.2,273,48,11.1,28,32.4,2023-05-16 05:30:00,2023-05-16 19:05:00,979.5
2023-05-17,40.9,26.0,0.0,20.6,255,30,10.0,26,33.2,2023-05-17 05:29:00,2023-05-17 19:05:00,980.9
2023-05-18,38.0,23.9,0.0,21.6,321,26,14.2,38,31.0,2023-05-18 05:29:00,2023-05-18 19:06:00,984.3
2023-05-19,37.9,25.9,0.0,21.6,296,0,13.3,35,31.6,2023-05-19 05:28:00,2023-05-19 19:06:00,982.0
2023-05-20,40.0,24.8,0.0,24.1,286,1,10.7,28,32.8,2023-05-20 05:28:00,2023-05-20 19:07:00,979.9
2023-05-21,42.4,25.4,0.0,23.0,292,19,8.4,22,34.8,2023-05-21 05:27:00,2023-05-21 19:08:00,980.0
2023-05-22,42.1,29.8,0.0,28.0,275,48,9.6,20,36.1,2023-05-22 05:27:00,2023-05-22 19:08:00,980.7
2023-05-23,43.6,30.0,1.0,28.0,273,65,12.9,28,35.3,2023-05-23 05:26:00,2023-05-23 19:09:00,980.8
2023-05-24,37.7,26.3,0.2,18.5,252,91,17.3,47,30.8,2023-05-24 05:26:00,2023-05-24 19:09:00,980.8
2023-05-25,33.9,23.4,0.2,19.5,266,47,18.7,58,28.2,2023-05-25 05:25:00,2023-05-25 19:10:00,980.8
2023-05-26,34.5,22.7,0.0,9.4,124,32,17.6,55,28.5,2023-05-26 05:25:00,2023-05-26 19:10:00,981.6
2023-05-27,33.8,21.0,19.2,36.1,89,51,18.8,64,27.1,2023-05-27 05:25:00,2023-05-27 19:11:00,981.4
2023-05-28,33.8,24.0,0.3,18.1,122,61,20.1,66,27.4,2023-05-28 05:25:00,2023-05-28 19:12:00,982.1
2023-05-29,34.1,22.5,1.2,20.0,86,73,20.9,70,27.1,2023-05-29 05:24:00,2023-05-29 19:12:00,983.8
2023-05-30,34.1,22.7,0.1,17.4,346,33,19.6,65,27.3,2023-05-30 05:24:00,2023-05-30 19:13:00,983.8
2023-05-31,30.9,21.6,2.9,24.8,272,32,19.5,74,24.9,2023-05-31 05:24:00,2023-05-31 19:13:00,982.8
2023-06-01,33.6,19.9,0.4,16.4,327,28,18.4,65,26.4,2023-06-01 05:23:00,2023-06-01 19:14:00,982.3
2023-06-02,33.0,22.0,1.3,17.8,327,26,17.5,57,27.5,2023-06-02 05:23:00,2023-06-02 19:14:00,981.6
2023-06-03,34.9,22.7,0.0,11.7,318,24,17.6,52,29.2,2023-06-03 05:23:00,2023-06-03 19:15:00,981.5
2023-06-04,36.2,23.9,1.6,13.5,283,40,19.4,58,29.3,2023-06-04 05:23:00,2023-06-04 19:15:00,981.2
2023-06-05,37.1,25.1,0.1,26.8,291,17,18.1,52,30.4,2023-06-05 05:23:00,2023-06-05 19:16:00,979.9
2023-06-06,38.8,24.1,0.0,19.0,292,14,16.0,43,31.4,2023-06-06 05:23:00,2023-06-06 19:16:00,979.5
2023-06-07,38.4,25.0,0.0,20.5,301,3,14.4,37,32.1,2023-06-07 05:23:00,2023-06-07 19:17:00,979.5
2023-06-08,39.3,25.1,0.0,21.6,317,7,14.3,35,32.7,2023-06-08 05:22:00,2023-06-08 19:17:00,978.9
2023-06-09,40.8,26.0,0.0,21.9,276,11,15.6,34,34.2,2023-06-09 05:22:00,2023-06-09 19:17:00,975.9
2023-06-10,40.4,26.5,0.0,21.4,274,16,17.6,38,34.4,2023-06-10 05:22:00,2023-06-10 19:18:00,974.9
2023-06-11,39.2,28.2,0.0,21.9,286,4,19.7,45,33.8,2023-06-11 05:22:00,2023-06-11 19:18:00,975.0
2023-06-12,41.0,29.0,0.0,26.9,290,5,20.1,44,34.9,2023-06-12 05:22:00,2023-06-12 19:19:00,974.6
2023-06-13,41.9,30.2,0.0,30.6,284,6,17.1,35,36.2,2023-06-13 05:23:00,2023-06-13 19:19:00,974.4
2023-06-14,40.5,30.7,0.0,30.0,285,12,18.0,36,35.6,2023-06-14 05:23:00,2023-06-14 19:19:00,975.4
2023-06-15,37.4,30.3,0.4,30.8,288,10,20.1,47,33.2,2023-06-15 05:23:00,2023-06-15 19:20:00,976.8
2023-06-16,38.7,27.4,1.2,28.1,277,30,20.6,51,32.2,2023-06-16 05:23:00,2023-06-16 19:20:00,976.8
2023-06-17,39.3,26.3,0.3,15.2,243,62,21.5,54,32.9,2023-06-17 05:23:00,2023-06-17 19:20:00,976.7
2023-06-18,38.7,28.4,4.0,17.7,157,62,22.9,60,32.1,2023-06-18 05:23:00,2023-06-18 19:21:00,976.6
2023-06-19,32.3,27.4,6.6,12.9,34,88,23.7,71,29.6,2023-06-19 05:23:00,2023-06-19 19:21:00,975.4
2023-06-20,36.5,26.1,16.6,20.6,38,41,23.4,67,30.6,2023-06-20 05:23:00,2023-06-20 19:21:00,975.3
2023-06-21,35.6,25.7,20.3,18.0,220,65,24.7,77,29.3,2023-06-21 05:24:00,2023-06-21 19:21:00,976.4
2023-06-22,36.1,27.1,2.7,17.2,192,76,25.5,72,31.4,2023-06-22 05:24:00,2023-06-22 19:22:00,976.3
2023-06-23,35.4,26.1,6.1,18.4,139,90,26.0,76,30.8,2023-06-23 05:24:00,2023-06-23 19:22:00,976.3
2023-06-24,34.5,27.7,10.7,17.7,91,94,25.7,75,30.9,2023-06-24 05:24:00,2023-06-24 19:22:00,975.6
2023-06-25,32.3,25.8,13.6,15.2,81,100,25.4,86,28.0,2023-06-25 05:25:00,2023-06-25 19:22:00,976.7
2023-06-26,32.8,25.1,5.8,7.6,88,93,24.7,84,28.0,2023-06-26 05:25:00,2023-06-26 19:22:00,977.4
2023-06-27,33.6,25.2,8.1,17.7,97,79,25.1,82,28.7,2023-06-27 05:25:00,2023-06-27 19:22:00,976.7
2023-06-28,34.0,26.0,12.2,13.5,100,43,25.3,81,29.1,2023-06-28 05:25:00,2023-06-28 19:22:00,977.9
2023-06-29,32.4,25.8,11.7,16.9,79,70,25.1,83,28.5,2023-06-29 05:26:00,2023-06-29 19:22:00,977.0
2023-06-30,33.9,25.3,12.7,13.4,71,74,24.9,81,28.8,2023-06-30 05:26:00,2023-06-30 19:23:00,975.7
2023-07-01,33.7,24.6,1.9,23.2,64,29,24.6,78,29.1,2023-07-01 05:26:00,2023-07-01 19:23:00,976.3
2023-07-02,35.3,25.9,0.9,10.5,39,36,24.8,73,30.5,2023-07-02 05:27:00,2023-07-02 19:23:00,977.0
2023-07-03,36.6,27.1,4.5,20.7,111,23,25.0,72,31.1,2023-07-03 05:27:00,2023-07-03 19:23:00,976.5
2023-07-04,36.7,26.1,2.5,16.6,117,16,25.1,74,30.7,2023-07-04 05:28:00,2023-07-04 19:22:00,974.9
2023-07-05,33.6,24.4,13.0,16.3,83,65,25.2,81,29.1,2023-07-05 05:28:00,2023-07-05 19:22:00,975.2
2023-07-06,33.1,25.3,4.8,14.7,99,71,24.3,77,29.0,2023-07-06 05:29:00,2023-07-06 19:22:00,977.0
2023-07-07,33.3,24.9,10.0,15.8,99,98,25.1,83,28.5,2023-07-07 05:29:00,2023-07-07 19:22:00,977.7
2023-07-08,29.6,26.1,34.4,21.9,110,100,25.6,91,27.2,2023-07-08 05:29:00,2023-07-08 19:22:00,977.7
2023-07-09,30.8,25.1,29.7,16.5,115,100,25.4,91,27.0,2023-07-09 05:30:00,2023-07-09 19:22:00,977.0
2023-07-10,31.0,25.8,34.1,13.0,93,98,25.7,90,27.6,2023-07-10 05:30:00,2023-07-10 19:22:00,977.0
2023-07-11,33.3,25.2,2.9,11.6,49,82,25.4,84,28.5,2023-07-11 05:31:00,2023-07-11 19:22:00,976.9
2023-07-12,33.5,25.7,9.6,15.0,92,80,25.8,86,28.5,2023-07-12 05:31:00,2023-07-12 19:21:00,976.6
2023-07-13,33.2,26.0,5.2,14.7,103,64,25.6,82,29.1,2023-07-13 05:32:00,2023-07-13 19:21:00,976.8
2023-07-14,33.8,25.7,21.1,14.4,152,96,25.0,83,28.5,2023-07-14 05:32:00,2023-07-14 19:21:00,977.7
2023-07-15,33.3,26.0,17.7,20.7,179,94,25.9,86,28.6,2023-07-15 05:33:00,2023-07-15 19:21:00,977.3
2023-07-16,32.9,25.2,21.9,12.9,101,90,25.7,85,28.6,2023-07-16 05:33:00,2023-07-16 19:20:00,977.3
2023-07-17,33.3,26.3,11.8,10.1,172,87,26.1,85,29.0,2023-07-17 05:34:00,2023-07-17 19:20:00,976.4
2023-07-18,31.7,25.4,13.4,15.5,119,97,25.6,86,28.2,2023-07-18 05:34:00,2023-07-18 19:20:00,976.3
2023-07-19,33.0,26.3,9.3,13.0,121,71,26.0,86,28.9,2023-07-19 05:35:00,2023-07-19 19:19:00,976.2
2023-07-20,35.2,26.9,23.7,16.8,30,38,25.9,81,29.8,2023-07-20 05:35:00,2023-07-20 19:19:00,976.1
2023-07-21,35.6,26.5,4.2,15.5,114,70,25.9,76,30.9,2023-07-21 05:36:00,2023-07-21 19:18:00,977.5
2023-07-22,34.3,27.2,6.0,19.9,91,84,25.8,76,30.7,2023-07-22 05:37:00,2023-07-22 19:18:00,979.9
2023-07-23,34.2,28.3,0.6,21.9,97,90,25.5,73,30.9,2023-07-23 05:37:00,2023-07-23 19:17:00,979.9
2023-07-24,34.1,27.4,7.8,15.5,94,44,25.9,80,29.9,2023-07-24 05:38:00,2023-07-24 19:17:00,977.9
2023-07-25,34.1,25.6,11.8,14.9,128,100,25.7,82,29.3,2023-07-25 05:38:00,2023-07-25 19:16:00,978.1
2023-07-26,29.7,25.6,18.3,14.3,112,100,25.3,91,27.0,2023-07-26 05:39:00,2023-07-26 19:16:00,979.9
2023-07-27,31.7,26.3,11.0,8.9,128,99,26.2,88,28.5,2023-07-27 05:39:00,2023-07-27 19:15:00,978.8
2023-07-28,32.9,26.3,27.0,10.2,258,98,25.7,87,28.2,2023-07-28 05:40:00,2023-07-28 19:15:00,976.7
2023-07-29,31.4,24.7,11.2,13.5,242,82,24.8,84,27.8,2023-07-29 05:40:00,2023-07-29 19:14:00,975.9
2023-07-30,33.1,25.0,2.3,14.0,284,30,24.9,80,29.0,2023-07-30 05:41:00,2023-07-30 19:13:00,975.4
2023-07-31,33.6,25.1,0.8,18.6,280,29,25.1,78,29.6,2023-07-31 05:42:00,2023-07-31 19:13:00,975.0
2023-08-01,34.6,26.9,0.2,18.7,272,12,25.2,75,30.3,2023-08-01 05:42:00,2023-08-01 19:12:00,974.0
2023-08-02,35.1,27.3,1.4,17.8,284,69,25.8,78,30.2,2023-08-02 05:43:00,2023-08-02 19:11:00,974.5
2023-08-03,34.1,26.5,9.6,18.0,286,89,25.7,82,29.4,2023-08-03 05:43:00,2023-08-03 19:11:00,974.9
2023-08-04,31.7,26.0,11.5,9.4,15,100,26.2,88,28.4,2023-08-04 05:44:00,2023-08-04 19:10:00,977.0
2023-08-05,33.7,26.3,4.8,12.9,268,98,26.1,83,29.4,2023-08-05 05:44:00,2023-08-05 19:09:00,978.2
2023-08-06,34.8,26.0,1.9,19.8,272,80,24.7,74,30.0,2023-08-06 05:45:00,2023-08-06 19:08:00,975.6
2023-08-07,34.2,27.2,0.1,22.0,266,24,23.4,68,30.0,2023-08-07 05:46:00,2023-08-07 19:08:00,973.4
2023-08-08,34.4,26.9,0.0,24.5,264,100,23.4,67,30.3,2023-08-08 05:46:00,2023-08-08 19:07:00,974.7
2023-08-09,34.5,27.4,0.0,20.2,268,90,23.2,65,30.7,2023-08-09 05:47:00,2023-08-09 19:06:00,978.2
2023-08-10,34.0,27.3,1.7,17.5,255,90,23.6,70,29.9,2023-08-10 05:47:00,2023-08-10 19:05:00,979.7
2023-08-11,34.6,27.2,1.6,15.7,263,67,23.5,67,30.6,2023-08-11 05:48:00,2023-08-11 19:04:00,979.5
2023-08-12,35.3,28.2,0.0,20.7,258,72,21.3,56,31.3,2023-08-12 05:48:00,2023-08-12 19:03:00,977.5
2023-08-13,35.6,27.6,0.7,18.8,245,89,22.5,61,31.0,2023-08-13 05:49:00,2023-08-13 19:03:00,975.7
2023-08-14,33.5,26.8,0.0,13.2,161,89,22.7,67,29.7,2023-08-14 05:49:00,2023-08-14 19:02:00,979.3
2023-08-15,34.7,25.8,0.1,9.7,23,44,24.3,74,29.8,2023-08-15 05:50:00,2023-08-15 19:01:00,979.9
2023-08-16,36.0,25.6,0.1,16.8,285,21,23.6,67,30.9,2023-08-16 05:50:00,2023-08-16 19:00:00,979.3
2023-08-17,36.0,27.8,0.0,20.3,279,45,22.3,58,31.9,2023-08-17 05:51:00,2023-08-17 18:59:00,978.8
2023-08-18,36.1,28.3,0.1,15.1,300,73,22.8,60,31.7,2023-08-18 05:52:00,2023-08-18 18:58:00,978.9
2023-08-19,34.1,26.2,7.4,19.1,105,48,25.2,75,30.3,2023-08-19 05:52:00,2023-08-19 18:57:00,979.4
2023-08-20,35.8,27.8,0.1,18.0,106,48,24.9,69,31.8,2023-08-20 05:53:00,2023-08-20 18:56:00,979.7
2023-08-21,36.3,28.0,0.8,14.7,124,57,25.4,70,32.0,2023-08-21 05:53:00,2023-08-21 18:55:00,978.6
2023-08-22,35.4,27.4,12.6,18.0,153,100,26.3,79,30.4,2023-08-22 05:54:00,2023-08-22 18:54:00,976.7
2023-08-23,29.9,25.6,15.5,20.9,176,100,25.8,90,27.7,2023-08-23 05:54:00,2023-08-23 18:53:00,976.2
2023-08-24,33.3,24.8,0.0,17.0,260,87,23.3,73,29.0,2023-08-24 05:55:00,2023-08-24 18:52:00,975.4
2023-08-25,33.9,25.7,0.0,16.7,263,39,22.1,63,30.0,2023-08-25 05:55:00,2023-08-25 18:51:00,975.5
2023-08-26,34.3,27.3,0.0,18.9,268,32,21.6,60,30.4,2023-08-26 05:56:00,2023-08-26 18:50:00,977.3
2023-08-27,34.8,27.1,0.1,23.2,267,16,20.4,56,30.4,2023-08-27 05:56:00,2023-08-27 18:49:00,977.3
2023-08-28,34.8,26.3,2.2,22.5,263,17,21.5,63,29.4,2023-08-28 05:57:00,2023-08-28 18:48:00,977.3
2023-08-29,35.0,25.8,0.0,19.3,280,9,21.1,59,30.4,2023-08-29 05:57:00,2023-08-29 18:46:00,979.4
2023-08-30,36.4,26.6,0.0,15.5,286,8,20.9,57,30.9,2023-08-30 05:58:00,2023-08-30 18:45:00,980.9
2023-08-31,36.4,25.7,0.0,14.4,295,6,21.6,59,31.1,2023-08-31 05:58:00,2023-08-31 18:44:00,981.6
2023-09-01,37.3,26.7,0.0,19.3,285,4,20.9,54,31.9,2023-09-01 05:59:00,2023-09-01 18:43:00,981.3
2023-09-02,37.2,27.3,0.0,23.4,285,1,20.0,51,31.8,2023-09-02 05:59:00,2023-09-02 18:42:00,980.1
2023-09-03,36.7,26.3,0.0,22.0,286,0,19.7,53,31.3,2023-09-03 06:00:00,2023-09-03 18:41:00,979.1
2023-09-04,37.3,25.6,0.0,18.6,306,0,19.5,52,31.3,2023-09-04 06:00:00,2023-09-04 18:40:00,978.6
2023-09-05,36.2,26.5,6.1,12.5,63,14,23.5,67,30.7,2023-09-05 06:01:00,2023-09-05 18:38:00,979.6
2023-09-06,36.2,24.3,1.7,21.4,111,8,22.6,64,30.9,2023-09-06 06:01:00,2023-09-06 18:37:00,980.7
2023-09-07,38.4,27.0,0.0,9.6,167,13,22.2,60,31.9,2023-09-07 06:02:00,2023-09-07 18:36:00,980.0
2023-09-08,36.6,25.5,1.3,20.3,111,32,23.2,68,30.3,2023-09-08 06:02:00,2023-09-08 18:35:00,980.2
2023-09-09,32.4,25.4,2.5,25.4,73,71,23.8,80,27.8,2023-09-09 06:03:00,2023-09-09 18:34:00,979.5
2023-09-10,30.0,24.2,35.3,17.6,64,74,24.0,89,26.1,2023-09-10 06:03:00,2023-09-10 18:33:00,977.5
2023-09-11,32.1,23.9,1.0,19.8,70,26,23.7,81,27.5,2023-09-11 06:04:00,2023-09-11 18:31:00,977.9
2023-09-12,33.4,24.4,0.0,9.6,105,14,24.2,79,28.7,2023-09-12 06:04:00,2023-09-12 18:30:00,978.3
2023-09-13,33.7,26.4,7.4,16.3,123,69,25.5,79,29.7,2023-09-13 06:05:00,2023-09-13 18:29:00,978.5
2023-09-14,34.1,26.7,5.5,15.3,99,98,25.5,82,29.2,2023-09-14 06:05:00,2023-09-14 18:28:00,979.8
2023-09-15,32.0,25.5,5.7,14.6,52,97,25.7,87,28.1,2023-09-15 06:06:00,2023-09-15 18:27:00,980.9
2023-09-16,31.5,26.4,7.8,23.9,79,77,25.3,84,28.3,2023-09-16 06:06:00,2023-09-16 18:26:00,980.0
2023-09-17,31.7,25.2,6.5,22.5,90,94,24.7,87,27.1,2023-09-17 06:07:00,2023-09-17 18:24:00,978.4
2023-09-18,31.7,24.7,2.1,23.1,125,27,23.7,79,27.9,2023-09-18 06:07:00,2023-09-18 18:23:00,979.3
2023-09-19,33.1,24.6,0.2,11.5,126,20,23.9,77,28.6,2023-09-19 06:08:00,2023-09-19 18:22:00,981.7
2023-09-20,33.1,25.5,0.9,9.2,37,21,24.5,76,29.4,2023-09-20 06:08:00,2023-09-20 18:21:00,982.1
2023-09-21,33.5,26.0,2.6,22.0,244,35,25.1,81,28.9,2023-09-21 06:09:00,2023-09-21 18:20:00,981.4
2023-09-22,33.3,25.3,0.3,10.5,36,32,24.9,78,29.4,2023-09-22 06:09:00,2023-09-22 18:18:00,981.5
2023-09-23,32.8,25.6,1.4,13.7,105,28,25.1,82,28.6,2023-09-23 06:09:00,2023-09-23 18:17:00,982.2
2023-09-24,32.8,25.3,0.9,14.8,306,24,23.8,80,27.9,2023-09-24 06:10:00,2023-09-24 18:16:00,981.9
2023-09-25,32.9,24.6,0.2,9.4,13,13,23.6,76,28.6,2023-09-25 06:10:00,2023-09-25 18:15:00,982.2
2023-09-26,32.9,24.9,0.2,9.4,7,8,23.0,73,28.8,2023-09-26 06:11:00,2023-09-26 18:13:00,983.2
2023-09-27,33.3,23.3,0.0,14.0,321,0,20.2,65,27.8,2023-09-27 06:11:00,2023-09-27 18:12:00,983.0
2023-09-28,33.1,20.6,0.0,12.9,320,5,18.2,62,26.6,2023-09-28 06:12:00,2023-09-28 18:11:00,982.5
2023-09-29,33.2,20.4,0.0,9.7,316,10,18.2,61,26.8,2023-09-29 06:12:00,2023-09-29 18:10:00,982.4
2023-09-30,34.8,22.8,0.0,17.6,332,8,17.8,57,27.9,2023-09-30 06:13:00,2023-09-30 18:09:00,982.3
2023-10-01,34.6,21.3,0.0,19.5,332,21,15.9,54,27.4,2023-10-01 06:14:00,2023-10-01 18:07:00,981.8
2023-10-02,33.8,20.2,0.0,19.9,334,0,12.0,43,26.7,2023-10-02 06:14:00,2023-10-02 18:06:00,982.7
2023-10-03,33.9,20.0,0.0,23.4,305,0,11.2,40,26.4,2023-10-03 06:15:00,2023-10-03 18:05:00,983.3
2023-10-04,33.9,18.9,0.0,21.1,314,0,15.2,53,26.3,2023-10-04 06:15:00,2023-10-04 18:04:00,983.5
2023-10-05,34.3,19.9,0.0,16.4,302,0,14.7,52,26.4,2023-10-05 06:16:00,2023-10-05 18:03:00,982.8
2023-10-06,35.3,19.9,0.0,13.7,290,0,15.5,51,27.3,2023-10-06 06:16:00,2023-10-06 18:02:00,981.7
2023-10-07,35.0,21.6,0.0,14.4,300,0,19.4,60,28.3,2023-10-07 06:17:00,2023-10-07 18:01:00,982.9
2023-10-08,35.3,24.1,0.0,14.9,281,1,20.0,58,29.7,2023-10-08 06:17:00,2023-10-08 18:00:00,983.6
2023-10-09,35.2,24.6,0.0,16.7,262,2,18.5,54,29.3,2023-10-09 06:18:00,2023-10-09 17:58:00,984.4
2023-10-10,33.5,24.4,2.5,13.1,291,5,18.0,55,28.4,2023-10-10 06:18:00,2023-10-10 17:57:00,985.3
2023-10-11,33.7,21.2,0.0,15.5,306,0,16.1,57,26.5,2023-10-11 06:19:00,2023-10-11 17:56:00,986.2
2023-10-12,33.2,18.9,0.0,14.3,309,0,15.0,54,25.8,2023-10-12 06:20:00,2023-10-12 17:55:00,987.5
2023-10-13,34.7,20.3,0.0,13.4,313,1,16.7,55,27.5,2023-10-13 06:20:00,2023-10-13 17:54:00,988.1
2023-10-14,35.0,21.6,0.0,16.1,317,6,16.2,52,28.2,2023-10-14 06:21:00,2023-10-14 17:53:00,987.3
2023-10-15,33.7,22.3,0.1,15.6,329,26,16.9,55,27.3,2023-10-15 06:21:00,2023-10-15 17:52:00,985.4
2023-10-16,29.0,19.8,9.9,27.6,81,76,17.1,65,24.3,2023-10-16 06:22:00,2023-10-16 17:51:00,986.9
2023-10-17,28.7,18.2,3.3,13.5,63,43,16.6,72,22.3,2023-10-17 06:23:00,2023-10-17 17:50:00,990.2
2023-10-18,29.0,17.1,0.0,14.7,309,0,14.9,65,22.6,2023-10-18 06:23:00,2023-10-18 17:49:00,990.6
2023-10-19,28.6,17.0,0.0,13.2,302,0,14.1,63,21.9,2023-10-19 06:24:00,2023-10-19 17:48:00,990.3
2023-10-20,29.1,17.0,0.0,9.9,316,0,14.7,65,22.4,2023-10-20 06:24:00,2023-10-20 17:47:00,990.6
2023-10-21,29.7,16.7,0.0,9.8,321,2,14.5,63,22.8,2023-10-21 06:25:00,2023-10-21 17:46:00,991.0
2023-10-22,30.4,17.1,0.0,10.8,5,14,14.6,61,23.3,2023-10-22 06:26:00,2023-10-22 17:45:00,991.4
2023-10-23,29.7,17.6,0.0,11.4,318,1,15.3,64,23.2,2023-10-23 06:26:00,2023-10-23 17:44:00,990.0
2023-10-24,30.5,17.7,0.0,11.0,307,2,14.3,60,23.4,2023-10-24 06:27:00,2023-10-24 17:43:00,989.2
2023-10-25,30.6,17.1,0.0,14.6,306,1,13.9,59,23.2,2023-10-25 06:28:00,2023-10-25 17:42:00,990.0
2023-10-26,30.5,16.9,0.0,13.0,294,0,13.1,58,22.9,2023-10-26 06:28:00,2023-10-26 17:41:00,989.6
2023-10-27,30.4,16.6,0.0,11.9,296,13,11.5,51,22.9,2023-10-27 06:29:00,2023-10-27 17:40:00,988.8
2023-10-28,30.0,18.6,0.0,10.0,323,65,12.2,48,24.4,2023-10-28 06:30:00,2023-10-28 17:40:00,989.1
2023-10-29,31.4,17.8,0.0,9.3,85,23,14.1,56,24.0,2023-10-29 06:30:00,2023-10-29 17:39:00,989.1
2023-10-30,31.7,17.6,0.0,10.7,69,9,16.4,67,23.9,2023-10-30 06:31:00,2023-10-30 17:38:00,989.7
2023-10-31,31.1,18.5,0.0,8.9,88,29,17.2,69,24.1,2023-10-31 06:32:00,2023-10-31 17:37:00,991.1
2023-11-01,30.5,18.8,0.0,10.8,39,0,16.6,66,24.0,2023-11-01 06:32:00,2023-11-01 17:36:00,991.7
2023-11-02,30.3,19.0,0.0,10.5,328,4,16.6,66,24.1,2023-11-02 06:33:00,2023-11-02 17:36:00,990.0
2023-11-03,28.5,17.8,1.1,16.8,296,8,16.3,70,22.5,2023-11-03 06:34:00,2023-11-03 17:35:00,987.8
2023-11-04,29.6,15.9,0.0,16.0,316,25,15.2,66,22.5,2023-11-04 06:35:00,2023-11-04 17:34:00,988.1
2023-11-05,29.6,16.8,0.0,11.3,322,0,13.9,62,22.7,2023-11-05 06:35:00,2023-11-05 17:33:00,989.5
2023-11-06,29.5,15.2,0.0,11.4,26,2,13.3,60,22.2,2023-11-06 06:36:00,2023-11-06 17:33:00,991.0
2023-11-07,30.1,16.3,0.0,11.4,6,3,14.4,64,22.5,2023-11-07 06:37:00,2023-11-07 17:32:00,990.2
2023-11-08,29.5,16.8,0.0,10.3,309,8,15.2,65,22.7,2023-11-08 06:38:00,2023-11-08 17:31:00,989.3
2023-11-09,29.2,16.9,0.0,10.3,294,4,15.2,65,22.7,2023-11-09 06:38:00,2023-11-09 17:31:00,989.2
2023-11-10,26.4,16.1,2.9,19.5,67,37,15.8,76,20.5,2023-11-10 06:39:00,2023-11-10 17:30:00,991.3
2023-11-11,25.3,14.9,0.0,11.6,321,0,14.4,76,19.2,2023-11-11 06:40:00,2023-11-11 17:29:00,993.0
2023-11-12,25.1,13.9,0.0,11.4,294,0,13.5,74,18.8,2023-11-12 06:41:00,2023-11-12 17:29:00,993.1
2023-11-13,25.6,13.2,0.0,9.8,319,52,13.6,73,19.0,2023-11-13 06:41:00,2023-11-13 17:28:00,993.1
2023-11-14,25.2,14.1,0.0,9.8,315,84,13.0,71,18.9,2023-11-14 06:42:00,2023-11-14 17:28:00,992.5
2023-11-15,25.7,13.1,0.0,10.2,289,0,12.8,72,18.5,2023-11-15 06:43:00,2023-11-15 17:27:00,992.2
2023-11-16,26.2,13.0,0.0,8.6,346,0,13.2,69,19.7,2023-11-16 06:44:00,2023-11-16 17:27:00,993.1
2023-11-17,26.8,14.3,0.0,9.9,55,4,14.4,71,20.4,2023-11-17 06:45:00,2023-11-17 17:27:00,992.8
2023-11-18,26.2,14.6,0.0,8.0,199,8,13.8,70,19.9,2023-11-18 06:45:00,2023-11-18 17:26:00,991.3
2023-11-19,25.7,13.9,0.0,10.5,142,4,13.0,66,20.1,2023-11-19 06:46:00,2023-11-19 17:26:00,992.3
2023-11-20,25.5,13.4,0.0,10.2,302,0,12.4,65,19.6,2023-11-20 06:47:00,2023-11-20 17:26:00,992.6
2023-11-21,25.2,13.5,0.0,16.3,287,4,12.5,70,18.8,2023-11-21 06:48:00,2023-11-21 17:25:00,991.5
2023-11-22,24.8,13.1,0.0,13.8,283,0,11.0,65,18.1,2023-11-22 06:49:00,2023-11-22 17:25:00,989.4
2023-11-23,24.8,11.3,0.0,9.0,195,0,11.5,68,18.0,2023-11-23 06:49:00,2023-11-23 17:25:00,989.1
2023-11-24,25.1,13.4,0.0,10.0,324,9,12.3,69,18.5,2023-11-24 06:50:00,2023-11-24 17:24:00,991.0
2023-11-25,25.3,12.4,0.0,10.0,285,44,11.9,68,18.5,2023-11-25 06:51:00,2023-11-25 17:24:00,992.1
2023-11-26,25.5,14.2,0.0,11.2,108,100,12.6,68,19.2,2023-11-26 06:52:00,2023-11-26 17:24:00,992.7
2023-11-27,24.0,15.7,4.0,23.2,134,89,13.7,75,18.5,2023-11-27 06:53:00,2023-11-27 17:24:00,990.6
2023-11-28,20.6,15.1,3.2,10.2,78,50,15.3,88,17.4,2023-11-28 06:53:00,2023-11-28 17:24:00,990.4
2023-11-29,24.4,13.4,0.4,8.7,85,15,14.5,80,18.5,2023-11-29 06:54:00,2023-11-29 17:24:00,990.7
2023-11-30,21.7,14.1,1.0,13.3,33,30,14.9,84,17.8,2023-11-30 06:55:00,2023-11-30 17:24:00,991.7
2023-12-01,24.2,13.8,0.1,8.0,348,38,14.9,81,18.4,2023-12-01 06:56:00,2023-12-01 17:24:00,992.0
2023-12-02,24.2,13.2,0.0,8.7,338,2,13.9,79,18.0,2023-12-02 06:56:00,2023-12-02 17:24:00,992.3
2023-12-03,24.5,12.2,0.1,10.4,351,23,12.8,74,18.0,2023-12-03 06:57:00,2023-12-03 17:24:00,992.6
2023-12-04,22.9,13.7,0.0,11.3,335,21,12.2,73,17.8,2023-12-04 06:58:00,2023-12-04 17:24:00,991.3
2023-12-05,23.2,11.5,0.0,12.4,324,0,11.1,73,16.5,2023-12-05 06:59:00,2023-12-05 17:24:00,990.8
2023-12-06,23.6,11.7,0.0,11.3,287,0,11.7,76,16.4,2023-12-06 06:59:00,2023-12-06 17:24:00,991.4
2023-12-07,24.1,11.6,0.0,10.2,294,0,12.0,77,16.7,2023-12-07 07:00:00,2023-12-07 17:24:00,990.7
2023-12-08,23.8,11.4,0.0,13.3,292,0,11.3,74,16.5,2023-12-08 07:01:00,2023-12-08 17:24:00,990.2
2023-12-09,23.4,10.7,0.0,13.3,290,1,9.9,70,15.9,2023-12-09 07:01:00,2023-12-09 17:24:00,991.1
2023-12-10,22.5,10.8,0.0,18.0,285,11,9.2,68,15.5,2023-12-10 07:02:00,2023-12-10 17:24:00,989.4
2023-12-11,22.3,9.1,0.0,10.1,292,0,9.0,69,15.2,2023-12-11 07:03:00,2023-12-11 17:25:00,990.1
2023-12-12,22.8,9.3,0.0,11.4,102,0,9.6,70,15.6,2023-12-12 07:04:00,2023-12-12 17:25:00,989.3
2023-12-13,22.8,10.4,0.0,10.3,341,13,9.2,67,15.9,2023-12-13 07:04:00,2023-12-13 17:25:00,991.0
2023-12-14,22.1,9.7,0.0,16.1,284,52,8.8,71,14.7,2023-12-14 07:05:00,2023-12-14 17:25:00,991.9
2023-12-15,22.1,7.5,0.0,10.2,303,69,8.2,71,14.2,2023-12-15 07:06:00,2023-12-15 17:26:00,993.1
2023-12-16,22.3,7.7,0.0,12.1,318,39,7.7,67,14.5,2023-12-16 07:06:00,2023-12-16 17:26:00,991.8
2023-12-17,22.6,9.5,0.0,12.6,330,0,8.1,64,15.4,2023-12-17 07:07:00,2023-12-17 17:27:00,992.8
2023-12-18,21.5,9.1,0.0,20.1,289,0,7.5,67,14.3,2023-12-18 07:07:00,2023-12-18 17:27:00,994.4
2023-12-19,21.5,8.6,0.0,17.1,283,8,7.2,64,14.2,2023-12-19 07:08:00,2023-12-19 17:27:00,994.5
2023-12-20,20.4,7.9,0.0,11.8,287,89,7.9,70,13.6,2023-12-20 07:08:00,2023-12-20 17:28:00,994.2
2023-12-21,21.6,8.1,0.0,13.3,302,85,8.9,74,13.9,2023-12-21 07:09:00,2023-12-21 17:28:00,992.5
2023-12-22,21.5,7.1,0.0,9.7,309,35,9.1,76,13.9,2023-12-22 07:10:00,2023-12-22 17:29:00,992.1
2023-12-23,22.1,11.1,0.3,9.4,119,22,10.6,72,16.1,2023-12-23 07:10:00,2023-12-23 17:29:00,994.4
2023-12-24,22.9,9.7,0.0,9.2,331,5,11.2,76,15.8,2023-12-24 07:10:00,2023-12-24 17:30:00,995.7
2023-12-25,22.9,10.7,0.0,12.2,281,0,11.2,78,15.5,2023-12-25 07:11:00,2023-12-25 17:30:00,993.9
2023-12-26,22.7,9.5,0.0,8.2,310,83,10.4,75,15.4,2023-12-26 07:11:00,2023-12-26 17:31:00,993.6
2023-12-27,21.7,8.5,0.0,10.1,314,18,10.4,80,14.3,2023-12-27 07:12:00,2023-12-27 17:31:00,994.7
2023-12-28,20.9,9.7,0.0,10.3,315,17,11.1,85,14.0,2023-12-28 07:12:00,2023-12-28 17:32:00,993.6
2023-12-29,20.2,8.3,0.0,6.4,357,75,11.0,87,13.3,2023-12-29 07:12:00,2023-12-29 17:33:00,994.1
2023-12-30,19.0,9.0,0.0,9.3,326,97,10.8,90,12.5,2023-12-30 07:13:00,2023-12-30 17:33:00,993.0
2023-12-31,18.7,7.6,0.0,8.0,9,32,9.7,84,12.7,2023-12-31 07:13:00,2023-12-31 17:34:00,992.9
2024-01-01,16.2,5.9,0.0,8.2,324,43,7.8,85,10.4,2024-01-01 07:13:00,2024-01-01 17:35:00,993.1
2024-01-02,15.3,4.6,0.0,8.2,320,30,6.6,86,9.1,2024-01-02 07:13:00,2024-01-02 17:35:00,992.5
2024-01-03,15.9,4.8,0.0,10.4,343,47,7.5,89,9.5,2024-01-03 07:14:00,2024-01-03 17:36:00,992.2
2024-01-04,17.9,5.2,0.0,10.2,318,36,8.2,82,11.5,2024-01-04 07:14:00,2024-01-04 17:37:00,992.4
2024-01-05,17.3,7.3,0.1,9.7,337,58,9.1,85,11.7,2024-01-05 07:14:00,2024-01-05 17:38:00,992.6
2024-01-06,16.9,6.3,0.0,9.0,332,64,8.3,82,11.6,2024-01-06 07:14:00,2024-01-06 17:38:00,993.9
2024-01-07,17.5,6.1,0.0,7.1,291,17,7.9,81,11.4,2024-01-07 07:14:00,2024-01-07 17:39:00,994.4
2024-01-08,18.4,5.5,0.0,8.9,333,11,8.4,86,10.9,2024-01-08 07:15:00,2024-01-08 17:40:00,994.1
2024-01-09,18.0,6.2,0.0,13.9,316,15,8.3,86,10.8,2024-01-09 07:15:00,2024-01-09 17:41:00,994.3
2024-01-10,15.8,4.6,0.0,15.0,292,2,6.5,84,9.2,2024-01-10 07:15:00,2024-01-10 17:41:00,993.2
2024-01-11,15.5,5.6,0.0,12.0,298,26,7.2,88,9.3,2024-01-11 07:15:00,2024-01-11 17:42:00,993.6
2024-01-12,17.4,5.6,0.0,12.4,290,31,7.5,86,10.1,2024-01-12 07:15:00,2024-01-12 17:43:00,992.6
2024-01-13,18.1,5.9,0.0,10.2,327,72,7.4,84,10.3,2024-01-13 07:15:00,2024-01-13 17:44:00,991.7
2024-01-14,18.0,4.8,0.0,10.0,313,35,7.0,86,9.7,2024-01-14 07:15:00,2024-01-14 17:44:00,991.9
2024-01-15,16.1,5.0,0.0,9.0,310,62,6.4,85,9.0,2024-01-15 07:15:00,2024-01-15 17:45:00,991.5
2024-01-16,17.5,3.9,0.0,11.0,78,48,6.3,86,8.9,2024-01-16 07:14:00,2024-01-16 17:46:00,989.3
2024-01-17,17.8,4.0,0.0,10.7,135,3,6.9,84,9.9,2024-01-17 07:14:00,2024-01-17 17:47:00,989.4
2024-01-18,17.5,6.0,0.0,8.0,159,43,8.5,86,11.0,2024-01-18 07:14:00,2024-01-18 17:48:00,991.6
2024-01-19,16.8,6.3,0.0,9.2,160,41,8.2,89,10.2,2024-01-19 07:14:00,2024-01-19 17:48:00,992.9
2024-01-20,16.1,5.1,0.0,10.3,343,32,7.5,88,9.6,2024-01-20 07:14:00,2024-01-20 17:49:00,993.4
2024-01-21,16.1,5.2,0.0,14.1,294,49,7.1,89,9.0,2024-01-21 07:13:00,2024-01-21 17:50:00,992.8
2024-01-22,16.9,5.0,0.0,10.6,84,52,6.7,86,9.2,2024-01-22 07:13:00,2024-01-22 17:51:00,993.7
2024-01-23,17.3,4.9,0.0,8.9,195,48,8.3,88,10.4,2024-01-23 07:13:00,2024-01-23 17:52:00,993.0
2024-01-24,18.2,6.4,0.0,8.3,324,17,8.3,84,11.3,2024-01-24 07:12:00,2024-01-24 17:53:00,993.0
2024-01-25,17.5,5.6,0.0,10.4,329,79,8.0,88,10.2,2024-01-25 07:12:00,2024-01-25 17:54:00,995.1
2024-01-26,18.5,6.0,0.0,11.3,294,86,8.5,84,11.4,2024-01-26 07:12:00,2024-01-26 17:54:00,995.5
2024-01-27,20.6,6.9,0.0,16.8,289,12,8.0,77,12.5,2024-01-27 07:11:00,2024-01-27 17:55:00,993.9
2024-01-28,20.3,7.0,0.0,13.8,113,100,10.0,79,13.8,2024-01-28 07:11:00,2024-01-28 17:56:00,992.5
2024-01-29,21.3,9.5,0.0,12.2,104,6,11.8,85,14.5,2024-01-29 07:10:00,2024-01-29 17:57:00,992.4
2024-01-30,20.5,10.0,0.0,9.4,320,51,11.8,89,13.8,2024-01-30 07:10:00,2024-01-30 17:58:00,991.6
2024-01-31,20.2,9.9,9.0,14.5,124,83,12.6,92,14.0,2024-01-31 07:10:00,2024-01-31 17:59:00,990.5
2024-02-01,21.2,12.2,30.0,21.5,115,33,12.9,86,15.4,2024-02-01 07:09:00,2024-02-01 17:59:00,990.7
2024-02-02,19.3,8.5,0.0,15.5,316,34,9.9,84,13.0,2024-02-02 07:09:00,2024-02-02 18:00:00,993.8
2024-02-03,20.7,8.2,0.0,11.5,306,63,8.3,70,14.1,2024-02-03 07:08:00,2024-02-03 18:01:00,992.5
2024-02-04,20.7,12.9,7.1,16.2,156,71,13.4,85,16.0,2024-02-04 07:07:00,2024-02-04 18:02:00,991.0
2024-02-05,19.8,10.3,2.1,12.2,329,37,11.9,83,15.1,2024-02-05 07:07:00,2024-02-05 18:03:00,992.2
2024-02-06,18.7,7.5,0.0,15.6,308,19,7.2,75,12.2,2024-02-06 07:06:00,2024-02-06 18:03:00,994.1
2024-02-07,18.4,7.9,0.0,23.7,303,33,5.9,66,12.5,2024-02-07 07:05:00,2024-02-07 18:04:00,994.8
2024-02-08,19.1,8.2,0.0,27.4,289,19,6.0,64,13.1,2024-02-08 07:05:00,2024-02-08 18:05:00,993.3
2024-02-09,20.5,8.1,0.0,15.7,304,0,6.8,66,13.4,2024-02-09 07:04:00,2024-02-09 18:06:00,993.5
2024-02-10,19.7,7.2,0.0,11.8,5,20,9.0,78,13.1,2024-02-10 07:03:00,2024-02-10 18:06:00,995.7
2024-02-11,21.5,8.1,0.0,9.7,321,0,9.2,75,14.1,2024-02-11 07:03:00,2024-02-11 18:07:00,995.2
2024-02-12,21.5,7.7,0.0,9.7,333,66,9.4,75,14.3,2024-02-12 07:02:00,2024-02-12 18:08:00,994.2
2024-02-13,21.2,8.5,0.0,10.5,340,85,9.6,73,14.9,2024-02-13 07:01:00,2024-02-13 18:09:00,993.4
2024-02-14,22.7,9.6,0.0,13.6,307,20,10.6,74,15.8,2024-02-14 07:00:00,2024-02-14 18:10:00,993.3
2024-02-15,23.6,9.7,0.0,15.0,304,0,9.3,69,15.8,2024-02-15 06:59:00,2024-02-15 18:10:00,994.2
2024-02-16,24.5,8.6,0.0,12.8,312,0,7.7,64,15.7,2024-02-16 06:59:00,2024-02-16 18:11:00,994.5
2024-02-17,24.6,9.7,0.0,14.9,289,2,7.7,61,16.2,2024-02-17 06:58:00,2024-02-17 18:12:00,990.0
2024-02-18,27.1,10.0,0.0,15.9,152,59,9.4,59,18.6,2024-02-18 06:57:00,2024-02-18 18:12:00,987.2
2024-02-19,26.8,14.7,0.0,28.5,131,18,12.3,61,20.3,2024-02-19 06:56:00,2024-02-19 18:13:00,985.5
2024-02-20,27.3,15.3,0.2,20.0,117,17,12.5,66,20.2,2024-02-20 06:55:00,2024-02-20 18:14:00,985.3
2024-02-21,25.9,12.2,0.0,17.3,340,6,7.7,58,18.5,2024-02-21 06:54:00,2024-02-21 18:15:00,985.5
2024-02-22,24.0,10.9,0.0,16.7,323,12,5.9,51,17.4,2024-02-22 06:53:00,2024-02-22 18:15:00,988.1
2024-02-23,22.8,8.5,0.0,15.2,319,0,3.6,48,15.6,2024-02-23 06:52:00,2024-02-23 18:16:00,990.6
2024-02-24,23.4,9.3,0.0,12.1,49,28,3.6,45,16.2,2024-02-24 06:51:00,2024-02-24 18:17:00,990.9
2024-02-25,25.0,10.5,0.0,17.7,35,45,1.9,39,17.3,2024-02-25 06:50:00,2024-02-25 18:17:00,993.0
2024-02-26,24.6,11.1,0.0,12.0,357,88,4.9,46,17.6,2024-02-26 06:49:00,2024-02-26 18:18:00,992.8
2024-02-27,24.5,14.1,0.9,16.0,324,48,5.7,46,18.0,2024-02-27 06:48:00,2024-02-27 18:19:00,992.5
2024-02-28,24.0,11.4,0.0,20.7,303,0,8.0,57,17.3,2024-02-28 06:47:00,2024-02-28 18:19:00,991.1
2024-02-29,26.3,12.0,0.0,13.2,297,3,8.6,56,18.4,2024-02-29 06:46:00,2024-02-29 18:20:00,989.7
2024-03-01,26.5,13.9,1.7,16.0,100,91,11.7,60,20.0,2024-03-01 06:45:00,2024-03-01 18:21:00,988.9
2024-03-02,24.7,17.3,6.5,33.4,143,83,14.8,74,19.8,2024-03-02 06:44:00,2024-03-02 18:21:00,986.2
2024-03-03,22.7,13.4,10.4,15.4,299,23,11.2,70,17.6,2024-03-03 06:43:00,2024-03-03 18:22:00,986.9
2024-03-04,21.7,11.1,0.0,14.7,341,43,6.5,62,15.8,2024-03-04 06:42:00,2024-03-04 18:23:00,991.0
2024-03-05,20.9,8.9,0.0,15.6,308,40,5.0,54,14.7,2024-03-05 06:41:00,2024-03-05 18:23:00,992.1
2024-03-06,21.1,9.2,0.0,15.3,300,60,6.0,56,15.1,2024-03-06 06:40:00,2024-03-06 18:24:00,990.2
2024-03-07,24.2,10.1,0.0,15.1,316,3,7.4,56,17.1,2024-03-07 06:39:00,2024-03-07 18:24:00,989.7
2024-03-08,25.4,11.3,0.0,16.8,323,0,7.3,53,17.9,2024-03-08 06:38:00,2024-03-08 18:25:00,990.5
2024-03-09,25.2,11.8,0.0,17.4,301,43,6.7,50,17.9,2024-03-09 06:37:00,2024-03-09 18:26:00,990.4
2024-03-10,26.6,12.0,0.0,11.6,300,78,7.9,51,19.2,2024-03-10 06:36:00,2024-03-10 18:26:00,990.0
2024-03-11,29.5,14.8,0.0,13.8,21,23,9.4,47,22.3,2024-03-11 06:34:00,2024-03-11 18:27:00,991.0
2024-03-12,29.1,13.9,0.0,16.9,336,3,9.1,47,21.9,2024-03-12 06:33:00,2024-03-12 18:27:00,989.4
2024-03-13,29.4,13.9,0.2,18.2,319,8,10.3,52,21.4,2024-03-13 06:32:00,2024-03-13 18:28:00,986.9
2024-03-14,29.2,14.1,0.0,15.8,346,4,10.0,53,21.6,2024-03-14 06:31:00,2024-03-14 18:29:00,989.4
2024-03-15,27.2,14.3,0.0,16.9,300,13,6.4,43,20.3,2024-03-15 06:30:00,2024-03-15 18:29:00,988.9
2024-03-16,27.6,12.7,0.0,12.9,310,39,6.1,45,19.7,2024-03-16 06:29:00,2024-03-16 18:30:00,990.5
2024-03-17,28.8,11.8,0.0,11.5,301,50,7.5,46,20.5,2024-03-17 06:28:00,2024-03-17 18:30:00,990.1
2024-03-18,28.5,13.0,0.0,13.0,298,12,8.2,48,20.6,2024-03-18 06:27:00,2024-03-18 18:31:00,988.5
2024-03-19,29.8,13.6,0.0,16.3,312,3,7.7,45,21.5,2024-03-19 06:25:00,2024-03-19 18:31:00,988.0
2024-03-20,32.0,14.2,0.0,11.6,328,4,8.4,44,23.2,2024-03-20 06:24:00,2024-03-20 18:32:00,988.4
2024-03-21,29.2,16.9,0.0,18.7,115,43,12.7,55,22.7,2024-03-21 06:23:00,2024-03-21 18:33:00,988.2
2024-03-22,32.4,17.8,0.0,13.3,124,3,12.8,51,24.8,2024-03-22 06:22:00,2024-03-22 18:33:00,985.0
2024-03-23,33.8,18.1,0.0,19.6,315,7,11.4,46,25.7,2024-03-23 06:21:00,2024-03-23 18:34:00,983.8
2024-03-24,31.0,18.6,0.1,35.3,345,73,10.9,45,24.4,2024-03-24 06:20:00,2024-03-24 18:34:00,986.0
2024-03-25,32.8,16.6,0.0,21.2,307,3,11.5,47,25.0,2024-03-25 06:18:00,2024-03-25 18:35:00,987.6
2024-03-26,33.6,18.5,0.0,14.2,294,76,11.1,42,26.0,2024-03-26 06:17:00,2024-03-26 18:35:00,986.7
2024-03-27,36.4,21.6,0.0,20.4,337,34,12.5,41,28.4,2024-03-27 06:16:00,2024-03-27 18:36:00,988.3
2024-03-28,37.0,21.9,0.0,16.3,313,93,13.5,41,29.0,2024-03-28 06:15:00,2024-03-28 18:36:00,985.7
2024-03-29,36.5,20.9,0.0,19.4,79,95,14.7,46,28.2,2024-03-29 06:14:00,2024-03-29 18:37:00,984.8
2024-03-30,35.2,22.8,0.0,19.2,14,32,12.3,39,28.4,2024-03-30 06:13:00,2024-03-30 18:38:00,985.2
2024-03-31,34.4,20.0,0.0,21.4,319,2,10.0,36,27.4,2024-03-31 06:11:00,2024-03-31 18:38:00,986.3
2024-04-01,31.3,18.7,0.0,20.8,300,67,8.4,38,24.9,2024-04-01 06:10:00,2024-04-01 18:39:00,984.5
2024-04-02,32.9,17.1,0.0,21.4,313,54,6.5,33,25.3,2024-04-02 06:09:00,2024-04-02 18:39:00,983.2
2024-04-03,35.9,21.8,0.0,18.8,22,74,4.9,24,28.3,2024-04-03 06:08:00,2024-04-03 18:40:00,984.0
2024-04-04,36.4,20.5,0.0,18.0,2,69,6.0,26,29.2,2024-04-04 06:07:00,2024-04-04 18:40:00,984.0
2024-04-05,35.6,21.2,0.0,28.2,306,80,5.2,24,28.2,2024-04-05 06:06:00,2024-04-05 18:41:00,983.7
2024-04-06,35.0,19.6,0.0,21.3,315,0,2.2,21,27.3,2024-04-06 06:05:00,2024-04-06 18:42:00,983.6
2024-04-07,35.4,17.5,0.0,21.1,305,0,0.8,21,26.9,2024-04-07 06:04:00,2024-04-07 18:42:00,983.5
2024-04-08,36.8,19.0,0.0,20.0,307,3,1.1,20,28.0,2024-04-08 06:02:00,2024-04-08 18:43:00,984.6
2024-04-09,37.8,19.9,0.0,16.6,335,50,0.5,18,29.0,2024-04-09 06:01:00,2024-04-09 18:43:00,985.2
2024-04-10,38.6,19.8,0.0,13.4,47,14,3.1,21,28.9,2024-04-10 06:00:00,2024-04-10 18:44:00,985.2
2024-04-11,38.0,22.2,0.0,14.2,84,15,4.1,21,30.0,2024-04-11 05:59:00,2024-04-11 18:44:00,986.2
2024-04-12,38.8,21.8,0.0,11.3,86,62,4.3,21,30.5,2024-04-12 05:58:00,2024-04-12 18:45:00,985.4
2024-04-13,38.5,25.3,1.2,16.0,150,73,7.8,27,30.8,2024-04-13 05:57:00,2024-04-13 18:45:00,984.8
2024-04-14,33.8,22.8,0.5,15.5,5,91,14.0,45,27.5,2024-04-14 05:56:00,2024-04-14 18:46:00,987.2
2024-04-15,36.3,22.3,1.3,20.9,307,95,15.3,48,28.8,2024-04-15 05:55:00,2024-04-15 18:47:00,986.5
2024-04-16,35.7,23.5,0.0,21.6,295,59,11.8,36,29.8,2024-04-16 05:54:00,2024-04-16 18:47:00,985.5
2024-04-17,35.3,22.2,0.0,29.3,300,41,6.4,27,29.3,2024-04-17 05:53:00,2024-04-17 18:48:00,984.2
2024-04-18,37.8,23.7,0.0,17.3,293,61,7.6,24,30.9,2024-04-18 05:52:00,2024-04-18 18:48:00,982.7
2024-04-19,38.3,24.6,0.0,18.9,282,18,10.9,29,31.7,2024-04-19 05:51:00,2024-04-19 18:49:00,980.5
2024-04-20,36.7,22.3,0.0,21.1,304,27,8.8,28,30.0,2024-04-20 05:50:00,2024-04-20 18:49:00,980.0
2024-04-21,36.6,23.6,0.0,17.6,310,64,8.2,27,30.1,2024-04-21 05:49:00,2024-04-21 18:50:00,981.5
2024-04-22,37.0,24.5,0.0,25.5,311,30,7.4,25,31.1,2024-04-22 05:48:00,2024-04-22 18:51:00,982.1
2024-04-23,38.0,22.6,0.0,23.2,306,8,7.0,26,30.0,2024-04-23 05:47:00,2024-04-23 18:51:00,981.6
2024-04-24,36.9,21.0,0.0,21.9,303,1,7.5,28,29.8,2024-04-24 05:46:00,2024-04-24 18:52:00,981.7
2024-04-25,38.3,21.5,0.0,23.7,316,4,6.3,24,30.0,2024-04-25 05:45:00,2024-04-25 18:52:00,981.9
2024-04-26,39.2,23.4,0.0,32.9,248,21,7.4,23,32.2,2024-04-26 05:44:00,2024-04-26 18:53:00,980.8
2024-04-27,37.9,26.0,0.0,21.3,284,41,9.6,27,32.0,2024-04-27 05:43:00,2024-04-27 18:54:00,981.4
2024-04-28,37.5,22.7,0.0,17.0,329,63,8.6,28,30.6,2024-04-28 05:42:00,2024-04-28 18:54:00,982.6
2024-04-29,38.1,23.6,0.0,23.7,323,28,8.4,26,30.8,2024-04-29 05:41:00,2024-04-29 18:55:00,981.9
2024-04-30,36.2,23.3,0.0,19.0,304,0,5.6,25,29.7,2024-04-30 05:41:00,2024-04-30 18:55:00,980.9
2024-05-01,32.7,20.5,0.0,23.6,314,0,2.4,22,26.9,2024-05-01 05:40:00,2024-05-01 18:56:00,979.2
2024-05-02,35.0,19.3,0.0,19.5,308,20,5.5,26,27.6,2024-05-02 05:39:00,2024-05-02 18:57:00,980.3
2024-05-03,38.1,20.7,0.0,23.9,300,70,4.8,22,30.2,2024-05-03 05:38:00,2024-05-03 18:57:00,981.0
2024-05-04,40.6,26.5,0.0,16.4,301,44,5.0,19,33.0,2024-05-04 05:37:00,2024-05-04 18:58:00,980.9
2024-05-05,40.9,25.0,0.0,19.2,306,4,6.3,20,33.3,2024-05-05 05:36:00,2024-05-05 18:58:00,977.3
2024-05-06,40.6,26.0,0.0,23.6,306,6,8.1,22,33.8,2024-05-06 05:36:00,2024-05-06 18:59:00,979.2
2024-05-07,41.4,26.2,0.0,18.1,25,6,9.8,25,34.0,2024-05-07 05:35:00,2024-05-07 19:00:00,980.8
2024-05-08,39.7,27.0,0.0,21.1,111,16,16.0,39,32.7,2024-05-08 05:34:00,2024-05-08 19:00:00,981.3
2024-05-09,39.6,26.2,0.0,25.3,106,6,15.0,37,32.5,2024-05-09 05:34:00,2024-05-09 19:01:00,980.7
2024-05-10,39.5,26.0,1.1,20.9,106,23,17.6,43,32.1,2024-05-10 05:33:00,2024-05-10 19:01:00,981.5
2024-05-11,38.8,26.0,0.1,18.5,3,29,16.5,42,31.9,2024-05-11 05:32:00,2024-05-11 19:02:00,983.2
2024-05-12,37.8,27.5,0.1,15.9,20,26,15.4,38,32.3,2024-05-12 05:32:00,2024-05-12 19:03:00,983.3
2024-05-13,40.3,27.2,0.0,16.4,335,32,11.1,29,33.0,2024-05-13 05:31:00,2024-05-13 19:03:00,983.5
2024-05-14,40.7,24.6,0.0,20.5,316,10,6.1,21,32.8,2024-05-14 05:30:00,2024-05-14 19:04:00,983.8
2024-05-15,42.3,25.4,0.0,17.8,316,0,5.7,19,34.2,2024-05-15 05:30:00,2024-05-15 19:04:00,983.4
2024-05-16,42.7,26.5,0.0,18.0,339,0,6.1,18,34.5,2024-05-16 05:29:00,2024-05-16 19:05:00,982.8
2024-05-17,44.0,28.1,0.0,16.3,303,8,6.7,18,36.3,2024-05-17 05:29:00,2024-05-17 19:06:00,980.0
2024-05-18,44.0,27.1,0.0,26.6,295,6,8.2,19,37.0,2024-05-18 05:28:00,2024-05-18 19:06:00,977.5
2024-05-19,44.9,27.7,0.0,26.4,300,3,6.6,17,36.7,2024-05-19 05:28:00,2024-05-19 19:07:00,976.0
2024-05-20,43.6,29.1,0.0,28.3,304,33,8.1,19,36.4,2024-05-20 05:27:00,2024-05-20 19:07:00,976.8
2024-05-21,42.6,29.1,0.0,15.8,90,2,13.1,28,35.2,2024-05-21 05:27:00,2024-05-21 19:08:00,977.5
2024-05-22,41.1,29.8,0.3,24.4,108,5,17.5,36,35.2,2024-05-22 05:26:00,2024-05-22 19:09:00,978.0
2024-05-23,41.1,30.5,0.0,22.9,125,7,17.4,36,35.7,2024-05-23 05:26:00,2024-05-23 19:09:00,977.3
2024-05-24,40.9,30.4,0.0,20.6,112,3,17.5,36,35.6,2024-05-24 05:26:00,2024-05-24 19:10:00,977.3
2024-05-25,44.4,30.6,0.0,27.4,311,6,13.8,27,37.4,2024-05-25 05:25:00,2024-05-25 19:10:00,975.4
2024-05-26,46.0,29.5,0.0,25.9,333,0,8.1,17,38.1,2024-05-26 05:25:00,2024-05-26 19:11:00,973.6
2024-05-27,45.7,30.2,0.0,22.1,330,2,7.6,18,38.2,2024-05-27 05:25:00,2024-05-27 19:11:00,971.1
2024-05-28,45.8,28.9,0.0,19.2,317,0,3.6,14,37.3,2024-05-28 05:24:00,2024-05-28 19:12:00,969.3
2024-05-29,45.7,31.1,0.0,17.9,272,15,9.0,18,38.6,2024-05-29 05:24:00,2024-05-29 19:13:00,970.5
2024-05-30,45.8,33.0,0.0,25.2,276,8,5.8,16,39.2,2024-05-30 05:24:00,2024-05-30 19:13:00,973.7
2024-05-31,45.9,28.5,0.0,25.5,295,5,2.2,12,37.6,2024-05-31 05:23:00,2024-05-31 19:14:00,975.3
2024-06-01,44.0,31.3,0.0,26.4,283,60,7.5,17,37.4,2024-06-01 05:23:00,2024-06-01 19:14:00,976.8
2024-06-02,41.4,30.5,0.0,20.7,293,37,12.1,25,36.4,2024-06-02 05:23:00,2024-06-02 19:15:00,978.3
2024-06-03,44.4,29.6,0.0,20.2,284,7,11.2,25,36.9,2024-06-03 05:23:00,2024-06-03 19:15:00,977.1
2024-06-04,43.1,30.9,0.0,24.1,278,8,9.0,19,36.9,2024-06-04 05:23:00,2024-06-04 19:15:00,976.7
2024-06-05,41.7,30.2,0.0,25.4,289,19,12.1,23,36.6,2024-06-05 05:23:00,2024-06-05 19:16:00,977.8
2024-06-06,40.8,28.2,0.0,20.0,308,4,13.2,28,35.0,2024-06-06 05:23:00,2024-06-06 19:16:00,980.0
2024-06-07,42.2,28.9,0.0,22.4,296,7,14.1,30,35.2,2024-06-07 05:23:00,2024-06-07 19:17:00,977.9
2024-06-08,40.2,28.3,0.0,25.6,304,15,12.4,27,34.7,2024-06-08 05:22:00,2024-06-08 19:17:00,977.0
2024-06-09,42.2,28.3,0.0,19.8,310,1,8.9,23,35.1,2024-06-09 05:22:00,2024-06-09 19:18:00,976.7
2024-06-10,43.0,27.9,0.0,22.2,292,13,7.4,18,36.0,2024-06-10 05:22:00,2024-06-10 19:18:00,976.8
2024-06-11,43.2,28.9,0.0,20.0,290,11,8.3,19,36.3,2024-06-11 05:22:00,2024-06-11 19:19:00,976.3
2024-06-12,44.1,28.8,0.0,18.2,288,1,7.3,17,36.9,2024-06-12 05:23:00,2024-06-12 19:19:00,975.9
2024-06-13,44.9,29.6,0.0,28.1,282,4,9.9,20,37.6,2024-06-13 05:23:00,2024-06-13 19:19:00,974.9
2024-06-14,43.4,32.8,0.0,31.5,275,21,15.3,28,37.5,2024-06-14 05:23:00,2024-06-14 19:20:00,974.6
2024-06-15,43.3,32.2,0.0,28.3,286,3,14.7,27,37.7,2024-06-15 05:23:00,2024-06-15 19:20:00,974.7
2024-06-16,44.1,32.8,0.0,25.1,284,4,14.5,25,38.4,2024-06-16 05:23:00,2024-06-16 19:20:00,975.0
2024-06-17,44.0,33.7,0.0,26.8,280,9,14.9,25,38.9,2024-06-17 05:23:00,2024-06-17 19:21:00,974.9
2024-06-18,44.2,34.5,0.0,30.9,279,6,14.4,25,38.9,2024-06-18 05:23:00,2024-06-18 19:21:00,972.9
2024-06-19,41.3,33.7,0.8,32.1,269,29,18.8,35,37.0,2024-06-19 05:23:00,2024-06-19 19:21:00,971.5
2024-06-20,39.3,25.5,4.9,14.5,219,35,19.5,45,34.0,2024-06-20 05:24:00,2024-06-20 19:21:00,973.2
2024-06-21,38.3,25.4,2.1,28.2,331,32,21.1,53,32.5,2024-06-21 05:24:00,2024-06-21 19:22:00,975.3
2024-06-22,38.5,29.9,0.0,12.3,30,46,21.7,51,33.7,2024-06-22 05:24:00,2024-06-22 19:22:00,975.2
2024-06-23,39.5,30.2,0.3,15.5,96,28,22.5,51,34.5,2024-06-23 05:24:00,2024-06-23 19:22:00,975.8
2024-06-24,39.5,31.0,1.7,15.1,96,38,23.1,54,34.1,2024-06-24 05:24:00,2024-06-24 19:22:00,974.6
2024-06-25,36.6,29.8,4.0,15.3,122,71,24.5,62,32.9,2024-06-25 05:25:00,2024-06-25 19:22:00,973.7
2024-06-26,34.3,26.8,23.3,19.4,106,94,25.4,73,31.0,2024-06-26 05:25:00,2024-06-26 19:22:00,974.3
2024-06-27,30.4,25.4,11.5,21.7,108,92,25.2,84,28.3,2024-06-27 05:25:00,2024-06-27 19:22:00,976.8
2024-06-28,30.6,25.6,20.9,14.8,127,77,25.0,85,27.8,2024-06-28 05:26:00,2024-06-28 19:22:00,976.0
2024-06-29,32.9,26.5,18.9,11.7,196,56,25.4,80,29.3,2024-06-29 05:26:00,2024-06-29 19:22:00,974.5
2024-06-30,34.8,26.8,11.9,15.6,304,39,25.5,74,30.7,2024-06-30 05:26:00,2024-06-30 19:23:00,973.8
2024-07-01,34.1,25.9,11.5,11.8,275,75,25.8,79,30.1,2024-07-01 05:27:00,2024-07-01 19:23:00,971.6
2024-07-02,33.6,26.4,14.1,14.9,178,99,26.1,84,29.3,2024-07-02 05:27:00,2024-07-02 19:23:00,970.7
2024-07-03,32.9,26.0,2.5,16.1,149,100,26.0,83,29.3,2024-07-03 05:28:00,2024-07-03 19:23:00,973.1
2024-07-04,31.6,25.5,7.3,11.3,84,99,24.7,83,28.0,2024-07-04 05:28:00,2024-07-04 19:22:00,975.3
2024-07-05,30.4,26.2,0.7,16.2,70,100,24.9,85,27.8,2024-07-05 05:29:00,2024-07-05 19:22:00,972.5
2024-07-06,33.0,26.0,1.0,15.8,67,91,24.7,80,28.6,2024-07-06 05:29:00,2024-07-06 19:22:00,971.3
2024-07-07,33.5,25.6,0.1,14.2,67,84,23.7,76,28.6,2024-07-07 05:29:00,2024-07-07 19:22:00,974.4
2024-07-08,33.2,25.3,0.0,11.4,34,64,24.0,76,28.9,2024-07-08 05:30:00,2024-07-08 19:22:00,977.4
2024-07-09,32.4,26.2,4.9,11.4,97,37,25.6,80,29.5,2024-07-09 05:30:00,2024-07-09 19:22:00,978.4
2024-07-10,34.1,26.5,11.3,14.8,161,79,26.2,79,30.4,2024-07-10 05:31:00,2024-07-10 19:22:00,978.2
2024-07-11,36.4,26.8,3.9,21.0,230,77,26.2,76,31.2,2024-07-11 05:31:00,2024-07-11 19:21:00,974.1
2024-07-12,35.3,27.0,0.5,23.4,266,56,25.1,74,30.3,2024-07-12 05:32:00,2024-07-12 19:21:00,972.4
2024-07-13,34.3,25.2,12.4,11.7,324,19,25.2,77,29.9,2024-07-13 05:32:00,2024-07-13 19:21:00,973.2
2024-07-14,34.9,27.0,0.3,8.5,90,14,25.3,72,31.1,2024-07-14 05:33:00,2024-07-14 19:21:00,973.1
2024-07-15,33.2,25.5,3.0,21.4,90,65,25.3,76,30.2,2024-07-15 05:33:00,2024-07-15 19:20:00,975.8
2024-07-16,34.3,25.6,17.0,15.5,98,53,26.1,77,30.7,2024-07-16 05:34:00,2024-07-16 19:20:00,976.4
2024-07-17,34.7,28.2,0.2,13.7,102,28,26.2,75,31.2,2024-07-17 05:34:00,2024-07-17 19:20:00,976.2
2024-07-18,34.7,27.7,2.0,12.1,117,81,26.3,76,31.2,2024-07-18 05:35:00,2024-07-18 19:19:00,974.9
2024-07-19,34.4,27.3,0.9,12.0,113,72,25.8,77,30.5,2024-07-19 05:35:00,2024-07-19 19:19:00,973.8
2024-07-20,35.1,27.1,0.2,13.0,118,46,25.8,75,31.0,2024-07-20 05:36:00,2024-07-20 19:18:00,974.5
2024-07-21,34.8,27.2,1.9,16.3,118,41,26.6,78,31.1,2024-07-21 05:36:00,2024-07-21 19:18:00,974.5
2024-07-22,34.6,27.8,5.0,10.9,116,91,26.4,78,31.0,2024-07-22 05:37:00,2024-07-22 19:17:00,974.7
2024-07-23,34.8,27.0,4.3,14.9,102,66,26.4,80,30.4,2024-07-23 05:38:00,2024-07-23 19:17:00,973.7
2024-07-24,33.7,26.4,6.9,9.5,91,75,26.0,82,29.5,2024-07-24 05:38:00,2024-07-24 19:16:00,970.5
2024-07-25,34.7,27.2,0.6,11.1,36,81,26.0,76,30.8,2024-07-25 05:39:00,2024-07-25 19:16:00,969.6
2024-07-26,33.0,27.4,10.2,13.0,41,98,26.1,81,29.9,2024-07-26 05:39:00,2024-07-26 19:15:00,971.4
2024-07-27,34.0,28.0,4.5,16.1,83,84,26.7,81,30.5,2024-07-27 05:40:00,2024-07-27 19:15:00,973.5
2024-07-28,35.1,28.6,6.0,15.7,98,39,26.7,77,31.4,2024-07-28 05:40:00,2024-07-28 19:14:00,973.7
2024-07-29,35.7,28.3,0.3,15.8,107,52,26.0,73,31.8,2024-07-29 05:41:00,2024-07-29 19:14:00,973.8
2024-07-30,36.4,29.0,0.1,13.7,130,60,26.3,70,32.8,2024-07-30 05:41:00,2024-07-30 19:13:00,975.0
2024-07-31,37.1,26.5,116.0,17.4,199,100,26.5,78,31.0,2024-07-31 05:42:00,2024-07-31 19:12:00,975.0
2024-08-01,31.2,25.5,34.7,17.8,157,99,25.3,85,28.2,2024-08-01 05:43:00,2024-08-01 19:12:00,974.7
2024-08-02,32.2,25.5,3.0,17.6,115,82,25.2,83,28.4,2024-08-02 05:43:00,2024-08-02 19:11:00,973.6
2024-08-03,32.4,26.0,1.9,20.9,123,45,25.5,82,28.9,2024-08-03 05:44:00,2024-08-03 19:10:00,975.3
2024-08-04,33.5,26.9,0.1,25.9,91,37,24.4,74,29.7,2024-08-04 05:44:00,2024-08-04 19:09:00,976.8
2024-08-05,32.6,26.4,1.2,31.0,112,55,24.3,76,29.0,2024-08-05 05:45:00,2024-08-05 19:09:00,976.4
2024-08-06,31.8,26.4,0.1,14.7,178,70,24.3,76,29.0,2024-08-06 05:45:00,2024-08-06 19:08:00,975.4
2024-08-07,30.1,25.5,16.4,11.2,209,98,24.7,86,27.3,2024-08-07 05:46:00,2024-08-07 19:07:00,976.5
2024-08-08,31.5,25.5,10.8,12.3,133,82,25.1,87,27.6,2024-08-08 05:46:00,2024-08-08 19:06:00,977.9
2024-08-09,31.8,25.3,30.8,8.4,101,99,25.2,87,27.8,2024-08-09 05:47:00,2024-08-09 19:05:00,979.0
2024-08-10,31.3,24.9,16.7,9.8,75,100,25.2,87,27.6,2024-08-10 05:48:00,2024-08-10 19:05:00,978.0
2024-08-11,30.9,25.6,11.4,11.1,106,99,25.2,89,27.3,2024-08-11 05:48:00,2024-08-11 19:04:00,976.7
2024-08-12,30.0,25.6,10.9,13.6,79,98,25.1,91,26.7,2024-08-12 05:49:00,2024-08-12 19:03:00,977.7
2024-08-13,30.8,25.2,9.1,15.1,84,94,25.4,90,27.3,2024-08-13 05:49:00,2024-08-13 19:02:00,978.8
2024-08-14,30.7,25.9,7.8,10.8,84,98,26.0,89,28.0,2024-08-14 05:50:00,2024-08-14 19:01:00,979.2
2024-08-15,32.2,25.9,10.9,14.1,106,85,25.9,87,28.4,2024-08-15 05:50:00,2024-08-15 19:00:00,978.1
2024-08-16,32.3,25.5,15.0,15.5,113,97,25.5,88,27.8,2024-08-16 05:51:00,2024-08-16 18:59:00,977.5
2024-08-17,31.9,25.7,7.7,9.6,353,97,25.7,86,28.5,2024-08-17 05:51:00,2024-08-17 18:58:00,979.8
2024-08-18,32.7,26.2,2.3,14.7,281,63,25.7,83,29.1,2024-08-18 05:52:00,2024-08-18 18:57:00,980.6
2024-08-19,32.7,26.2,1.6,17.0,284,87,25.4,82,29.0,2024-08-19 05:52:00,2024-08-19 18:56:00,979.6
2024-08-20,31.6,26.4,4.3,12.7,231,97,25.4,85,28.2,2024-08-20 05:53:00,2024-08-20 18:55:00,979.7
2024-08-21,32.0,25.1,5.4,8.7,123,90,25.6,86,28.4,2024-08-21 05:54:00,2024-08-21 18:54:00,980.8
2024-08-22,32.8,24.7,7.0,10.7,255,66,25.5,86,28.2,2024-08-22 05:54:00,2024-08-22 18:53:00,979.8
2024-08-23,30.7,24.9,0.9,10.5,77,74,24.8,86,27.4,2024-08-23 05:55:00,2024-08-23 18:52:00,980.3
2024-08-24,31.5,25.3,8.8,16.6,50,71,25.3,84,28.3,2024-08-24 05:55:00,2024-08-24 18:51:00,979.8
2024-08-25,32.2,24.9,15.2,22.0,88,45,24.6,79,28.8,2024-08-25 05:56:00,2024-08-25 18:50:00,977.6
2024-08-26,31.6,26.0,3.8,22.7,100,44,24.8,83,28.2,2024-08-26 05:56:00,2024-08-26 18:49:00,977.5
2024-08-27,31.2,24.3,11.1,24.1,114,88,24.4,85,27.2,2024-08-27 05:57:00,2024-08-27 18:48:00,979.5
2024-08-28,30.3,24.2,7.9,16.2,120,91,24.4,87,26.8,2024-08-28 05:57:00,2024-08-28 18:47:00,979.4
2024-08-29,30.9,24.4,19.5,19.4,124,81,24.5,87,26.9,2024-08-29 05:58:00,2024-08-29 18:46:00,979.4
2024-08-30,31.3,25.0,7.5,9.1,95,53,25.3,88,27.5,2024-08-30 05:58:00,2024-08-30 18:44:00,981.4
2024-08-31,33.3,25.6,0.0,13.3,314,22,24.9,79,29.2,2024-08-31 05:59:00,2024-08-31 18:43:00,980.8
2024-09-01,33.5,25.9,0.1,13.9,327,38,24.8,76,29.6,2024-09-01 05:59:00,2024-09-01 18:42:00,980.4
2024-09-02,31.5,25.1,11.7,14.1,110,83,24.9,84,28.0,2024-09-02 06:00:00,2024-09-02 18:41:00,981.2
2024-09-03,31.6,25.4,17.8,13.4,87,66,24.9,87,27.4,2024-09-03 06:00:00,2024-09-03 18:40:00,981.6
2024-09-04,30.8,24.4,0.9,10.6,320,87,24.7,87,27.2,2024-09-04 06:01:00,2024-09-04 18:39:00,979.5
2024-09-05,31.6,24.8,2.9,12.8,282,40,24.4,84,27.5,2024-09-05 06:01:00,2024-09-05 18:38:00,977.6
2024-09-06,30.6,24.2,14.7,15.6,108,80,24.5,89,26.5,2024-09-06 06:02:00,2024-09-06 18:36:00,979.2
2024-09-07,30.4,24.1,23.6,11.8,109,94,24.5,88,26.8,2024-09-07 06:02:00,2024-09-07 18:35:00,980.3
2024-09-08,31.3,24.4,14.1,10.3,313,97,25.1,87,27.6,2024-09-08 06:03:00,2024-09-08 18:34:00,979.9
2024-09-09,32.7,25.2,3.4,13.2,321,55,24.7,82,28.4,2024-09-09 06:03:00,2024-09-09 18:33:00,977.9
2024-09-10,30.7,24.9,11.8,11.5,69,86,25.2,89,27.2,2024-09-10 06:04:00,2024-09-10 18:32:00,977.4
2024-09-11,31.7,25.0,26.7,16.6,356,75,25.5,89,27.5,2024-09-11 06:04:00,2024-09-11 18:31:00,977.0
2024-09-12,27.2,23.9,100.8,24.4,7,97,23.9,91,25.4,2024-09-12 06:04:00,2024-09-12 18:29:00,975.3
2024-09-13,30.0,23.3,54.7,22.7,286,83,23.5,89,25.4,2024-09-13 06:05:00,2024-09-13 18:28:00,976.3
2024-09-14,29.9,22.6,4.7,18.7,294,47,22.9,84,26.0,2024-09-14 06:05:00,2024-09-14 18:27:00,978.7
2024-09-15,31.2,22.5,0.1,19.8,290,15,22.3,79,26.4,2024-09-15 06:06:00,2024-09-15 18:26:00,979.2
2024-09-16,32.1,23.7,0.0,17.3,289,4,21.6,73,27.2,2024-09-16 06:06:00,2024-09-16 18:25:00,980.6
2024-09-17,31.5,23.9,0.0,11.6,303,62,22.4,74,27.6,2024-09-17 06:07:00,2024-09-17 18:23:00,982.0
2024-09-18,27.7,22.8,62.7,17.9,35,99,22.4,86,24.9,2024-09-18 06:07:00,2024-09-18 18:22:00,980.9
2024-09-19,29.8,22.8,3.7,15.7,88,59,23.4,85,26.2,2024-09-19 06:08:00,2024-09-19 18:21:00,980.8
2024-09-20,31.1,24.0,0.0,12.2,134,28,23.3,80,27.2,2024-09-20 06:08:00,2024-09-20 18:20:00,981.1
2024-09-21,31.6,24.8,0.2,9.2,188,45,23.8,79,27.9,2024-09-21 06:09:00,2024-09-21 18:19:00,982.3
2024-09-22,33.1,25.3,0.0,6.9,305,27,24.4,77,29.0,2024-09-22 06:09:00,2024-09-22 18:17:00,981.7
2024-09-23,33.3,25.1,0.0,10.7,295,1,24.6,78,28.9,2024-09-23 06:10:00,2024-09-23 18:16:00,981.1
2024-09-24,33.6,25.2,0.0,6.9,229,7,24.6,77,29.3,2024-09-24 06:10:00,2024-09-24 18:15:00,980.1
2024-09-25,33.0,26.4,0.4,16.1,119,50,25.4,81,29.0,2024-09-25 06:11:00,2024-09-25 18:14:00,980.4
2024-09-26,31.4,25.3,0.4,13.2,116,86,24.4,82,27.9,2024-09-26 06:11:00,2024-09-26 18:13:00,980.4
2024-09-27,30.9,24.8,0.8,16.0,95,31,23.4,80,27.3,2024-09-27 06:12:00,2024-09-27 18:11:00,980.1
2024-09-28,30.5,23.1,0.0,11.6,74,73,22.6,81,26.3,2024-09-28 06:12:00,2024-09-28 18:10:00,981.9
2024-09-29,30.7,22.6,0.3,10.1,59,61,23.1,83,26.4,2024-09-29 06:13:00,2024-09-29 18:09:00,984.5
2024-09-30,32.7,23.5,0.0,15.2,288,29,23.1,77,27.7,2024-09-30 06:13:00,2024-09-30 18:08:00,983.6
2024-10-01,33.2,24.0,0.0,14.9,283,1,23.5,76,28.3,2024-10-01 06:14:00,2024-10-01 18:07:00,980.9
2024-10-02,34.6,24.7,0.0,17.7,270,0,23.0,73,28.9,2024-10-02 06:14:00,2024-10-02 18:06:00,980.3
2024-10-03,33.9,24.5,0.0,18.4,284,0,21.3,66,28.6,2024-10-03 06:15:00,2024-10-03 18:04:00,979.8
2024-10-04,33.5,23.8,0.0,13.4,269,0,21.6,68,28.3,2024-10-04 06:16:00,2024-10-04 18:03:00,981.0
2024-10-05,33.6,24.2,0.0,17.8,272,7,21.2,66,28.4,2024-10-05 06:16:00,2024-10-05 18:02:00,983.1
2024-10-06,33.6,23.7,0.0,15.9,306,5,20.4,65,27.8,2024-10-06 06:17:00,2024-10-06 18:01:00,986.3
2024-10-07,32.4,21.9,0.0,9.1,318,0,20.6,71,26.7,2024-10-07 06:17:00,2024-10-07 18:00:00,988.3
2024-10-08,32.5,22.2,0.0,10.0,334,1,20.5,70,27.0,2024-10-08 06:18:00,2024-10-08 17:59:00,987.7
2024-10-09,32.2,20.6,0.0,14.8,301,2,18.9,65,26.5,2024-10-09 06:18:00,2024-10-09 17:58:00,985.8
2024-10-10,32.3,21.0,0.0,13.9,299,8,17.2,60,26.1,2024-10-10 06:19:00,2024-10-10 17:56:00,985.0
2024-10-11,31.7,19.1,0.0,13.7,282,5,15.3,56,25.0,2024-10-11 06:19:00,2024-10-11 17:55:00,985.1
2024-10-12,32.0,19.1,0.0,10.6,279,0,16.6,61,25.3,2024-10-12 06:20:00,2024-10-12 17:54:00,985.7
2024-10-13,32.1,19.7,0.0,8.7,303,25,15.9,57,26.0,2024-10-13 06:21:00,2024-10-13 17:53:00,986.6
2024-10-14,31.8,20.5,0.0,10.4,312,5,15.5,55,25.7,2024-10-14 06:21:00,2024-10-14 17:52:00,987.1
2024-10-15,31.9,19.4,0.0,13.1,284,0,15.5,57,25.2,2024-10-15 06:22:00,2024-10-15 17:51:00,986.2
2024-10-16,32.4,19.6,0.0,9.0,260,53,16.1,57,25.7,2024-10-16 06:22:00,2024-10-16 17:50:00,985.2
2024-10-17,32.8,20.6,0.0,9.2,104,33,18.1,63,26.3,2024-10-17 06:23:00,2024-10-17 17:49:00,985.8
2024-10-18,33.4,20.1,0.0,10.1,136,0,18.2,65,26.1,2024-10-18 06:24:00,2024-10-18 17:48:00,985.7
2024-10-19,33.7,21.0,0.0,9.9,178,1,18.6,63,26.8,2024-10-19 06:24:00,2024-10-19 17:47:00,986.0
2024-10-20,33.0,20.2,0.0,10.5,94,4,19.2,68,26.5,2024-10-20 06:25:00,2024-10-20 17:46:00,987.3
2024-10-21,32.3,20.0,0.0,9.1,63,0,19.2,70,25.6,2024-10-21 06:26:00,2024-10-21 17:45:00,987.9
2024-10-22,31.5,20.1,0.0,9.5,41,0,18.5,67,25.6,2024-10-22 06:26:00,2024-10-22 17:44:00,988.8
2024-10-23,32.1,20.1,0.0,17.5,312,1,17.2,61,26.1,2024-10-23 06:27:00,2024-10-23 17:43:00,988.2
2024-10-24,32.6,20.2,0.0,14.8,309,0,16.6,59,25.5,2024-10-24 06:27:00,2024-10-24 17:42:00,986.9
2024-10-25,32.1,19.1,0.0,17.9,302,0,16.4,61,25.0,2024-10-25 06:28:00,2024-10-25 17:42:00,986.1
2024-10-26,31.6,19.0,0.0,13.2,338,0,17.3,66,24.6,2024-10-26 06:29:00,2024-10-26 17:41:00,986.1
2024-10-27,31.1,20.4,0.0,8.5,114,0,19.6,74,25.2,2024-10-27 06:30:00,2024-10-27 17:40:00,985.3
2024-10-28,31.4,21.0,0.0,10.9,154,0,19.5,71,25.7,2024-10-28 06:30:00,2024-10-28 17:39:00,984.1
2024-10-29,32.9,20.6,0.0,8.9,159,0,19.9,70,26.4,2024-10-29 06:31:00,2024-10-29 17:38:00,984.5
2024-10-30,34.3,21.3,0.0,12.4,330,0,18.8,65,27.0,2024-10-30 06:32:00,2024-10-30 17:37:00,985.2
2024-10-31,32.8,20.8,0.0,18.0,295,0,17.6,63,26.1,2024-10-31 06:32:00,2024-10-31 17:36:00,986.8
2024-11-01,32.0,19.3,0.0,17.6,293,0,13.7,53,24.9,2024-11-01 06:33:00,2024-11-01 17:36:00,987.6
2024-11-02,31.7,17.7,0.0,10.7,293,0,13.9,54,24.4,2024-11-02 06:34:00,2024-11-02 17:35:00,988.7
2024-11-03,31.3,18.2,0.0,9.3,31,0,13.6,54,24.4,2024-11-03 06:34:00,2024-11-03 17:34:00,989.6
2024-11-04,30.4,17.5,0.0,9.5,297,0,15.4,62,23.7,2024-11-04 06:35:00,2024-11-04 17:33:00,988.2
2024-11-05,29.4,18.1,0.0,10.5,86,1,17.4,71,23.4,2024-11-05 06:36:00,2024-11-05 17:33:00,990.1
2024-11-06,30.2,18.1,0.0,8.9,296,0,16.9,67,23.9,2024-11-06 06:37:00,2024-11-06 17:32:00,990.4
2024-11-07,30.1,19.0,0.0,7.4,147,0,17.1,67,24.2,2024-11-07 06:37:00,2024-11-07 17:31:00,989.6
2024-11-08,30.3,19.0,0.0,8.1,146,2,17.5,66,24.6,2024-11-08 06:38:00,2024-11-08 17:31:00,989.4
2024-11-09,30.6,19.7,0.0,11.4,145,2,17.6,68,24.5,2024-11-09 06:39:00,2024-11-09 17:30:00,989.6
2024-11-10,30.2,19.3,0.0,9.6,109,0,17.9,69,24.3,2024-11-10 06:40:00,2024-11-10 17:30:00,989.5
2024-11-11,29.8,18.5,0.0,8.0,77,1,18.5,74,23.9,2024-11-11 06:40:00,2024-11-11 17:29:00,989.4
2024-11-12,31.2,19.0,0.0,15.0,260,0,15.2,60,24.9,2024-11-12 06:41:00,2024-11-12 17:29:00,989.0
2024-11-13,30.0,18.8,0.0,10.5,299,0,14.0,56,24.1,2024-11-13 06:42:00,2024-11-13 17:28:00,988.1
2024-11-14,30.0,19.0,0.0,9.6,304,0,13.6,55,24.1,2024-11-14 06:43:00,2024-11-14 17:28:00,990.1
2024-11-15,29.0,18.7,0.0,12.6,299,0,12.3,51,23.7,2024-11-15 06:44:00,2024-11-15 17:27:00,989.5
2024-11-16,28.8,17.6,0.0,10.5,298,1,13.0,55,23.3,2024-11-16 06:44:00,2024-11-16 17:27:00,988.6
2024-11-17,28.5,18.0,0.0,8.9,297,1,13.7,58,22.9,2024-11-17 06:45:00,2024-11-17 17:26:00,989.1
2024-11-18,26.4,15.9,0.0,7.8,292,1,12.0,60,20.8,2024-11-18 06:46:00,2024-11-18 17:26:00,990.7
2024-11-19,25.9,14.2,0.0,8.7,289,0,8.8,51,20.1,2024-11-19 06:47:00,2024-11-19 17:26:00,991.7
2024-11-20,25.9,13.6,0.0,8.3,288,0,8.1,50,19.8,2024-11-20 06:48:00,2024-11-20 17:25:00,990.6
2024-11-21,25.8,13.6,0.0,7.7,289,0,8.5,51,19.7,2024-11-21 06:48:00,2024-11-21 17:25:00,990.1
2024-11-22,26.3,14.0,0.0,7.0,293,0,10.0,54,20.3,2024-11-22 06:49:00,2024-11-22 17:25:00,989.9
2024-11-23,27.5,14.1,0.0,6.0,249,0,9.4,51,20.9,2024-11-23 06:50:00,2024-11-23 17:24:00,990.4
2024-11-24,27.7,15.7,0.0,10.6,271,0,9.4,48,21.4,2024-11-24 06:51:00,2024-11-24 17:24:00,990.2
2024-11-25,25.9,15.1,0.0,11.0,286,0,11.4,57,20.6,2024-11-25 06:52:00,2024-11-25 17:24:00,990.2
2024-11-26,25.6,13.9,0.0,10.4,286,0,9.7,56,19.7,2024-11-26 06:52:00,2024-11-26 17:24:00,990.4
2024-11-27,26.0,13.6,0.0,8.1,300,0,7.9,49,19.8,2024-11-27 06:53:00,2024-11-27 17:24:00,989.9
2024-11-28,25.5,12.8,0.0,6.5,333,0,8.0,50,19.4,2024-11-28 06:54:00,2024-11-28 17:24:00,991.4
2024-11-29,24.6,12.5,0.0,5.1,347,0,10.1,59,18.9,2024-11-29 06:55:00,2024-11-29 17:24:00,992.1
2024-11-30,24.9,12.4,0.0,8.0,307,0,10.2,60,18.9,2024-11-30 06:55:00,2024-11-30 17:24:00,990.2
2024-12-01,24.8,14.0,0.0,8.1,301,0,11.2,61,19.4,2024-12-01 06:56:00,2024-12-01 17:23:00,988.5
2024-12-02,25.8,13.3,0.0,7.1,300,0,10.2,58,19.5,2024-12-02 06:57:00,2024-12-02 17:24:00,988.7
2024-12-03,26.5,13.5,0.0,10.7,307,0,10.3,56,20.1,2024-12-03 06:58:00,2024-12-03 17:24:00,990.8
2024-12-04,25.6,15.2,0.0,14.2,298,0,8.8,50,20.1,2024-12-04 06:58:00,2024-12-04 17:24:00,989.9
2024-12-05,23.6,12.0,0.0,12.7,283,0,4.8,45,17.8,2024-12-05 06:59:00,2024-12-05 17:24:00,989.4
2024-12-06,23.5,11.3,0.0,12.0,287,0,5.7,47,17.5,2024-12-06 07:00:00,2024-12-06 17:24:00,988.3
2024-12-07,23.1,9.7,0.0,5.0,283,0,3.4,44,16.9,2024-12-07 07:01:00,2024-12-07 17:24:00,987.9
2024-12-08,22.3,11.0,1.5,13.1,124,19,6.9,56,16.1,2024-12-08 07:01:00,2024-12-08 17:24:00,987.7
2024-12-09,20.2,10.4,0.0,8.7,36,1,8.4,65,15.3,2024-12-09 07:02:00,2024-12-09 17:24:00,990.0
2024-12-10,20.1,9.8,0.0,13.0,304,0,3.8,53,14.5,2024-12-10 07:03:00,2024-12-10 17:25:00,992.0
2024-12-11,20.2,8.2,0.0,10.5,292,0,2.3,47,13.9,2024-12-11 07:04:00,2024-12-11 17:25:00,991.7
2024-12-12,20.5,7.7,0.0,10.1,299,0,3.9,52,14.2,2024-12-12 07:04:00,2024-12-12 17:25:00,991.1
2024-12-13,20.6,9.2,0.0,15.1,296,1,3.1,48,14.8,2024-12-13 07:05:00,2024-12-13 17:25:00,992.3
2024-12-14,20.7,8.6,0.0,12.5,287,0,2.2,44,14.6,2024-12-14 07:05:00,2024-12-14 17:26:00,992.5
2024-12-15,21.1,7.3,0.0,6.5,298,0,3.6,51,14.3,2024-12-15 07:06:00,2024-12-15 17:26:00,993.8
2024-12-16,21.0,7.0,0.0,5.9,314,0,7.5,67,14.2,2024-12-16 07:07:00,2024-12-16 17:26:00,992.1
2024-12-17,20.6,7.7,0.0,4.4,325,30,8.9,74,14.2,2024-12-17 07:07:00,2024-12-17 17:27:00,990.7
2024-12-18,20.9,7.6,0.0,7.2,279,12,7.6,69,14.0,2024-12-18 07:08:00,2024-12-18 17:27:00,990.2
2024-12-19,20.8,8.0,0.0,8.3,123,0,6.5,62,14.5,2024-12-19 07:08:00,2024-12-19 17:28:00,990.3
2024-12-20,23.2,10.2,0.0,6.5,5,1,8.0,62,16.2,2024-12-20 07:09:00,2024-12-20 17:28:00,990.1
2024-12-21,22.1,9.2,0.0,7.3,320,3,8.0,65,15.5,2024-12-21 07:09:00,2024-12-21 17:28:00,990.6
2024-12-22,22.5,10.5,0.0,7.2,134,31,7.7,60,16.3,2024-12-22 07:10:00,2024-12-22 17:29:00,990.4
2024-12-23,17.6,11.6,1.4,10.1,98,56,8.7,68,14.5,2024-12-23 07:10:00,2024-12-23 17:30:00,990.4
2024-12-24,18.7,11.4,0.5,8.9,46,49,10.4,77,14.7,2024-12-24 07:11:00,2024-12-24 17:30:00,991.7
2024-12-25,20.6,10.8,0.0,7.6,319,5,10.8,78,15.1,2024-12-25 07:11:00,2024-12-25 17:31:00,993.5
2024-12-26,22.6,9.9,0.0,4.8,350,18,9.4,68,16.1,2024-12-26 07:11:00,2024-12-26 17:31:00,995.2
2024-12-27,17.1,13.8,29.9,11.3,64,87,12.4,84,15.1,2024-12-27 07:12:00,2024-12-27 17:32:00,993.7
2024-12-28,18.1,12.3,4.6,7.8,338,62,13.1,89,14.9,2024-12-28 07:12:00,2024-12-28 17:33:00,993.3
2024-12-29,18.3,10.6,0.0,9.6,307,16,11.3,86,13.7,2024-12-29 07:13:00,2024-12-29 17:33:00,995.0
2024-12-30,18.1,9.6,0.0,11.0,290,20,10.5,87,12.7,2024-12-30 07:13:00,2024-12-30 17:34:00,994.2
2024-12-31,16.1,7.5,0.0,5.1,297,41,9.4,89,11.3,2024-12-31 07:13:00,2024-12-31 17:35:00,995.2
2025-01-01,16.8,7.7,0.0,9.4,294,52,9.3,89,11.1,2025-01-01 07:14:00,2025-01-01 17:35:00,993.4
2025-01-02,18.2,8.5,0.0,10.1,287,85,9.8,85,12.4,2025-01-02 07:14:00,2025-01-02 17:36:00,992.6
2025-01-03,19.6,8.6,0.0,6.1,286,75,10.3,86,12.8,2025-01-03 07:14:00,2025-01-03 17:37:00,992.4
2025-01-04,21.1,8.4,0.0,7.3,127,27,11.5,89,13.5,2025-01-04 07:14:00,2025-01-04 17:37:00,990.3
2025-01-05,18.1,9.2,0.0,9.1,124,33,10.7,90,12.4,2025-01-05 07:14:00,2025-01-05 17:38:00,990.4
2025-01-06,18.0,8.8,4.9,9.3,325,35,11.1,89,13.0,2025-01-06 07:14:00,2025-01-06 17:39:00,991.5
2025-01-07,17.5,10.2,0.0,13.8,295,35,11.0,88,13.0,2025-01-07 07:15:00,2025-01-07 17:40:00,992.1
2025-01-08,18.4,8.7,0.0,11.1,282,0,8.1,75,12.7,2025-01-08 07:15:00,2025-01-08 17:40:00,990.3
2025-01-09,18.7,8.0,0.0,4.9,316,4,8.6,77,12.8,2025-01-09 07:15:00,2025-01-09 17:41:00,992.6
2025-01-10,17.9,7.9,0.0,6.4,106,12,9.5,85,12.1,2025-01-10 07:15:00,2025-01-10 17:42:00,994.2
2025-01-11,16.8,8.0,3.9,14.1,103,66,10.1,88,12.2,2025-01-11 07:15:00,2025-01-11 17:43:00,992.9
2025-01-12,18.0,9.8,0.1,6.2,68,29,11.1,87,13.2,2025-01-12 07:15:00,2025-01-12 17:43:00,993.5
2025-01-13,19.0,9.2,0.0,8.6,296,10,10.8,86,13.4,2025-01-13 07:15:00,2025-01-13 17:44:00,993.2
2025-01-14,18.2,8.7,0.0,8.1,300,0,10.2,83,13.2,2025-01-14 07:14:00,2025-01-14 17:45:00,993.5
2025-01-15,18.4,9.1,2.9,6.3,115,61,10.8,87,13.0,2025-01-15 07:14:00,2025-01-15 17:46:00,994.4
2025-01-16,18.0,11.1,0.7,6.2,45,44,11.0,84,13.9,2025-01-16 07:14:00,2025-01-16 17:47:00,995.4
2025-01-17,18.9,9.2,0.0,9.3,308,1,9.7,81,13.2,2025-01-17 07:14:00,2025-01-17 17:47:00,994.8
2025-01-18,17.8,7.8,0.0,8.6,289,52,9.9,86,12.3,2025-01-18 07:14:00,2025-01-18 17:48:00,993.0
2025-01-19,21.3,8.9,0.0,5.5,324,63,12.1,86,14.6,2025-01-19 07:14:00,2025-01-19 17:49:00,991.7
2025-01-20,21.9,11.7,0.0,10.2,287,10,13.3,83,16.3,2025-01-20 07:13:00,2025-01-20 17:50:00,990.0
2025-01-21,21.9,11.1,0.0,10.0,289,0,11.9,78,16.0,2025-01-21 07:13:00,2025-01-21 17:51:00,988.8
2025-01-22,22.8,10.4,0.0,6.6,304,6,11.4,75,16.2,2025-01-22 07:13:00,2025-01-22 17:52:00,988.4
2025-01-23,21.9,11.7,1.6,11.1,306,14,10.4,71,16.3,2025-01-23 07:13:00,2025-01-23 17:53:00,990.0
2025-01-24,20.9,10.4,0.0,12.9,287,0,8.5,67,14.9,2025-01-24 07:12:00,2025-01-24 17:53:00,990.2
2025-01-25,20.8,9.0,0.0,11.6,273,0,6.8,63,14.2,2025-01-25 07:12:00,2025-01-25 17:54:00,989.8
2025-01-26,21.0,8.2,0.0,10.1,275,0,6.4,62,14.1,2025-01-26 07:12:00,2025-01-26 17:55:00,989.4
2025-01-27,21.5,7.8,0.0,9.5,277,0,6.4,62,14.4,2025-01-27 07:11:00,2025-01-27 17:56:00,988.2
2025-01-28,22.9,8.0,0.0,8.3,270,0,6.2,58,15.3,2025-01-28 07:11:00,2025-01-28 17:57:00,987.8
2025-01-29,24.0,10.2,0.0,9.7,117,1,8.6,63,16.6,2025-01-29 07:10:00,2025-01-29 17:57:00,989.2
2025-01-30,24.8,11.3,0.0,7.6,139,0,10.5,66,17.7,2025-01-30 07:10:00,2025-01-30 17:58:00,986.2
2025-01-31,26.3,12.1,0.0,8.1,147,18,10.6,65,18.8,2025-01-31 07:09:00,2025-01-31 17:59:00,985.8
2025-02-01,25.5,12.7,0.0,15.6,109,21,11.0,63,19.1,2025-02-01 07:09:00,2025-02-01 18:00:00,988.0
2025-02-02,23.6,13.7,0.0,11.3,318,6,11.7,70,17.9,2025-02-02 07:08:00,2025-02-02 18:01:00,990.3
2025-02-03,22.8,10.8,1.7,6.5,322,8,9.2,66,16.4,2025-02-03 07:07:00,2025-02-03 18:02:00,989.5
2025-02-04,22.9,13.0,0.7,8.9,100,49,11.8,70,17.6,2025-02-04 07:07:00,2025-02-04 18:02:00,989.5
2025-02-05,21.4,11.9,0.3,12.0,303,5,9.4,68,16.2,2025-02-05 07:06:00,2025-02-05 18:03:00,990.4
2025-02-06,21.1,11.4,0.0,16.8,317,3,5.3,51,15.9,2025-02-06 07:06:00,2025-02-06 18:04:00,991.9
2025-02-07,20.8,10.6,0.0,17.3,293,8,5.1,52,15.3,2025-02-07 07:05:00,2025-02-07 18:05:00,991.6
2025-02-08,23.3,11.1,0.0,12.6,292,33,6.2,52,16.7,2025-02-08 07:04:00,2025-02-08 18:06:00,990.4
2025-02-09,25.2,10.8,0.0,8.1,289,3,8.5,59,17.8,2025-02-09 07:03:00,2025-02-09 18:06:00,989.5
2025-02-10,27.2,11.7,0.0,7.1,290,10,9.2,59,19.2,2025-02-10 07:03:00,2025-02-10 18:07:00,988.9
2025-02-11,27.9,12.3,0.0,9.5,316,11,11.1,60,20.3,2025-02-11 07:02:00,2025-02-11 18:08:00,988.3
2025-02-12,25.3,13.6,0.0,16.2,303,0,7.9,51,19.2,2025-02-12 07:01:00,2025-02-12 18:09:00,989.4
2025-02-13,23.6,13.7,0.0,16.1,301,0,6.3,47,18.3,2025-02-13 07:00:00,2025-02-13 18:09:00,989.8
2025-02-14,24.6,12.3,0.0,14.1,287,17,5.0,42,18.5,2025-02-14 07:00:00,2025-02-14 18:10:00,988.0
2025-02-15,25.6,13.0,0.0,10.3,27,27,7.0,46,19.9,2025-02-15 06:59:00,2025-02-15 18:11:00,985.9
2025-02-16,26.6,13.5,0.0,8.4,3,36,9.4,52,20.4,2025-02-16 06:58:00,2025-02-16 18:12:00,987.5
2025-02-17,28.8,16.2,0.0,7.9,329,33,9.6,52,21.7,2025-02-17 06:57:00,2025-02-17 18:12:00,990.2
2025-02-18,26.4,16.8,0.0,9.6,298,41,10.3,53,20.9,2025-02-18 06:56:00,2025-02-18 18:13:00,989.8
2025-02-19,27.0,14.2,1.0,8.5,265,76,9.1,51,20.6,2025-02-19 06:55:00,2025-02-19 18:14:00,988.1
2025-02-20,23.7,15.1,7.1,16.6,91,49,12.9,69,19.0,2025-02-20 06:54:00,2025-02-20 18:14:00,988.9
2025-02-21,25.1,13.7,0.4,11.2,347,32,13.0,71,19.0,2025-02-21 06:54:00,2025-02-21 18:15:00,991.8
2025-02-22,23.9,13.5,0.0,11.9,299,19,11.1,66,18.3,2025-02-22 06:53:00,2025-02-22 18:16:00,991.6
2025-02-23,25.1,13.3,0.0,9.1,298,0,10.7,62,18.9,2025-02-23 06:52:00,2025-02-23 18:16:00,992.5
2025-02-24,26.9,13.3,0.0,10.3,309,22,9.8,57,20.1,2025-02-24 06:51:00,2025-02-24 18:17:00,993.4
2025-02-25,28.1,14.4,0.0,7.4,308,47,10.2,54,21.4,2025-02-25 06:50:00,2025-02-25 18:18:00,993.6
2025-02-26,30.1,17.9,0.0,8.9,171,84,13.4,55,23.7,2025-02-26 06:49:00,2025-02-26 18:19:00,993.3
2025-02-27,23.4,19.1,1.0,17.1,68,98,15.3,70,21.1,2025-02-27 06:48:00,2025-02-27 18:19:00,990.7
2025-02-28,23.4,18.2,3.3,12.9,97,73,15.0,73,20.0,2025-02-28 06:47:00,2025-02-28 18:20:00,987.3
2025-03-01,24.1,15.5,7.7,15.8,72,52,16.0,81,19.5,2025-03-01 06:46:00,2025-03-01 18:20:00,988.4
2025-03-02,24.6,15.4,0.0,13.2,318,0,12.0,67,19.1,2025-03-02 06:44:00,2025-03-02 18:21:00,987.6
2025-03-03,26.9,12.8,0.0,7.8,125,9,10.8,59,19.8,2025-03-03 06:43:00,2025-03-03 18:22:00,986.6
2025-03-04,24.4,15.6,0.0,17.0,294,9,11.4,60,19.8,2025-03-04 06:42:00,2025-03-04 18:22:00,988.1
2025-03-05,22.8,12.6,0.0,22.7,301,0,5.1,45,17.8,2025-03-05 06:41:00,2025-03-05 18:23:00,989.2
2025-03-06,26.6,12.8,0.0,14.2,287,0,5.5,41,19.6,2025-03-06 06:40:00,2025-03-06 18:24:00,987.2
2025-03-07,28.4,12.5,0.0,9.5,290,0,6.7,44,20.9,2025-03-07 06:39:00,2025-03-07 18:24:00,985.7
2025-03-08,30.1,14.6,0.0,12.0,289,1,8.1,43,22.4,2025-03-08 06:38:00,2025-03-08 18:25:00,984.3
2025-03-09,31.8,16.8,0.0,11.9,143,2,10.1,43,24.7,2025-03-09 06:37:00,2025-03-09 18:26:00,987.5
2025-03-10,31.7,19.0,0.0,13.5,131,49,11.9,46,25.2,2025-03-10 06:36:00,2025-03-10 18:26:00,990.7
2025-03-11,34.4,19.5,0.0,7.1,359,57,12.8,46,26.9,2025-03-11 06:35:00,2025-03-11 18:27:00,988.5
2025-03-12,32.9,19.8,0.0,12.2,298,60,13.9,50,26.4,2025-03-12 06:34:00,2025-03-12 18:27:00,984.7
2025-03-13,32.0,21.0,5.9,14.8,318,37,14.5,53,25.2,2025-03-13 06:33:00,2025-03-13 18:28:00,983.1
2025-03-14,33.2,19.0,0.0,13.6,156,47,13.2,51,25.7,2025-03-14 06:31:00,2025-03-14 18:28:00,984.1
2025-03-15,30.3,19.0,0.5,15.0,50,35,13.9,55,24.1,2025-03-15 06:30:00,2025-03-15 18:29:00,985.8
2025-03-16,29.9,18.0,0.1,12.9,323,4,10.9,48,23.7,2025-03-16 06:29:00,2025-03-16 18:30:00,987.2
2025-03-17,28.3,17.6,0.0,14.0,306,8,9.7,44,23.1,2025-03-17 06:28:00,2025-03-17 18:30:00,988.1
2025-03-18,29.9,17.1,0.0,11.8,296,3,9.4,43,23.6,2025-03-18 06:27:00,2025-03-18 18:31:00,987.9
2025-03-19,32.3,17.7,0.0,11.9,306,15,8.2,37,25.2,2025-03-19 06:26:00,2025-03-19 18:31:00,988.7
2025-03-20,33.0,19.1,0.0,13.9,322,2,6.9,32,26.2,2025-03-20 06:24:00,2025-03-20 18:32:00,989.9
2025-03-21,32.0,19.4,0.0,15.5,309,2,6.5,32,25.4,2025-03-21 06:23:00,2025-03-21 18:32:00,989.4
2025-03-22,31.3,18.0,0.0,16.1,296,6,6.8,33,25.2,2025-03-22 06:22:00,2025-03-22 18:33:00,988.2
2025-03-23,32.7,18.5,0.0,10.3,218,0,7.4,34,26.0,2025-03-23 06:21:00,2025-03-23 18:34:00,989.8
2025-03-24,33.9,20.0,0.0,8.5,176,0,7.6,32,27.2,2025-03-24 06:20:00,2025-03-24 18:34:00,989.1
2025-03-25,36.4,20.9,0.0,9.7,114,0,8.2,32,28.7,2025-03-25 06:19:00,2025-03-25 18:35:00,985.2
2025-03-26,37.9,21.8,0.0,12.2,181,0,7.7,29,30.0,2025-03-26 06:17:00,2025-03-26 18:35:00,982.3
2025-03-27,36.2,24.1,0.0,12.8,279,17,8.5,27,30.1,2025-03-27 06:16:00,2025-03-27 18:36:00,982.1
2025-03-28,31.0,21.8,0.0,15.5,293,1,3.2,25,26.1,2025-03-28 06:15:00,2025-03-28 18:36:00,984.7
2025-03-29,28.9,16.2,0.0,15.2,298,77,-0.3,22,23.0,2025-03-29 06:14:00,2025-03-29 18:37:00,985.4
2025-03-30,31.5,17.5,0.0,12.6,296,19,0.9,22,24.8,2025-03-30 06:13:00,2025-03-30 18:37:00,985.9
2025-03-31,33.9,17.6,0.0,13.5,295,0,1.3,21,26.2,2025-03-31 06:12:00,2025-03-31 18:38:00,986.1
2025-04-01,33.3,19.0,0.0,13.6,290,0,1.0,21,26.5,2025-04-01 06:11:00,2025-04-01 18:39:00,985.1
2025-04-02,35.7,18.6,0.0,11.8,295,0,2.2,22,27.7,2025-04-02 06:10:00,2025-04-02 18:39:00,985.9
2025-04-03,37.4,20.4,0.0,9.4,252,19,0.8,19,29.6,2025-04-03 06:08:00,2025-04-03 18:40:00,986.6
2025-04-04,37.0,21.7,0.0,14.2,299,1,1.8,18,30.1,2025-04-04 06:07:00,2025-04-04 18:40:00,986.2
2025-04-05,35.2,22.0,0.0,13.8,291,1,4.4,22,29.0,2025-04-05 06:06:00,2025-04-05 18:41:00,984.3
2025-04-06,38.1,22.0,0.0,10.3,284,11,5.0,22,30.5,2025-04-06 06:05:00,2025-04-06 18:41:00,982.5
2025-04-07,39.9,24.4,0.0,7.6,93,6,7.0,22,32.5,2025-04-07 06:04:00,2025-04-07 18:42:00,983.7
2025-04-08,39.9,25.2,0.0,9.7,111,9,7.3,22,32.8,2025-04-08 06:03:00,2025-04-08 18:42:00,985.7
2025-04-09,40.7,26.1,0.0,12.5,103,14,9.9,25,33.5,2025-04-09 06:02:00,2025-04-09 18:43:00,983.6
2025-04-10,38.9,26.6,1.4,23.3,131,65,12.1,33,31.5,2025-04-10 06:00:00,2025-04-10 18:44:00,979.5
2025-04-11,34.2,22.5,8.1,25.8,106,55,17.5,60,26.3,2025-04-11 05:59:00,2025-04-11 18:44:00,979.1
2025-04-12,34.8,20.5,1.1,9.9,99,20,15.9,57,26.3,2025-04-12 05:58:00,2025-04-12 18:45:00,982.1
2025-04-13,35.3,21.1,0.0,5.6,91,6,14.5,47,28.3,2025-04-13 05:57:00,2025-04-13 18:45:00,983.8
2025-04-14,35.6,22.3,0.0,10.1,116,1,14.0,42,29.3,2025-04-14 05:56:00,2025-04-14 18:46:00,984.0
2025-04-15,36.6,24.7,0.0,10.0,127,9,13.9,37,30.8,2025-04-15 05:55:00,2025-04-15 18:46:00,984.4
2025-04-16,38.2,25.6,0.0,9.5,124,7,13.4,34,32.2,2025-04-16 05:54:00,2025-04-16 18:47:00,982.8
2025-04-17,40.5,26.2,0.0,15.8,117,15,12.9,32,33.3,2025-04-17 05:53:00,2025-04-17 18:48:00,980.2
2025-04-18,40.8,25.7,0.0,15.9,99,16,16.1,40,32.9,2025-04-18 05:52:00,2025-04-18 18:48:00,978.8
2025-04-19,39.9,27.4,0.0,19.7,128,9,16.2,41,32.6,2025-04-19 05:51:00,2025-04-19 18:49:00,979.1
2025-04-20,40.0,27.0,0.0,17.4,114,7,14.7,37,33.1,2025-04-20 05:50:00,2025-04-20 18:49:00,979.5
2025-04-21,40.4,26.3,0.0,11.9,265,20,5.0,23,33.8,2025-04-21 05:49:00,2025-04-21 18:50:00,982.2
2025-04-22,39.5,24.6,0.0,12.2,277,0,-3.6,10,32.6,2025-04-22 05:48:00,2025-04-22 18:50:00,983.6
2025-04-23,39.2,23.8,0.0,13.7,282,0,-2.4,11,32.2,2025-04-23 05:47:00,2025-04-23 18:51:00,981.4
2025-04-24,40.4,24.4,0.0,15.3,277,0,-2.7,11,32.8,2025-04-24 05:46:00,2025-04-24 18:52:00,979.1
2025-04-25,41.6,25.3,0.0,14.3,317,1,-0.4,13,33.8,2025-04-25 05:45:00,2025-04-25 18:52:00,980.0
2025-04-26,41.5,26.0,0.0,18.8,260,51,0.6,13,34.3,2025-04-26 05:44:00,2025-04-26 18:53:00,980.0
2025-04-27,40.8,28.3,0.0,11.2,326,25,1.5,14,34.5,2025-04-27 05:43:00,2025-04-27 18:53:00,981.2
2025-04-28,41.1,26.5,0.0,17.3,97,11,5.8,20,33.0,2025-04-28 05:42:00,2025-04-28 18:54:00,979.9
2025-04-29,37.5,25.0,0.0,15.0,108,2,13.0,35,31.3,2025-04-29 05:42:00,2025-04-29 18:55:00,980.9
2025-04-30,36.8,26.3,0.0,12.3,107,22,14.3,37,31.5,2025-04-30 05:41:00,2025-04-30 18:55:00,982.5
2025-05-01,37.6,25.9,0.0,14.7,106,36,14.0,36,31.8,2025-05-01 05:40:00,2025-05-01 18:56:00,983.4
2025-05-02,28.6,21.7,12.4,13.3,89,67,18.8,65,26.2,2025-05-02 05:39:00,2025-05-02 18:56:00,984.6
2025-05-03,35.4,24.0,3.4,12.3,119,71,17.5,54,28.3,2025-05-03 05:38:00,2025-05-03 18:57:00,981.9
2025-05-04,34.8,24.4,2.0,11.5,107,92,17.7,49,29.9,2025-05-04 05:37:00,2025-05-04 18:58:00,980.1
2025-05-05,35.6,24.2,0.1,13.4,88,90,18.6,58,28.5,2025-05-05 05:37:00,2025-05-05 18:58:00,981.2
2025-05-06,34.4,22.2,0.4,19.3,88,71,18.9,62,27.4,2025-05-06 05:36:00,2025-05-06 18:59:00,981.3
2025-05-07,33.3,23.7,0.5,10.7,88,69,19.3,62,27.8,2025-05-07 05:35:00,2025-05-07 18:59:00,980.8
2025-05-08,32.4,23.9,2.7,11.6,77,47,19.6,61,28.3,2025-05-08 05:34:00,2025-05-08 19:00:00,981.1
2025-05-09,37.1,25.1,1.1,9.8,114,32,18.1,49,30.7,2025-05-09 05:34:00,2025-05-09 19:01:00,982.1
2025-05-10,37.1,26.6,1.5,18.2,63,28,19.3,52,30.9,2025-05-10 05:33:00,2025-05-10 19:01:00,981.7
2025-05-11,38.2,25.1,0.0,14.0,310,9,18.3,49,31.7,2025-05-11 05:32:00,2025-05-11 19:02:00,980.1
2025-05-12,39.6,25.5,0.0,13.5,294,3,14.0,35,33.0,2025-05-12 05:32:00,2025-05-12 19:02:00,979.0
2025-05-13,41.3,28.1,0.0,18.7,280,10,10.5,24,34.7,2025-05-13 05:31:00,2025-05-13 19:03:00,979.0
2025-05-14,41.2,28.5,0.0,16.2,287,1,9.0,21,35.3,2025-05-14 05:31:00,2025-05-14 19:04:00,979.1
2025-05-15,41.9,29.7,0.0,12.2,285,0,9.2,21,36.2,2025-05-15 05:30:00,2025-05-15 19:04:00,979.0
2025-05-16,42.7,28.8,0.0,18.1,299,6,11.1,24,35.8,2025-05-16 05:29:00,2025-05-16 19:05:00,978.2
2025-05-17,42.8,29.2,0.0,19.7,265,13,13.4,28,35.7,2025-05-17 05:29:00,2025-05-17 19:06:00,977.7
2025-05-18,42.1,29.5,0.0,14.4,307,5,14.7,31,35.2,2025-05-18 05:28:00,2025-05-18 19:06:00,977.7
2025-05-19,42.0,28.2,0.0,12.8,105,5,19.9,45,34.5,2025-05-19 05:28:00,2025-05-19 19:07:00,977.8
2025-05-20,42.6,28.0,0.0,20.6,99,12,19.8,45,34.9,2025-05-20 05:27:00,2025-05-20 19:07:00,976.2
2025-05-21,43.0,29.8,0.0,22.6,114,15,19.8,45,34.8,2025-05-21 05:27:00,2025-05-21 19:08:00,976.7
2025-05-22,37.0,25.0,0.0,14.7,117,3,20.9,55,31.4,2025-05-22 05:26:00,2025-05-22 19:08:00,977.6
2025-05-23,38.2,26.4,1.5,14.0,108,6,20.5,52,32.3,2025-05-23 05:26:00,2025-05-23 19:09:00,976.0
2025-05-24,37.7,28.5,0.4,16.8,107,22,20.7,48,33.4,2025-05-24 05:26:00,2025-05-24 19:10:00,976.4
2025-05-25,31.2,23.0,0.4,16.2,88,48,21.2,66,28.4,2025-05-25 05:25:00,2025-05-25 19:10:00,979.2
2025-05-26,35.7,24.1,1.8,15.6,94,25,21.9,65,29.8,2025-05-26 05:25:00,2025-05-26 19:11:00,978.0
2025-05-27,36.1,26.2,0.0,8.8,87,2,22.4,62,31.2,2025-05-27 05:25:00,2025-05-27 19:11:00,975.6
2025-05-28,39.5,27.4,0.0,11.3,104,9,22.0,55,33.2,2025-05-28 05:24:00,2025-05-28 19:12:00,974.2
2025-05-29,40.1,27.6,0.3,8.8,173,63,21.1,52,33.6,2025-05-29 05:24:00,2025-05-29 19:12:00,972.2
2025-05-30,36.1,27.1,0.0,13.2,182,48,19.1,49,31.6,2025-05-30 05:24:00,2025-05-30 19:13:00,971.6
2025-05-31,39.7,26.1,1.0,14.4,204,34,18.1,48,31.9,2025-05-31 05:24:00,2025-05-31 19:13:00,973.5
2025-06-01,37.3,26.4,4.2,18.6,225,49,17.9,48,31.0,2025-06-01 05:23:00,2025-06-01 19:14:00,974.6
2025-06-02,37.1,24.1,0.3,10.3,249,42,17.9,48,30.9,2025-06-02 05:23:00,2025-06-02 19:14:00,974.7
2025-06-03,34.6,25.8,0.0,12.3,259,61,16.9,46,30.2,2025-06-03 05:23:00,2025-06-03 19:15:00,976.8
2025-06-04,36.4,24.5,0.3,19.8,80,55,18.3,55,28.8,2025-06-04 05:23:00,2025-06-04 19:15:00,979.6
2025-06-05,37.2,24.4,0.0,9.4,202,14,16.8,46,30.9,2025-06-05 05:23:00,2025-06-05 19:16:00,982.2
2025-06-06,37.8,25.9,0.0,10.2,202,11,16.7,40,32.7,2025-06-06 05:23:00,2025-06-06 19:16:00,981.4
2025-06-07,41.2,28.0,0.0,10.4,167,5,17.2,37,34.7,2025-06-07 05:23:00,2025-06-07 19:17:00,979.7
2025-06-08,42.8,29.6,0.0,14.6,256,3,17.8,35,36.6,2025-06-08 05:23:00,2025-06-08 19:17:00,978.0
2025-06-09,43.7,30.0,0.0,16.5,289,0,14.9,29,37.5,2025-06-09 05:22:00,2025-06-09 19:18:00,976.3
2025-06-10,43.1,30.1,0.0,14.4,296,0,11.5,22,37.4,2025-06-10 05:22:00,2025-06-10 19:18:00,975.7
2025-06-11,43.6,30.1,0.0,11.6,335,0,16.7,32,37.1,2025-06-11 05:22:00,2025-06-11 19:18:00,976.1
2025-06-12,43.1,31.1,0.5,11.7,113,11,22.2,45,36.8,2025-06-12 05:23:00,2025-06-12 19:19:00,976.1
2025-06-13,41.1,31.3,0.0,13.4,116,13,23.0,48,36.0,2025-06-13 05:23:00,2025-06-13 19:19:00,976.8
2025-06-14,42.9,30.6,0.3,13.5,110,9,22.1,47,36.2,2025-06-14 05:23:00,2025-06-14 19:20:00,975.0
2025-06-15,37.9,29.6,1.3,18.5,125,44,22.7,53,33.8,2025-06-15 05:23:00,2025-06-15 19:20:00,973.9
2025-06-16,32.0,24.8,25.6,13.8,81,80,25.6,81,29.4,2025-06-16 05:23:00,2025-06-16 19:20:00,974.7
2025-06-17,33.7,25.2,16.9,11.1,86,70,25.5,82,29.1,2025-06-17 05:23:00,2025-06-17 19:20:00,975.2
2025-06-18,33.2,24.0,5.3,7.8,127,63,24.5,79,28.9,2025-06-18 05:23:00,2025-06-18 19:21:00,973.9
2025-06-19,32.7,27.0,0.1,9.9,120,42,25.1,77,29.7,2025-06-19 05:23:00,2025-06-19 19:21:00,972.5
2025-06-20,31.7,25.5,1.2,13.8,108,99,25.6,84,28.7,2025-06-20 05:23:00,2025-06-20 19:21:00,974.9
2025-06-21,34.7,26.2,1.6,7.3,126,37,25.6,77,30.4,2025-06-21 05:24:00,2025-06-21 19:21:00,975.6
2025-06-22,34.0,28.0,0.8,8.1,130,68,25.7,74,31.0,2025-06-22 05:24:00,2025-06-22 19:22:00,974.8
2025-06-23,35.7,27.8,0.1,8.6,113,32,25.8,74,31.5,2025-06-23 05:24:00,2025-06-23 19:22:00,972.9
2025-06-24,36.1,27.3,1.1,7.6,123,33,26.0,75,31.2,2025-06-24 05:24:00,2025-06-24 19:22:00,972.2
2025-06-25,32.1,26.5,12.9,12.0,93,83,26.0,84,29.1,2025-06-25 05:25:00,2025-06-25 19:22:00,975.0
2025-06-26,34.5,26.0,11.5,11.6,100,85,25.7,76,30.6,2025-06-26 05:25:00,2025-06-26 19:22:00,976.7
2025-06-27,33.7,27.7,0.5,8.8,101,62,25.7,75,30.7,2025-06-27 05:25:00,2025-06-27 19:22:00,975.9
2025-06-28,35.8,25.6,8.3,8.5,146,73,25.3,74,30.8,2025-06-28 05:26:00,2025-06-28 19:22:00,974.7
2025-06-29,33.4,26.1,16.2,12.4,157,100,25.3,79,29.5,2025-06-29 05:26:00,2025-06-29 19:23:00,972.5
2025-06-30,31.7,25.4,17.3,10.1,120,93,25.3,87,27.8,2025-06-30 05:26:00,2025-06-30 19:23:00,973.6
2025-07-01,33.2,25.0,9.1,10.1,84,57,25.4,84,28.7,2025-07-01 05:27:00,2025-07-01 19:23:00,974.5
2025-07-02,33.2,26.9,1.1,10.3,100,30,26.1,81,29.9,2025-07-02 05:27:00,2025-07-02 19:23:00,974.4
2025-07-03,33.5,26.6,0.9,11.0,104,62,25.6,78,30.1,2025-07-03 05:28:00,2025-07-03 19:23:00,975.0
2025-07-04,34.2,26.7,0.3,8.4,104,19,25.8,78,30.3,2025-07-04 05:28:00,2025-07-04 19:23:00,975.2
2025-07-05,35.2,26.5,3.4,7.1,140,33,26.0,77,30.9,2025-07-05 05:28:00,2025-07-05 19:22:00,974.1
2025-07-06,35.7,26.7,7.4,8.1,193,55,25.5,74,31.0,2025-07-06 05:29:00,2025-07-06 19:22:00,973.8
2025-07-07,33.2,25.9,13.5,6.6,268,86,25.7,83,29.0,2025-07-07 05:29:00,2025-07-07 19:22:00,974.7
2025-07-08,34.0,27.1,0.0,9.2,277,80,25.9,76,30.9,2025-07-08 05:30:00,2025-07-08 19:22:00,974.7
2025-07-09,31.7,27.0,14.9,10.2,225,100,25.7,82,29.2,2025-07-09 05:30:00,2025-07-09 19:22:00,975.9
2025-07-10,29.6,25.6,3.6,8.5,149,97,24.7,85,27.5,2025-07-10 05:31:00,2025-07-10 19:22:00,977.9
2025-07-11,31.6,25.6,0.4,4.2,181,76,24.9,83,28.4,2025-07-11 05:31:00,2025-07-11 19:21:00,977.4
2025-07-12,33.5,26.5,2.7,9.3,94,66,25.2,80,29.3,2025-07-12 05:32:00,2025-07-12 19:21:00,977.1
2025-07-13,32.5,26.3,18.6,11.0,75,100,25.7,87,28.2,2025-07-13 05:32:00,2025-07-13 19:21:00,977.0
2025-07-14,30.5,25.8,17.6,18.7,101,100,25.3,85,28.0,2025-07-14 05:33:00,2025-07-14 19:21:00,975.1
2025-07-15,32.2,25.6,7.3,17.2,130,92,24.9,84,28.0,2025-07-15 05:33:00,2025-07-15 19:20:00,974.6
2025-07-16,32.3,25.3,8.2,11.8,131,88,25.4,83,28.7,2025-07-16 05:34:00,2025-07-16 19:20:00,976.1
2025-07-17,31.1,26.8,1.4,12.9,118,96,25.0,82,28.5,2025-07-17 05:34:00,2025-07-17 19:20:00,978.2
2025-07-18,31.6,26.4,4.1,18.3,73,57,24.6,80,28.5,2025-07-18 05:35:00,2025-07-18 19:19:00,976.6
2025-07-19,32.2,25.8,0.0,16.6,131,54,24.2,77,29.0,2025-07-19 05:35:00,2025-07-19 19:19:00,974.5
2025-07-20,34.3,26.1,0.0,8.8,214,84,24.4,73,30.1,2025-07-20 05:36:00,2025-07-20 19:19:00,974.6
2025-07-21,31.5,26.6,0.4,6.6,162,85,24.6,78,28.9,2025-07-21 05:36:00,2025-07-21 19:18:00,976.9
2025-07-22,34.8,26.0,0.2,9.0,238,88,24.5,74,30.1,2025-07-22 05:37:00,2025-07-22 19:18:00,975.5
2025-07-23,33.2,27.0,1.2,10.5,249,71,25.4,78,29.8,2025-07-23 05:37:00,2025-07-23 19:17:00,972.8
2025-07-24,35.5,25.4,1.5,11.8,279,28,24.7,72,30.7,2025-07-24 05:38:00,2025-07-24 19:17:00,971.7
2025-07-25,36.3,26.6,0.5,10.6,295,28,24.7,68,31.8,2025-07-25 05:39:00,2025-07-25 19:16:00,971.4
2025-07-26,35.4,26.9,2.3,11.7,151,86,25.4,73,31.0,2025-07-26 05:39:00,2025-07-26 19:16:00,972.6
2025-07-27,36.3,28.8,0.9,12.3,100,75,25.1,68,32.1,2025-07-27 05:40:00,2025-07-27 19:15:00,972.6
2025-07-28,36.6,28.1,1.6,9.7,127,84,24.8,67,32.1,2025-07-28 05:40:00,2025-07-28 19:14:00,972.7
2025-07-29,32.9,27.2,3.8,7.6,110,96,25.8,82,29.2,2025-07-29 05:41:00,2025-07-29 19:14:00,973.5
2025-07-30,31.6,26.2,15.3,10.4,102,99,25.7,88,27.9,2025-07-30 05:41:00,2025-07-30 19:13:00,974.3
2025-07-31,31.5,25.3,29.2,9.9,144,99,25.4,88,27.7,2025-07-31 05:42:00,2025-07-31 19:12:00,975.0
2025-08-01,32.0,25.5,7.5,10.6,222,83,25.5,85,28.3,2025-08-01 05:42:00,2025-08-01 19:12:00,975.9
2025-08-02,32.4,26.0,0.9,10.9,254,92,24.9,79,29.1,2025-08-02 05:43:00,2025-08-02 19:11:00,976.2
2025-08-03,33.1,26.8,0.7,11.8,255,100,25.1,77,29.7,2025-08-03 05:44:00,2025-08-03 19:10:00,977.3
2025-08-04,31.0,26.2,0.1,12.1,236,98,25.2,82,28.6,2025-08-04 05:44:00,2025-08-04 19:10:00,978.7
2025-08-05,30.1,26.9,8.3,10.9,211,95,25.0,84,27.9,2025-08-05 05:45:00,2025-08-05 19:09:00,978.9
2025-08-06,32.1,26.3,0.5,9.0,242,81,24.8,80,28.7,2025-08-06 05:45:00,2025-08-06 19:08:00,979.4
2025-08-07,33.9,26.0,0.0,12.8,274,42,24.1,72,29.9,2025-08-07 05:46:00,2025-08-07 19:07:00,978.0
2025-08-08,33.1,26.4,0.0,11.9,271,79,23.9,70,29.9,2025-08-08 05:46:00,2025-08-08 19:06:00,979.1
2025-08-09,30.5,26.1,8.9,7.2,299,85,24.9,84,27.8,2025-08-09 05:47:00,2025-08-09 19:06:00,981.2
2025-08-10,32.1,25.9,1.7,5.9,309,79,25.6,83,28.9,2025-08-10 05:47:00,2025-08-10 19:05:00,979.9
2025-08-11,33.9,26.6,1.6,11.3,260,99,25.3,78,29.8,2025-08-11 05:48:00,2025-08-11 19:04:00,978.5
2025-08-12,33.3,26.3,3.9,11.4,252,86,25.2,80,29.2,2025-08-12 05:49:00,2025-08-12 19:03:00,977.9
2025-08-13,33.4,26.9,0.0,8.5,270,100,24.9,74,30.3,2025-08-13 05:49:00,2025-08-13 19:02:00,977.0
2025-08-14,29.6,26.3,8.2,7.5,110,90,25.5,88,27.8,2025-08-14 05:50:00,2025-08-14 19:01:00,979.7
2025-08-15,31.7,25.3,4.6,7.0,103,60,25.8,86,28.4,2025-08-15 05:50:00,2025-08-15 19:00:00,978.6
2025-08-16,31.2,26.4,4.1,8.3,98,89,26.1,87,28.6,2025-08-16 05:51:00,2025-08-16 18:59:00,977.5
2025-08-17,32.0,27.3,3.6,10.3,83,90,26.4,86,29.0,2025-08-17 05:51:00,2025-08-17 18:58:00,978.4
2025-08-18,31.8,27.2,9.0,14.2,90,60,25.9,83,29.2,2025-08-18 05:52:00,2025-08-18 18:57:00,979.9
2025-08-19,31.9,26.6,5.4,11.6,89,36,25.7,82,29.2,2025-08-19 05:52:00,2025-08-19 18:56:00,978.6
2025-08-20,32.7,26.8,5.6,12.3,97,54,25.1,79,29.3,2025-08-20 05:53:00,2025-08-20 18:55:00,978.0
2025-08-21,33.6,25.6,13.8,12.8,95,62,25.2,78,29.7,2025-08-21 05:53:00,2025-08-21 18:54:00,978.1
2025-08-22,34.2,25.3,3.3,7.6,123,87,25.1,75,30.3,2025-08-22 05:54:00,2025-08-22 18:53:00,975.9
2025-08-23,32.6,25.6,13.2,11.2,80,100,25.2,84,28.3,2025-08-23 05:54:00,2025-08-23 18:52:00,975.8
2025-08-24,31.1,25.7,11.8,14.7,98,97,25.1,87,27.6,2025-08-24 05:55:00,2025-08-24 18:51:00,976.7
2025-08-25,29.0,24.4,19.7,15.9,111,100,24.6,89,26.6,2025-08-25 05:55:00,2025-08-25 18:50:00,976.0
2025-08-26,29.9,25.1,6.7,18.0,123,100,25.1,89,27.2,2025-08-26 05:56:00,2025-08-26 18:49:00,978.5
2025-08-27,32.6,25.2,1.4,8.4,118,65,25.7,86,28.4,2025-08-27 05:56:00,2025-08-27 18:48:00,978.5
2025-08-28,32.4,25.3,15.5,9.7,120,99,26.0,86,28.6,2025-08-28 05:57:00,2025-08-28 18:47:00,978.0
2025-08-29,31.3,25.0,12.6,12.2,111,100,25.6,88,27.9,2025-08-29 05:57:00,2025-08-29 18:46:00,979.1
2025-08-30,31.8,26.0,3.8,12.3,104,85,25.3,84,28.4,2025-08-30 05:58:00,2025-08-30 18:45:00,980.7
2025-08-31,30.0,24.5,13.1,15.8,116,95,25.0,90,26.7,2025-08-31 05:58:00,2025-08-31 18:44:00,978.8
2025-09-01,29.2,24.0,31.5,17.5,121,99,24.1,92,25.4,2025-09-01 05:59:00,2025-09-01 18:42:00,975.5
2025-09-02,27.0,23.8,21.7,15.6,122,99,23.8,93,25.0,2025-09-02 05:59:00,2025-09-02 18:41:00,976.8
2025-09-03,29.4,24.1,14.7,10.4,94,93,24.1,89,26.2,2025-09-03 06:00:00,2025-09-03 18:40:00,979.7
2025-09-04,31.4,24.2,17.7,12.0,42,89,24.7,87,27.1,2025-09-04 06:00:00,2025-09-04 18:39:00,980.1
2025-09-05,31.0,25.2,4.8,17.0,81,82,24.7,85,27.6,2025-09-05 06:01:00,2025-09-05 18:38:00,980.1
2025-09-06,31.2,24.5,13.3,14.1,101,98,24.9,85,27.7,2025-09-06 06:01:00,2025-09-06 18:37:00,980.6
2025-09-07,31.9,24.8,2.3,11.0,122,54,25.1,85,28.0,2025-09-07 06:02:00,2025-09-07 18:36:00,980.3
2025-09-08,32.0,25.2,0.7,6.1,152,26,24.8,81,28.6,2025-09-08 06:02:00,2025-09-08 18:34:00,981.2
2025-09-09,32.4,25.8,0.4,10.8,284,10,24.2,76,29.0,2025-09-09 06:03:00,2025-09-09 18:33:00,982.5
2025-09-10,33.2,25.6,0.0,15.6,288,7,23.6,73,29.2,2025-09-10 06:03:00,2025-09-10 18:32:00,981.6
2025-09-11,32.8,24.7,0.0,15.2,282,44,22.4,69,28.9,2025-09-11 06:04:00,2025-09-11 18:31:00,981.2
2025-09-12,33.5,24.6,0.2,11.3,278,23,22.3,67,29.4,2025-09-12 06:04:00,2025-09-12 18:30:00,982.5
2025-09-13,35.3,26.3,0.9,11.5,273,51,21.7,60,30.8,2025-09-13 06:05:00,2025-09-13 18:28:00,982.7
2025-09-14,36.5,27.0,0.2,12.1,269,37,21.7,57,31.9,2025-09-14 06:05:00,2025-09-14 18:27:00,982.2
2025-09-15,36.4,27.3,0.0,13.3,265,29,21.2,54,32.3,2025-09-15 06:06:00,2025-09-15 18:26:00,980.5
2025-09-16,36.8,27.3,0.1,10.2,210,48,21.5,56,31.7,2025-09-16 06:06:00,2025-09-16 18:25:00,980.7
2025-09-17,36.4,26.7,0.2,9.5,34,16,22.3,61,31.2,2025-09-17 06:07:00,2025-09-17 18:24:00,981.3
2025-09-18,34.9,25.1,1.6,8.5,70,23,22.9,67,30.2,2025-09-18 06:07:00,2025-09-18 18:22:00,981.5
2025-09-19,35.5,26.8,0.7,11.5,321,14,22.4,62,31.1,2025-09-19 06:08:00,2025-09-19 18:21:00,982.1
2025-09-20,36.2,26.8,0.0,14.8,303,5,21.0,56,31.5,2025-09-20 06:08:00,2025-09-20 18:20:00,981.5
2025-09-21,36.4,25.4,0.0,14.4,292,6,20.0,53,31.2,2025-09-21 06:09:00,2025-09-21 18:19:00,980.6
2025-09-22,36.9,26.1,0.0,16.0,287,2,19.5,51,31.6,2025-09-22 06:09:00,2025-09-22 18:18:00,981.1
2025-09-23,36.7,26.1,0.0,16.7,295,3,18.5,47,31.5,2025-09-23 06:10:00,2025-09-23 18:16:00,980.8
2025-09-24,36.1,25.8,0.0,15.6,290,0,18.8,50,31.0,2025-09-24 06:10:00,2025-09-24 18:15:00,979.3
2025-09-25,36.2,25.9,0.0,13.5,296,0,19.4,52,31.1,2025-09-25 06:11:00,2025-09-25 18:14:00,980.2
2025-09-26,37.0,25.8,0.0,14.0,315,0,20.0,52,31.6,2025-09-26 06:11:00,2025-09-26 18:13:00,981.4
2025-09-27,38.7,27.2,0.1,6.1,49,18,21.4,54,32.6,2025-09-27 06:12:00,2025-09-27 18:12:00,983.1
2025-09-28,36.5,28.3,0.0,13.5,105,7,23.1,60,32.3,2025-09-28 06:12:00,2025-09-28 18:11:00,982.5
2025-09-29,36.3,27.8,0.2,8.6,124,10,22.2,58,32.0,2025-09-29 06:13:00,2025-09-29 18:09:00,981.0
2025-09-30,34.8,24.4,8.0,14.0,191,70,22.5,64,30.6,2025-09-30 06:13:00,2025-09-30 18:08:00,979.2
2025-10-01,33.5,24.5,2.8,13.7,205,32,23.1,74,28.3,2025-10-01 06:14:00,2025-10-01 18:07:00,979.4
2025-10-02,32.4,24.4,1.0,9.1,118,36,22.5,72,28.4,2025-10-02 06:14:00,2025-10-02 18:06:00,983.1
2025-10-03,33.6,25.0,0.0,8.2,76,41,22.7,71,29.1,2025-10-03 06:15:00,2025-10-03 18:05:00,985.9
2025-10-04,34.6,26.3,0.1,12.2,295,26,21.1,60,30.3,2025-10-04 06:15:00,2025-10-04 18:03:00,983.9
2025-10-05,33.9,23.7,0.7,14.0,272,10,20.2,60,29.2,2025-10-05 06:16:00,2025-10-05 18:02:00,982.8
2025-10-06,29.2,22.3,14.6,14.3,77,75,21.1,85,24.0,2025-10-06 06:17:00,2025-10-06 18:01:00,984.9
2025-10-07,28.5,20.7,5.2,9.8,137,48,20.9,87,23.4,2025-10-07 06:17:00,2025-10-07 18:00:00,985.3
2025-10-08,25.7,20.4,0.2,9.2,310,48,20.0,86,22.7,2025-10-08 06:18:00,2025-10-08 17:59:00,986.8
2025-10-09,28.2,20.6,0.4,8.7,306,7,18.7,75,23.8,2025-10-09 06:18:00,2025-10-09 17:58:00,988.6
2025-10-10,28.5,19.4,0.0,7.4,296,0,16.9,68,23.5,2025-10-10 06:19:00,2025-10-10 17:57:00,987.5
2025-10-11,29.0,19.2,0.0,9.3,283,13,17.1,68,23.9,2025-10-11 06:19:00,2025-10-11 17:56:00,987.2
2025-10-12,30.7,20.5,0.0,9.9,305,1,17.2,63,25.2,2025-10-12 06:20:00,2025-10-12 17:55:00,986.8
2025-10-13,31.7,20.4,0.0,5.4,303,1,16.5,59,25.8,2025-10-13 06:20:00,2025-10-13 17:53:00,987.7
2025-10-14,32.0,21.1,0.0,5.1,293,0,14.8,52,26.4,2025-10-14 06:21:00,2025-10-14 17:52:00,986.9
2025-10-15,31.9,21.2,0.0,6.0,275,0,14.2,49,26.7,2025-10-15 06:22:00,2025-10-15 17:51:00,986.9
2025-10-16,31.7,20.2,0.0,6.9,290,0,14.6,51,26.1,2025-10-16 06:22:00,2025-10-16 17:50:00,986.8
2025-10-17,32.3,20.4,0.0,6.3,296,1,15.9,54,26.5,2025-10-17 06:23:00,2025-10-17 17:49:00,988.0
2025-10-18,33.2,21.6,0.0,5.5,261,3,15.9,53,27.2,2025-10-18 06:23:00,2025-10-18 17:48:00,987.5
2025-10-19,33.6,23.0,0.0,10.1,173,9,16.4,52,27.9,2025-10-19 06:24:00,2025-10-19 17:47:00,986.9
2025-10-20,33.1,22.8,0.0,8.5,99,4,15.7,49,28.1,2025-10-20 06:25:00,2025-10-20 17:46:00,987.2
2025-10-21,30.4,22.7,0.4,7.1,136,21,17.2,57,26.9,2025-10-21 06:25:00,2025-10-21 17:45:00,988.6
2025-10-22,32.1,23.5,0.0,9.2,300,7,16.2,53,27.6,2025-10-22 06:26:00,2025-10-22 17:44:00,988.8
2025-10-23,31.8,21.2,0.0,9.7,305,1,11.8,42,26.6,2025-10-23 06:27:00,2025-10-23 17:44:00,988.3
2025-10-24,32.2,20.2,0.0,6.5,277,0,12.2,46,25.9,2025-10-24 06:27:00,2025-10-24 17:43:00,987.9
2025-10-25,31.7,19.7,0.0,6.4,248,0,11.8,45,25.7,2025-10-25 06:28:00,2025-10-25 17:42:00,987.4
2025-10-26,31.6,18.9,0.0,7.1,129,8,12.0,46,25.5,2025-10-26 06:29:00,2025-10-26 17:41:00,988.3
2025-10-27,30.3,20.3,0.0,14.3,133,63,14.3,56,24.2,2025-10-27 06:29:00,2025-10-27 17:40:00,988.8
2025-10-28,26.6,21.3,0.0,6.9,117,99,17.7,72,23.3,2025-10-28 06:30:00,2025-10-28 17:39:00,990.2
2025-10-29,29.2,20.2,0.0,8.6,355,64,17.5,66,24.8,2025-10-29 06:31:00,2025-10-29 17:38:00,988.2
2025-10-30,27.3,22.6,0.1,6.3,123,95,19.4,74,24.5,2025-10-30 06:31:00,2025-10-30 17:37:00,987.4
2025-10-31,30.3,21.4,0.1,6.9,258,53,20.0,75,25.3,2025-10-31 06:32:00,2025-10-31 17:37:00,986.5
2025-11-01,30.9,20.8,0.0,10.2,283,1,15.9,62,25.1,2025-11-01 06:33:00,2025-11-01 17:36:00,986.7
2025-11-02,29.4,19.3,0.0,12.8,287,0,14.6,59,23.7,2025-11-02 06:34:00,2025-11-02 17:35:00,986.7
2025-11-03,30.5,17.9,0.0,14.1,277,0,12.7,53,23.5,2025-11-03 06:34:00,2025-11-03 17:34:00,984.8
2025-11-04,28.7,18.9,0.0,11.0,159,23,15.0,60,23.4,2025-11-04 06:35:00,2025-11-04 17:34:00,984.9
2025-11-05,29.5,18.9,0.0,10.9,314,5,15.4,62,23.9,2025-11-05 06:36:00,2025-11-05 17:33:00,985.4
2025-11-06,26.1,15.8,0.0,10.7,297,0,9.0,49,20.7,2025-11-06 06:37:00,2025-11-06 17:32:00,988.1
2025-11-07,27.3,14.8,0.0,10.0,286,0,8.0,47,20.3,2025-11-07 06:37:00,2025-11-07 17:32:00,989.5
2025-11-08,26.8,13.9,0.0,10.7,291,0,6.7,45,20.0,2025-11-08 06:38:00,2025-11-08 17:31:00,990.5
2025-11-09,26.8,14.1,0.0,9.3,287,0,7.3,46,20.1,2025-11-09 06:39:00,2025-11-09 17:30:00,989.1
2025-11-10,27.0,13.9,0.0,8.8,290,22,7.4,46,20.1,2025-11-10 06:40:00,2025-11-10 17:30:00,988.9
2025-11-11,27.4,13.7,0.0,10.6,286,0,7.4,47,20.1,2025-11-11 06:40:00,2025-11-11 17:29:00,989.8
2025-11-12,27.5,14.0,0.0,12.8,291,0,8.0,48,20.4,2025-11-12 06:41:00,2025-11-12 17:29:00,990.7
2025-11-13,26.3,13.2,0.0,9.9,285,0,8.3,52,19.3,2025-11-13 06:42:00,2025-11-13 17:28:00,992.1
2025-11-14,26.0,13.3,0.0,9.7,283,0,7.6,50,19.2,2025-11-14 06:43:00,2025-11-14 17:28:00,992.0
2025-11-15,26.6,12.8,0.0,10.3,289,0,7.7,50,19.3,2025-11-15 06:44:00,2025-11-15 17:27:00,992.9
2025-11-16,26.8,12.3,0.0,11.6,295,0,7.3,50,19.1,2025-11-16 06:44:00,2025-11-16 17:27:00,994.5
2025-11-17,26.0,12.3,0.0,6.8,288,0,7.6,50,19.0,2025-11-17 06:45:00,2025-11-17 17:26:00,994.0
2025-11-18,25.8,13.5,0.0,7.8,288,1,10.4,58,19.4,2025-11-18 06:46:00,2025-11-18 17:26:00,992.0
2025-11-19,26.0,13.3,0.0,5.9,180,3,11.7,63,19.7,2025-11-19 06:47:00,2025-11-19 17:26:00,991.8
2025-11-20,26.1,14.1,0.0,5.6,218,0,12.4,64,20.0,2025-11-20 06:47:00,2025-11-20 17:25:00,992.4
2025-11-21,26.2,14.5,0.0,6.1,194,0,12.0,61,20.3,2025-11-21 06:48:00,2025-11-21 17:25:00,993.5
2025-11-22,26.2,14.1,0.0,8.2,277,0,10.4,57,20.3,2025-11-22 06:49:00,2025-11-22 17:25:00,991.8
2025-11-23,25.9,13.2,0.0,8.1,282,0,9.3,56,19.3,2025-11-23 06:50:00,2025-11-23 17:25:00,992.0
2025-11-24,25.0,12.2,0.0,6.9,293,0,9.1,58,18.4,2025-11-24 06:51:00,2025-11-24 17:24:00,993.4
2025-11-25,24.0,11.4,0.0,8.7,287,0,8.3,58,17.4,2025-11-25 06:51:00,2025-11-25 17:24:00,993.3
2025-11-26,23.9,11.2,0.0,5.4,303,0,8.0,57,17.3,2025-11-26 06:52:00,2025-11-26 17:24:00,993.4
2025-11-27,24.4,12.6,0.0,3.4,31,0,8.1,55,18.1,2025-11-27 06:53:00,2025-11-27 17:24:00,994.8
2025-11-28,25.2,11.5,0.0,7.7,299,8,9.3,60,18.0,2025-11-28 06:54:00,2025-11-28 17:24:00,992.9
2025-11-29,25.9,13.7,0.0,11.5,305,0,8.9,54,19.0,2025-11-29 06:54:00,2025-11-29 17:24:00,991.3
2025-11-30,23.6,11.7,0.0,12.9,287,61,6.0,49,17.3,2025-11-30 06:55:00,2025-11-30 17:24:00,990.3
2025-12-01,24.3,10.0,0.0,6.5,303,0,5.4,49,16.9,2025-12-01 06:56:00,2025-12-01 17:24:00,990.0
2025-12-02,25.2,12.7,0.0,7.5,319,4,9.3,57,18.3,2025-12-02 06:57:00,2025-12-02 17:24:00,990.1
2025-12-03,22.9,10.3,0.0,10.4,300,5,6.3,55,16.2,2025-12-03 06:58:00,2025-12-03 17:24:00,993.1
2025-12-04,21.9,9.8,0.0,10.5,290,19,5.9,56,15.2,2025-12-04 06:58:00,2025-12-04 17:24:00,994.0
2025-12-05,21.8,8.6,0.0,7.5,283,0,5.6,56,15.0,2025-12-05 06:59:00,2025-12-05 17:24:00,995.4
2025-12-06,23.6,10.2,0.0,12.9,283,50,6.0,53,16.2,2025-12-06 07:00:00,2025-12-06 17:24:00,994.2
2025-12-07,24.1,10.7,0.0,10.4,283,30,7.8,56,17.0,2025-12-07 07:01:00,2025-12-07 17:24:00,993.6
2025-12-08,25.2,12.1,0.0,12.6,288,13,7.6,53,18.0,2025-12-08 07:01:00,2025-12-08 17:24:00,993.5
2025-12-09,24.5,11.6,0.0,12.7,282,0,7.6,54,17.5,2025-12-09 07:02:00,2025-12-09 17:24:00,993.0
2025-12-10,24.1,11.8,0.0,10.3,287,7,8.5,57,17.5,2025-12-10 07:03:00,2025-12-10 17:25:00,992.8
2025-12-11,24.7,10.8,0.0,10.4,280,0,8.9,60,17.3,2025-12-11 07:03:00,2025-12-11 17:25:00,991.7
2025-12-12,24.4,10.4,0.0,5.6,286,14,9.2,63,17.2,2025-12-12 07:04:00,2025-12-12 17:25:00,991.0
2025-12-13,24.5,12.7,0.0,4.5,104,50,10.7,66,17.8,2025-12-13 07:05:00,2025-12-13 17:25:00,992.1
2025-12-14,24.2,11.2,0.0,4.5,127,72,11.5,70,17.7,2025-12-14 07:05:00,2025-12-14 17:26:00,993.3
2025-12-15,23.3,10.5,0.0,8.3,275,32,11.1,72,16.6,2025-12-15 07:06:00,2025-12-15 17:26:00,992.7
2025-12-16,23.3,11.6,0.0,11.7,289,2,10.9,69,17.0,2025-12-16 07:06:00,2025-12-16 17:26:00,991.9
2025-12-17,23.8,11.4,0.0,10.5,284,0,11.1,70,17.0,2025-12-17 07:07:00,2025-12-17 17:27:00,992.7
2025-12-18,22.5,11.6,0.0,8.3,306,76,11.4,74,16.4,2025-12-18 07:08:00,2025-12-18 17:27:00,993.6
2025-12-19,21.9,11.2,0.0,7.7,288,64,11.3,78,15.7,2025-12-19 07:08:00,2025-12-19 17:27:00,991.3
2025-12-20,21.8,9.5,0.0,6.9,138,48,10.8,78,15.0,2025-12-20 07:09:00,2025-12-20 17:28:00,990.1
2025-12-21,20.4,10.7,0.0,6.0,123,65,11.6,84,14.4,2025-12-21 07:09:00,2025-12-21 17:28:00,992.3
2025-12-22,21.3,11.4,0.0,5.2,168,41,12.2,83,15.4,2025-12-22 07:10:00,2025-12-22 17:29:00,992.2
2025-12-23,23.1,11.6,0.0,10.4,285,31,12.7,81,16.5,2025-12-23 07:10:00,2025-12-23 17:29:00,990.5
2025-12-24,21.1,11.6,0.0,12.1,283,0,9.6,69,15.8,2025-12-24 07:11:00,2025-12-24 17:30:00,990.5
2025-12-25,21.0,9.3,0.0,8.0,272,27,7.5,64,14.7,2025-12-25 07:11:00,2025-12-25 17:31:00,991.5
2025-12-26,21.1,9.9,0.0,8.4,304,77,8.5,67,15.2,2025-12-26 07:11:00,2025-12-26 17:31:00,992.0
2025-12-27,20.5,9.7,0.0,7.6,296,70,10.4,77,14.8,2025-12-27 07:12:00,2025-12-27 17:32:00,991.8
2025-12-28,20.5,9.4,0.0,6.3,285,37,10.4,78,14.6,2025-12-28 07:12:00,2025-12-28 17:32:00,992.4
2025-12-29,19.9,10.6,0.0,5.6,277,46,10.4,81,14.1,2025-12-29 07:13:00,2025-12-29 17:33:00,992.2
2025-12-30,20.4,9.7,0.0,7.6,282,42,9.9,79,14.2,2025-12-30 07:13:00,2025-12-30 17:34:00,989.5
2025-12-31,19.4,9.1,0.0,11.2,118,46,10.2,84,13.2,2025-12-31 07:13:00,2025-12-31 17:34:00,987.7
2026-01-01,16.9,10.5,1.6,9.8,127,87,11.6,90,13.3,2026-01-01 07:13:00,2026-01-01 17:35:00,989.8
2026-01-02,17.5,11.1,0.0,10.2,306,51,10.1,78,14.0,2026-01-02 07:14:00,2026-01-02 17:36:00,992.9
2026-01-03,17.1,10.7,0.0,6.6,300,60,9.1,77,13.2,2026-01-03 07:14:00,2026-01-03 17:36:00,993.7
2026-01-04,17.1,8.5,0.0,9.2,300,41,8.6,79,12.4,2026-01-04 07:14:00,2026-01-04 17:37:00,994.8
2026-01-05,17.2,8.5,0.0,8.6,312,12,8.8,79,12.4,2026-01-05 07:14:00,2026-01-05 17:38:00,995.9
2026-01-06,17.1,8.5,0.0,8.2,299,23,9.3,85,12.0,2026-01-06 07:14:00,2026-01-06 17:38:00,995.8
2026-01-07,15.4,7.9,0.0,10.7,305,38,9.0,89,10.8,2026-01-07 07:14:00,2026-01-07 17:39:00,996.9
2026-01-08,14.4,7.5,0.0,8.7,319,49,8.0,88,10.1,2026-01-08 07:15:00,2026-01-08 17:40:00,997.1
2026-01-09,17.3,7.5,0.7,6.0,10,48,8.2,83,11.4,2026-01-09 07:15:00,2026-01-09 17:41:00,996.0
2026-01-10,17.1,6.6,0.0,7.8,298,6,7.9,81,11.3,2026-01-10 07:15:00,2026-01-10 17:42:00,994.7
2026-01-11,16.4,6.0,0.0,9.8,296,0,6.1,76,10.6,2026-01-11 07:15:00,2026-01-11 17:42:00,996.6
2026-01-12,17.2,4.9,0.0,8.2,307,0,4.7,70,10.6,2026-01-12 07:15:00,2026-01-12 17:43:00,996.6
2026-01-13,18.5,5.0,0.0,9.2,308,28,6.5,75,11.1,2026-01-13 07:15:00,2026-01-13 17:44:00,995.1
2026-01-14,17.4,5.6,0.0,9.1,297,21,6.0,76,10.7,2026-01-14 07:15:00,2026-01-14 17:45:00,992.2
2026-01-15,17.9,5.8,0.0,10.4,296,25,6.5,76,11.1,2026-01-15 07:14:00,2026-01-15 17:46:00,992.3
2026-01-16,20.5,6.1,0.0,8.7,296,51,6.1,68,12.6,2026-01-16 07:14:00,2026-01-16 17:47:00,991.1
2026-01-17,22.6,7.8,0.0,5.0,90,98,8.3,70,14.4,2026-01-17 07:14:00,2026-01-17 17:47:00,989.5
2026-01-18,22.0,8.1,0.0,6.9,121,37,10.1,77,14.8,2026-01-18 07:14:00,2026-01-18 17:48:00,987.6
2026-01-19,25.1,10.7,0.0,6.0,54,13,7.8,61,17.2,2026-01-19 07:14:00,2026-01-19 17:49:00,989.7
2026-01-20,24.3,10.2,0.0,8.7,298,7,8.6,61,17.2,2026-01-20 07:14:00,2026-01-20 17:50:00,990.9
2026-01-21,23.2,9.7,0.0,9.2,300,7,8.7,65,16.3,2026-01-21 07:13:00,2026-01-21 17:51:00,992.6
2026-01-22,25.0,10.0,0.0,14.6,134,18,9.2,61,17.4,2026-01-22 07:13:00,2026-01-22 17:51:00,991.2
2026-01-23,17.5,12.9,23.9,18.8,131,75,12.3,83,15.2,2026-01-23 07:13:00,2026-01-23 17:52:00,990.4
2026-01-24,16.4,9.0,0.0,12.0,322,80,6.1,69,12.1,2026-01-24 07:12:00,2026-01-24 17:53:00,996.9
2026-01-25,16.5,6.4,0.0,10.0,288,28,6.1,74,10.8,2026-01-25 07:12:00,2026-01-25 17:54:00,994.5
2026-01-26,18.8,6.2,0.0,5.6,270,20,8.2,77,12.4,2026-01-26 07:12:00,2026-01-26 17:55:00,994.2
2026-01-27,19.7,11.1,12.3,16.2,118,43,11.4,83,14.4,2026-01-27 07:11:00,2026-01-27 17:56:00,992.8
2026-01-28,18.4,11.7,7.6,9.1,315,48,11.7,85,14.3,2026-01-28 07:11:00,2026-01-28 17:56:00,994.7
2026-01-29,18.4,10.4,0.0,9.8,303,41,11.0,86,13.4,2026-01-29 07:10:00,2026-01-29 17:57:00,994.9
2026-01-30,19.5,8.5,0.0,7.2,286,65,10.5,82,13.8,2026-01-30 07:10:00,2026-01-30 17:58:00,993.7
2026-01-31,19.9,9.2,0.0,8.7,120,47,11.7,87,14.1,2026-01-31 07:09:00,2026-01-31 17:59:00,993.8
2026-02-01,20.8,12.4,13.2,13.0,146,33,13.0,83,16.1,2026-02-01 07:09:00,2026-02-01 18:00:00,993.9
2026-02-02,19.7,12.7,0.0,8.7,296,69,13.2,89,15.2,2026-02-02 07:08:00,2026-02-02 18:01:00,994.6
2026-02-03,19.6,10.4,0.0,6.6,310,53,11.3,82,14.6,2026-02-03 07:08:00,2026-02-03 18:01:00,995.6
2026-02-04,20.2,10.7,0.0,9.8,310,20,10.8,77,15.0,2026-02-04 07:07:00,2026-02-04 18:02:00,996.3
2026-02-05,21.3,10.6,0.0,11.9,291,3,9.8,72,15.3,2026-02-05 07:06:00,2026-02-05 18:03:00,994.8
2026-02-06,22.6,10.8,0.0,14.4,292,0,10.0,68,16.3,2026-02-06 07:06:00,2026-02-06 18:04:00,993.8
2026-02-07,23.6,12.5,0.0,15.1,288,14,11.2,68,17.5,2026-02-07 07:05:00,2026-02-07 18:05:00,991.6
2026-02-08,22.8,11.4,0.0,11.8,290,31,8.8,62,16.7,2026-02-08 07:04:00,2026-02-08 18:05:00,990.5
2026-02-09,24.0,10.5,0.0,8.3,151,52,8.7,61,17.0,2026-02-09 07:04:00,2026-02-09 18:06:00,990.3
2026-02-10,27.2,11.6,0.0,7.2,122,16,9.6,60,18.8,2026-02-10 07:03:00,2026-02-10 18:07:00,991.4
2026-02-11,27.1,14.6,0.0,11.6,315,4,11.0,58,20.5,2026-02-11 07:02:00,2026-02-11 18:08:00,993.9
2026-02-12,25.1,13.0,0.0,12.6,292,30,8.5,54,18.9,2026-02-12 07:01:00,2026-02-12 18:08:00,993.1
2026-02-13,25.5,12.7,0.0,9.7,279,86,8.3,53,19.0,2026-02-13 07:01:00,2026-02-13 18:09:00,991.1
2026-02-14,26.9,12.5,0.0,11.4,286,33,8.6,52,19.8,2026-02-14 07:00:00,2026-02-14 18:10:00,990.0
2026-02-15,28.1,13.5,0.0,12.3,281,0,9.5,53,20.8,2026-02-15 06:59:00,2026-02-15 18:11:00,989.2
2026-02-16,30.3,13.1,0.0,12.1,162,3,9.5,50,21.9,2026-02-16 06:58:00,2026-02-16 18:11:00,988.6
2026-02-17,29.2,15.9,0.0,12.5,129,2,11.1,54,21.9,2026-02-17 06:57:00,2026-02-17 18:12:00,989.8
2026-02-18,23.9,16.1,0.9,9.2,353,89,13.6,73,18.9,2026-02-18 06:56:00,2026-02-18 18:13:00,991.0
2026-02-19,26.3,13.9,0.0,7.6,322,16,12.7,67,19.8,2026-02-19 06:56:00,2026-02-19 18:14:00,992.3
2026-02-20,27.9,15.0,0.0,10.4,302,0,12.7,64,21.0,2026-02-20 06:55:00,2026-02-20 18:14:00,993.3
2026-02-21,27.2,14.8,0.0,11.0,283,0,12.6,62,20.8,2026-02-21 06:54:00,2026-02-21 18:15:00,988.7
2026-02-22,28.4,14.7,0.0,9.0,275,0,10.7,55,21.6,2026-02-22 06:53:00,2026-02-22 18:16:00,985.3
2026-02-23,29.4,14.8,0.0,11.7,291,2,10.5,53,22.3,2026-02-23 06:52:00,2026-02-23 18:16:00,985.4
2026-02-24,29.6,15.9,0.0,11.4,325,0,10.6,52,22.4,2026-02-24 06:51:00,2026-02-24 18:17:00,987.4
2026-02-25,29.0,14.9,0.0,11.1,291,0,8.5,48,22.2,2026-02-25 06:50:00,2026-02-25 18:18:00,988.3
2026-02-26,29.7,15.5,0.0,14.5,282,0,8.4,45,22.5,2026-02-26 06:49:00,2026-02-26 18:18:00,986.0
2026-02-27,30.8,16.0,0.0,11.1,277,4,8.1,42,23.7,2026-02-27 06:48:00,2026-02-27 18:19:00,983.6
2026-02-28,31.9,21.3,0.0,13.5,300,36,10.0,41,25.9,2026-02-28 06:47:00,2026-02-28 18:20:00,983.1
2026-03-01,30.6,17.2,0.0,16.8,291,1,10.1,46,23.9,2026-03-01 06:46:00,2026-03-01 18:20:00,984.6
2026-03-02,30.8,17.2,0.0,17.1,293,1,10.0,44,23.9,2026-03-02 06:45:00,2026-03-02 18:21:00,986.7
2026-03-03,31.4,17.7,0.0,18.5,290,0,9.8,41,24.6,2026-03-03 06:44:00,2026-03-03 18:22:00,987.1
2026-03-04,33.2,18.3,0.0,16.6,293,0,11.8,43,25.9,2026-03-04 06:43:00,2026-03-04 18:22:00,987.9
2026-03-05,34.0,20.9,0.0,16.7,297,0,14.1,47,27.2,2026-03-05 06:42:00,2026-03-05 18:23:00,985.5
2026-03-06,34.5,19.5,0.0,11.3,299,0,13.2,46,27.0,2026-03-06 06:41:00,2026-03-06 18:24:00,985.4
2026-03-07,35.3,20.1,0.0,9.3,211,0,15.2,53,27.6,2026-03-07 06:40:00,2026-03-07 18:24:00,987.2
2026-03-08,35.8,20.8,0.0,12.1,279,8,14.1,47,28.3,2026-03-08 06:38:00,2026-03-08 18:25:00,987.4
2026-03-09,35.5,20.7,0.0,11.7,298,35,15.4,49,28.0,2026-03-09 06:37:00,2026-03-09 18:25:00,987.5
2026-03-10,35.5,22.4,0.0,11.1,315,20,16.2,51,28.6,2026-03-10 06:36:00,2026-03-10 18:26:00,989.6
2026-03-11,36.3,20.5,0.0,16.9,280,28,10.7,39,28.7,2026-03-11 06:35:00,2026-03-11 18:27:00,987.7
2026-03-12,35.9,21.2,0.0,16.0,273,80,8.3,33,28.3,2026-03-12 06:34:00,2026-03-12 18:27:00,984.2
2026-03-13,32.5,21.7,0.0,14.0,302,83,12.6,44,27.0,2026-03-13 06:33:00,2026-03-13 18:28:00,984.6
2026-03-14,33.1,20.1,0.0,12.8,299,57,8.8,35,26.8,2026-03-14 06:32:00,2026-03-14 18:28:00,984.3
2026-03-15,27.3,18.2,2.6,14.8,96,47,13.2,56,23.1,2026-03-15 06:30:00,2026-03-15 18:29:00,984.9
2026-03-16,30.8,17.4,0.3,16.5,108,29,11.3,50,23.3,2026-03-16 06:29:00,2026-03-16 18:29:00,983.9
2026-03-17,31.5,17.4,0.0,10.7,344,58,12.2,50,24.2,2026-03-17 06:28:00,2026-03-17 18:30:00,984.5
2026-03-18,32.2,19.3,3.7,14.5,345,67,14.0,57,24.1,2026-03-18 06:27:00,2026-03-18 18:31:00,986.6
2026-03-19,27.1,18.3,3.4,16.6,355,83,15.1,66,22.1,2026-03-19 06:26:00,2026-03-19 18:31:00,987.4
2026-03-20,20.6,16.4,2.8,11.4,320,73,15.5,86,18.0,2026-03-20 06:25:00,2026-03-20 18:32:00,986.6
2026-03-21,25.5,14.8,0.0,9.6,310,71,15.0,77,19.7,2026-03-21 06:24:00,2026-03-21 18:32:00,988.4
2026-03-22,27.1,16.2,0.0,12.0,301,26,14.6,66,21.7,2026-03-22 06:22:00,2026-03-22 18:33:00,988.1
2026-03-23,26.9,17.9,9.6,13.4,317,59,15.9,70,21.9,2026-03-23 06:21:00,2026-03-23 18:33:00,987.2
2026-03-24,29.7,18.1,0.0,12.1,300,8,15.3,64,23.5,2026-03-24 06:20:00,2026-03-24 18:34:00,986.1
2026-03-25,31.5,17.7,0.0,12.0,291,37,12.6,50,24.9,2026-03-25 06:19:00,2026-03-25 18:35:00,985.6
2026-03-26,34.8,21.0,0.0,14.7,302,66,12.7,43,27.7,2026-03-26 06:18:00,2026-03-26 18:35:00,987.2
2026-03-27,29.3,22.1,0.6,12.6,332,46,13.8,49,25.7,2026-03-27 06:17:00,2026-03-27 18:36:00,984.4
2026-03-28,33.0,20.8,0.0,11.0,281,53,12.7,44,27.1,2026-03-28 06:16:00,2026-03-28 18:36:00,981.4
2026-03-29,35.0,22.8,0.0,13.3,120,62,15.3,47,28.1,2026-03-29 06:14:00,2026-03-29 18:37:00,981.7
2026-03-30,34.7,21.7,0.2,21.8,277,93,14.7,50,26.9,2026-03-30 06:13:00,2026-03-30 18:37:00,984.0
2026-03-31,35.0,21.3,0.3,13.0,313,74,14.6,54,26.2,2026-03-31 06:12:00,2026-03-31 18:38:00,985.6
2026-04-01,33.1,19.6,0.0,8.2,45,65,14.3,51,26.4,2026-04-01 06:11:00,2026-04-01 18:38:00,985.9
2026-04-02,34.3,21.7,0.0,13.6,95,56,14.9,47,28.3,2026-04-02 06:10:00,2026-04-02 18:39:00,985.0
2026-04-03,32.1,22.3,0.4,15.5,284,92,15.5,54,25.8,2026-04-03 06:09:00,2026-04-03 18:40:00,985.5
2026-04-04,30.3,21.2,2.3,9.1,309,94,16.7,64,24.5,2026-04-04 06:07:00,2026-04-04 18:40:00,985.3
2026-04-05,29.3,19.8,0.9,13.6,306,28,14.4,57,24.3,2026-04-05 06:06:00,2026-04-05 18:41:00,984.1
2026-04-06,31.7,20.8,0.0,17.7,268,12,9.7,39,25.9,2026-04-06 06:05:00,2026-04-06 18:41:00,984.5
2026-04-07,28.8,18.0,8.4,15.5,109,72,13.0,57,22.7,2026-04-07 06:04:00,2026-04-07 18:42:00,983.6
2026-04-08,25.5,17.0,4.1,11.9,112,41,15.0,73,20.4,2026-04-08 06:03:00,2026-04-08 18:42:00,983.9
2026-04-09,28.7,16.1,0.0,12.4,39,8,13.0,61,22.6,2026-04-09 06:02:00,2026-04-09 18:43:00,988.2
2026-04-10,31.2,17.8,0.0,19.9,301,0,9.5,43,24.8,2026-04-10 06:01:00,2026-04-10 18:43:00,988.4
2026-04-11,32.9,21.7,0.0,14.3,315,29,9.4,33,27.6,2026-04-11 06:00:00,2026-04-11 18:44:00,986.2
2026-04-12,34.2,23.0,0.0,16.2,316,4,8.5,31,28.6,2026-04-12 05:59:00,2026-04-12 18:45:00,983.7
2026-04-13,34.6,21.8,0.0,14.9,295,18,6.8,28,28.6,2026-04-13 05:58:00,2026-04-13 18:45:00,984.5
2026-04-14,37.5,23.0,0.0,12.6,306,6,6.9,25,30.7,2026-04-14 05:56:00,2026-04-14 18:46:00,983.5
2026-04-15,38.7,23.7,0.0,14.7,306,4,5.3,22,31.7,2026-04-15 05:55:00,2026-04-15 18:46:00,981.0
2026-04-16,39.9,26.2,0.0,14.3,317,51,6.6,22,33.0,2026-04-16 05:54:00,2026-04-16 18:47:00,981.8
2026-04-17,40.2,26.3,0.0,14.8,159,68,8.7,25,32.5,2026-04-17 05:53:00,2026-04-17 18:47:00,983.6
2026-04-18,40.2,25.0,0.0,11.4,290,40,10.2,29,32.7,2026-04-18 05:52:00,2026-04-18 18:48:00,982.7
2026-04-19,40.1,26.0,0.0,18.1,287,64,7.4,22,33.5,2026-04-19 05:51:00,2026-04-19 18:49:00,981.4
2026-04-20,39.6,26.7,0.0,16.5,297,9,6.8,22,33.0,2026-04-20 05:50:00,2026-04-20 18:49:00,981.3
2026-04-21,38.6,26.0,0.0,18.9,286,3,4.7,18,32.8,2026-04-21 05:49:00,2026-04-21 18:50:00,980.9
2026-04-22,40.3,26.0,0.0,16.7,287,11,7.0,21,33.5,2026-04-22 05:48:00,2026-04-22 18:50:00,980.4
2026-04-23,41.2,27.9,0.0,12.6,262,0,5.8,18,34.2,2026-04-23 05:47:00,2026-04-23 18:51:00,981.1
2026-04-24,42.0,27.5,0.0,12.6,275,19,9.2,23,34.8,2026-04-24 05:46:00,2026-04-24 18:51:00,980.5
2026-04-25,42.3,29.1,0.0,17.9,301,40,9.9,23,35.7,2026-04-25 05:45:00,2026-04-25 18:52:00,981.9
2026-04-26,41.6,28.8,0.0,20.7,299,32,10.7,23,35.5,2026-04-26 05:44:00,2026-04-26 18:53:00,979.9
2026-04-27,42.2,28.6,0.0,21.6,291,56,9.4,22,35.6,2026-04-27 05:44:00,2026-04-27 18:53:00,977.5
2026-04-28,37.1,29.7,0.0,12.4,320,57,13.7,31,33.2,2026-04-28 05:43:00,2026-04-28 18:54:00,978.3
2026-04-29,37.1,27.0,0.0,11.5,76,48,14.3,37,31.9,2026-04-29 05:42:00,2026-04-29 18:54:00,978.0
2026-04-30,37.7,25.4,0.9,15.1,121,21,14.9,41,30.8,2026-04-30 05:41:00,2026-04-30 18:55:00,979.0
2026-05-01,36.6,23.1,0.0,12.3,118,9,16.7,49,29.2,2026-05-01 05:40:00,2026-05-01 18:56:00,979.5
2026-05-02,36.1,26.3,2.3,14.5,125,19,16.5,42,31.4,2026-05-02 05:39:00,2026-05-02 18:56:00,977.7
2026-05-03,34.8,25.8,0.0,15.9,111,28,16.9,44,30.6,2026-05-03 05:38:00,2026-05-03 18:57:00,978.5
2026-05-04,29.8,21.0,5.5,20.2,83,52,17.9,65,25.5,2026-05-04 05:38:00,2026-05-04 18:57:00,982.2
2026-05-05,30.5,22.6,1.3,14.2,90,40,18.6,66,26.0,2026-05-05 05:37:00,2026-05-05 18:58:00,985.0
2026-05-06,34.7,21.9,0.0,10.9,2,9,14.5,48,28.6,2026-05-06 05:36:00,2026-05-06 18:59:00,983.0
2026-05-07,30.5,23.0,0.1,19.2,112,28,15.6,50,27.1,2026-05-07 05:35:00,2026-05-07 18:59:00,983.3
2026-05-08,34.4,22.1,0.4,14.5,103,12,16.9,54,28.2,2026-05-08 05:35:00,2026-05-08 19:00:00,983.9
2026-05-09,35.5,24.8,0.0,11.9,93,7,16.6,46,30.3,2026-05-09 05:34:00,2026-05-09 19:01:00,983.8
2026-05-10,37.3,26.3,0.0,12.2,114,19,16.6,43,31.5,2026-05-10 05:33:00,2026-05-10 19:01:00,983.2
2026-05-11,37.7,27.3,0.0,10.0,115,45,17.2,41,32.5,2026-05-11 05:33:00,2026-05-11 19:02:00,982.8
2026-05-12,38.8,27.9,7.0,17.3,114,54,18.4,45,32.4,2026-05-12 05:32:00,2026-05-12 19:02:00,980.1
2026-05-13,39.1,26.7,0.3,11.7,111,22,19.1,47,32.7,2026-05-13 05:31:00,2026-05-13 19:03:00,978.2
2026-05-14,39.4,25.9,0.2,15.4,180,47,16.3,40,33.3,2026-05-14 05:31:00,2026-05-14 19:04:00,977.3
2026-05-15,40.0,28.6,0.0,16.8,308,23,13.5,31,34.4,2026-05-15 05:30:00,2026-05-15 19:04:00,978.1
2026-05-16,40.4,29.0,0.0,17.1,314,4,12.7,29,35.0,2026-05-16 05:30:00,2026-05-16 19:05:00,978.9
2026-05-17,41.3,29.9,0.1,21.5,302,4,13.1,26,36.2,2026-05-17 05:29:00,2026-05-17 19:05:00,978.2
2026-05-18,43.3,30.0,0.0,18.6,293,3,13.1,25,37.1,2026-05-18 05:28:00,2026-05-18 19:06:00,976.4
2026-05-19,44.4,31.1,0.0,16.1,283,0,8.9,18,38.2,2026-05-19 05:28:00,2026-05-19 19:07:00,977.3
2026-05-20,43.6,32.1,0.0,11.6,270,4,10.7,20,37.9,2026-05-20 05:27:00,2026-05-20 19:07:00,976.5
2026-05-21,42.8,33.2,0.0,18.8,270,7,11.7,22,37.8,2026-05-21 05:27:00,2026-05-21 19:08:00,976.9
2026-05-22,42.0,32.0,0.0,14.3,291,3,9.7,19,37.3,2026-05-22 05:27:00,2026-05-22 19:08:00,979.4
2026-05-23,41.3,31.6,0.0,18.1,298,7,11.1,22,36.7,2026-05-23 05:26:00,2026-05-23 19:09:00,979.5
2026-05-24,42.3,30.0,0.0,16.8,281,6,10.6,22,36.8,2026-05-24 05:26:00,2026-05-24 19:09:00,978.6
2026-05-25,43.0,32.8,0.0,16.5,277,11,10.0,19,37.9,2026-05-25 05:25:00,2026-05-25 19:10:00,977.2
2026-05-26,42.6,31.8,0.0,19.5,301,2,7.2,17,37.5,2026-05-26 05:25:00,2026-05-26 19:11:00,978.5
2026-05-27,43.4,31.4,0.0,19.1,298,0,8.0,17,37.9,2026-05-27 05:25:00,2026-05-27 19:11:00,978.1
2026-05-28,40.4,28.7,3.2,18.6,125,30,17.6,39,34.1,2026-05-28 05:24:00,2026-05-28 19:12:00,978.1
2026-05-29,33.8,26.0,1.0,15.5,126,31,20.1,56,30.1,2026-05-29 05:24:00,2026-05-29 19:12:00,980.0
2026-05-30,35.5,24.0,4.7,13.6,125,44,19.7,64,27.9,2026-05-30 05:24:00,2026-05-30 19:13:00,981.7
2026-05-31,33.1,23.3,0.8,12.9,119,29,19.5,64,27.5,2026-05-31 05:24:00,2026-05-31 19:13:00,983.0
2026-06-01,33.1,24.6,1.1,13.1,99,31,19.9,62,28.6,2026-06-01 05:23:00,2026-06-01 19:14:00,982.9
2026-06-02,36.5,24.4,1.0,10.8,127,22,18.9,52,30.7,2026-06-02 05:23:00,2026-06-02 19:14:00,981.9
2026-06-03,38.5,29.1,0.7,11.1,88,12,18.9,43,33.8,2026-06-03 05:23:00,2026-06-03 19:15:00,978.6
2026-06-04,39.5,28.1,0.6,14.8,220,38,18.0,44,32.9,2026-06-04 05:23:00,2026-06-04 19:15:00,976.8
2026-06-05,34.7,25.1,2.1,13.9,5,61,20.2,57,30.3,2026-06-05 05:23:00,2026-06-05 19:16:00,978.1
2026-06-06,40.3,28.5,0.0,12.5,240,11,18.8,44,34.1,2026-06-06 05:23:00,2026-06-06 19:16:00,978.1
2026-06-07,40.4,28.9,0.4,20.9,271,16,18.5,43,33.4,2026-06-07 05:23:00,2026-06-07 19:17:00,978.1
2026-06-08,42.1,29.9,0.0,17.6,281,7,15.0,31,36.5,2026-06-08 05:23:00,2026-06-08 19:17:00,975.9
2026-06-09,43.0,31.6,0.0,18.7,276,6,14.5,28,37.4,2026-06-09 05:22:00,2026-06-09 19:18:00,974.4
2026-06-10,43.6,31.3,0.4,14.8,258,14,15.2,28,37.9,2026-06-10 05:22:00,2026-06-10 19:18:00,974.2
2026-06-11,36.8,27.4,0.2,19.8,123,16,20.4,47,33.8,2026-06-11 05:22:00,2026-06-11 19:18:00,975.2
2026-06-12,32.6,23.3,8.1,19.6,97,36,22.3,75,27.4,2026-06-12 05:22:00,2026-06-12 19:19:00,980.3
2026-06-13,33.7,24.8,0.7,8.3,127,46,21.8,68,28.7,2026-06-13 05:22:00,2026-06-13 19:19:00,980.6
2026-06-14,36.8,26.0,0.5,10.8,267,16,21.9,60,31.3,2026-06-14 05:23:00,2026-06-14 19:19:00,978.2
2026-06-15,36.3,26.5,1.3,18.8,287,52,19.8,54,30.3,2026-06-15 05:23:00,2026-06-15 19:20:00,978.7
2026-06-16,32.3,25.2,0.6,17.5,264,58,20.6,64,28.2,2026-06-16 05:23:00,2026-06-16 19:20:00,980.3
2026-06-17,37.3,24.7,0.0,11.6,279,7,19.8,53,31.4,2026-06-17 05:23:00,2026-06-17 19:20:00,980.0
2026-06-18,39.4,29.5,0.1,15.3,290,22,18.9,42,34.6,2026-06-18 05:23:00,2026-06-18 19:21:00,979.0
2026-06-19,38.1,28.2,0.0,13.5,286,25,18.4,41,33.9,2026-06-19 05:23:00,2026-06-19 19:21:00,979.2
2026-06-20,38.1,30.7,0.5,14.9,280,15,19.3,42,34.3,2026-06-20 05:23:00,2026-06-20 19:21:00,979.2
2026-06-21,38.5,30.1,0.0,13.0,272,43,17.9,39,34.1,2026-06-21 05:24:00,2026-06-21 19:21:00,978.0
2026-06-22,36.7,28.5,0.4,14.8,292,45,17.6,41,33.1,2026-06-22 05:24:00,2026-06-22 19:22:00,978.3
2026-06-23,38.7,30.3,1.4,17.8,274,26,18.7,43,33.4,2026-06-23 05:24:00,2026-06-23 19:22:00,976.7
2026-06-24,38.1,28.6,0.6,21.3,237,31,19.2,47,32.5,2026-06-24 05:24:00,2026-06-24 19:22:00,976.7
2026-06-25,39.0,30.2,0.8,10.9,225,24,19.8,44,34.5,2026-06-25 05:25:00,2026-06-25 19:22:00,977.9
2026-06-26,40.7,29.8,1.2,7.4,249,28,20.5,44,35.0,2026-06-26 05:25:00,2026-06-26 19:22:00,978.7
2026-06-27,40.1,26.8,1.0,12.8,263,16,21.1,46,35.5,2026-06-27 05:25:00,2026-06-27 19:22:00,977.4
2026-06-28,41.9,29.5,1.0,14.3,276,19,21.4,43,36.7,2026-06-28 05:26:00,2026-06-28 19:22:00,975.1
2026-06-29,41.7,32.1,1.4,13.7,263,15,20.7,40,37.1,2026-06-29 05:26:00,2026-06-29 19:23:00,974.1
2026-06-30,39.5,28.9,4.4,14.4,191,71,23.0,54,34.2,2026-06-30 05:26:00,2026-06-30 19:23:00,974.7
2026-07-01,32.7,26.9,1.8,13.8,112,85,24.9,74,30.2,2026-07-01 05:27:00,2026-07-01 19:23:00,976.3
2026-07-02,31.5,25.9,6.8,7.4,69,84,24.5,78,28.9,2026-07-02 05:27:00,2026-07-02 19:23:00,976.9
2026-07-03,34.5,27.0,0.5,7.9,125,84,24.8,71,31.1,2026-07-03 05:27:00,2026-07-03 19:23:00,976.5
2026-07-04,36.5,29.2,1.4,6.8,97,98,25.6,69,32.2,2026-07-04 05:28:00,2026-07-04 19:22:00,975.0
2026-07-05,34.5,28.8,3.7,8.8,90,91,26.4,76,31.3,2026-07-05 05:28:00,2026-07-05 19:22:00,974.3
2026-07-06,36.7,26.8,0.5,7.3,115,57,25.8,71,32.1,2026-07-06 05:29:00,2026-07-06 19:22:00,974.6
2026-07-07,32.8,26.5,8.4,9.8,104,88,26.4,85,29.4,2026-07-07 05:29:00,2026-07-07 19:22:00,974.2
2026-07-08,29.3,26.1,11.8,10.8,36,100,25.6,91,27.2,2026-07-08 05:30:00,2026-07-08 19:22:00,973.5
2026-07-09,29.2,25.0,99.8,18.9,343,99,24.7,91,26.4,2026-07-09 05:30:00,2026-07-09 19:22:00,973.8
2026-07-10,33.0,25.5,0.6,11.5,313,63,25.5,81,29.3,2026-07-10 05:30:00,2026-07-10 19:22:00,975.0
2026-07-11,34.3,27.4,0.3,11.8,265,48,25.8,76,30.8,2026-07-11 05:31:00,2026-07-11 19:22:00,974.0
2026-07-12,35.0,28.7,1.5,12.3,265,33,25.3,69,31.8,2026-07-12 05:31:00,2026-07-12 19:21:00,972.4
2026-07-13,35.8,28.4,0.1,13.7,266,47,24.2,64,32.1,2026-07-13 05:32:00,2026-07-13 19:21:00,973.8
2026-07-14,36.2,26.1,2.3,19.6,256,53,24.2,70,30.8,2026-07-14 05:32:00,2026-07-14 19:21:00,975.7
2026-07-15,36.3,25.4,3.4,9.7,227,45,23.6,67,31.0,2026-07-15 05:33:00,2026-07-15 19:20:00,977.4
2026-07-16,37.3,29.8,0.0,12.6,288,41,22.6,53,33.9,2026-07-16 05:34:00,2026-07-16 19:20:00,977.7
2026-07-17,37.4,30.7,0.3,12.1,283,81,23.3,55,34.1,2026-07-17 05:34:00,2026-07-17 19:20:00,977.1
2026-07-18,36.3,31.0,0.0,14.9,274,92,23.0,54,33.6,2026-07-18 05:35:00,2026-07-18 19:19:00,976.7
2026-07-19,36.6,29.8,3.7,11.2,206,98,24.8,65,32.6,2026-07-19 05:35:00,2026-07-19 19:19:00,977.1
2026-07-20,31.7,26.5,31.9,11.5,182,98,26.2,87,28.7,2026-07-20 05:36:00,2026-07-20 19:19:00,977.8
2026-07-21,29.9,25.7,14.7,12.2,94,99,25.5,90,27.4,2026-07-21 05:36:00,2026-07-21 19:18:00,977.7
2026-07-22,31.8,25.8,5.7,16.5,104,79,25.2,83,28.5,2026-07-22 05:37:00,2026-07-22 19:18:00,977.0
2026-07-23,32.2,26.1,9.8,15.0,104,52,25.0,81,28.8,2026-07-23 05:37:00,2026-07-23 19:17:00,975.6
2026-07-24,31.0,25.8,8.5,14.7,103,78,25.5,84,28.5,2026-07-24 05:38:00,2026-07-24 19:17:00,975.3
2026-07-25,32.3,27.4,2.3,12.6,111,68,25.2,80,29.2,2026-07-25 05:38:00,2026-07-25 19:16:00,977.3
2026-07-26,33.7,27.3,1.4,9.6,105,80,26.2,79,30.6,2026-07-26 05:39:00,2026-07-26 19:16:00,977.2
2026-07-27,35.3,29.2,0.6,11.6,183,73,26.0,73,31.6,2026-07-27 05:39:00,2026-07-27 19:15:00,974.7
2026-07-28,31.0,26.1,19.5,13.3,137,94,26.1,90,27.9,2026-07-28 05:40:00,2026-07-28 19:14:00,975.0
2026-07-29,32.5,26.3,5.6,7.0,121,79,26.2,84,29.3,2026-07-29 05:41:00,2026-07-29 19:14:00,975.7
2026-07-30,33.2,25.5,10.8,13.0,105,80,25.9,82,29.6,2026-07-30 05:41:00,2026-07-30 19:13:00,975.2
2026-07-31,32.5,27.9,4.9,14.4,98,96,25.4,79,29.6,2026-07-31 05:42:00,2026-07-31 19:13:00,975.5
